customer_id,open_date,account_type,balance,credit_score,job_sector
CUST_10000,2025-04-13,Checking,29519.13,648.0,Finance
CUST_10001,2025-06-29,Savings,37883.04,,Finance
CUST_10002,2025-04-03,Checking,0.0,456.0,Unknown
CUST_10003,2025-01-15,Savings,19551.02,380.0,Tech
CUST_10004,2025-04-17,Savings,36719.0,507.0,Education
CUST_10005,2025-03-13,Savings,19941.84,385.0,Tech
CUST_10006,2025-01-21,Checking,15759.85,746.0,Tech
CUST_10007,2025-04-13,Checking,0.0,476.0,Finance
CUST_10008,2025-05-02,Savings,0.0,810.0,Education
CUST_10009,2025-03-16,Checking,0.0,438.0,Finance
CUST_10010,2025-03-29,Savings,25807.86,401.0,Unknown
CUST_10011,2025-04-27,Checking,0.0,772.0,Unemployed
CUST_10012,2025-04-10,Checking,3719.38,841.0,Tech
CUST_10013,2025-04-14,Checking,17604.13,493.0,Education
CUST_10014,2025-06-01,Credit Card,0.0,785.0,Unemployed
CUST_10015,2025-05-11,Savings,9186.35,613.0,Unemployed
CUST_10016,2025-05-30,Credit Card,7231.6,546.0,Unemployed
CUST_10017,2025-02-22,Checking,18156.65,737.0,Unknown
CUST_10018,2025-01-02,Checking,14882.74,372.0,Finance
CUST_10019,2025-03-29,Checking,14409.38,368.0,NA
CUST_10020,2025-06-07,Savings,8011.78,451.0,Unemployed
CUST_10021,2025-02-07,Checking,0.0,393.0,Healthcare
CUST_10022,2025-05-10,Checking,7094.93,734.0,Retail
CUST_10023,2025-01-21,Savings,5829.56,730.0,Retail
CUST_10024,2025-06-10,Savings,16498.17,756.0,Education
CUST_10025,2025-02-27,Savings,0.0,729.0,Retail
CUST_10026,2025-01-22,Investment,5626.99,528.0,Unknown
CUST_10027,2025-03-30,Checking,6100.41,329.0,Education
CUST_10028,2025-02-18,Savings,0.0,634.0,Tech
CUST_10029,2025-02-28,Savings,0.0,476.0,Healthcare
CUST_10030,2025-06-19,Checking,10738.11,708.0,Education
CUST_10031,2025-01-15,Credit Card,20116.45,536.0,Unknown
CUST_10032,2025-06-24,Savings,0.0,577.0,Unknown
CUST_10033,2025-02-20,Savings,1733.49,376.0,Tech
CUST_10034,2025-04-18,Credit Card,17443.24,839.0,Healthcare
CUST_10035,2025-02-24,Savings,18900.63,457.0,Finance
CUST_10036,2025-03-05,Savings,8471.38,466.0,Tech
CUST_10037,2025-05-11,Investment,11213.02,484.0,Finance
CUST_10038,2025-02-20,Checking,12980.75,688.0,Retail
CUST_10039,2025-05-15,Savings,15665.51,311.0,Unknown
CUST_10040,2025-01-21,Savings,0.0,468.0,NA
CUST_10041,2025-03-14,Savings,33758.16,725.0,Healthcare
CUST_10042,2025-06-16,Savings,9110.06,748.0,Unknown
CUST_10043,2025-01-18,Credit Card,15947.48,793.0,Retail
CUST_10044,2025-05-12,Checking,0.0,748.0,Tech
CUST_10045,2025-03-30,Credit Card,2211.49,405.0,Unknown
CUST_10046,2025-03-01,Investment,10654.76,726.0,Retail
CUST_10047,2025-01-14,Checking,0.0,397.0,Finance
CUST_10048,2025-01-09,Savings,0.0,525.0,Unknown
CUST_10049,2025-03-31,Checking,0.0,746.0,NA
CUST_10050,2025-02-22,Investment,0.0,775.0,Unemployed
CUST_10051,2025-05-10,Credit Card,6591.24,502.0,Education
CUST_10052,2025-03-25,Savings,3888.76,596.0,Retail
CUST_10053,2025-04-02,Checking,26355.61,315.0,Unemployed
CUST_10054,2025-04-21,Checking,0.0,677.0,Healthcare
CUST_10055,2025-06-21,Investment,8521.23,635.0,Finance
CUST_10056,2025-01-08,Savings,0.0,319.0,Tech
CUST_10057,2025-06-24,Checking,0.0,739.0,Retail
CUST_10058,2025-02-04,Credit Card,13817.06,543.0,Healthcare
CUST_10059,2025-03-22,Checking,15058.98,543.0,Healthcare
CUST_10060,2025-06-13,Checking,13281.78,691.0,Unknown
CUST_10061,2025-02-19,Savings,0.0,561.0,Healthcare
CUST_10062,2025-04-14,Savings,6253.81,519.0,Healthcare
CUST_10063,2025-05-12,Savings,13960.41,307.0,Unemployed
CUST_10064,2025-01-02,Investment,19282.4,745.0,Finance
CUST_10065,2025-05-14,Savings,14424.42,313.0,Education
CUST_10066,2025-02-23,Checking,19477.01,686.0,Retail
CUST_10067,2025-04-16,Checking,21010.7,321.0,Finance
CUST_10068,2025-01-04,Savings,6572.98,524.0,Unknown
CUST_10069,2025-02-23,Checking,12477.95,534.0,Education
CUST_10070,2025-05-26,Credit Card,19995.16,640.0,Healthcare
CUST_10071,2025-02-13,Credit Card,10851.88,433.0,Tech
CUST_10072,2025-06-11,Checking,22984.96,477.0,Healthcare
CUST_10073,2025-01-14,Checking,18117.44,819.0,Education
CUST_10074,2025-04-05,Savings,0.0,838.0,Education
CUST_10075,2025-02-17,Investment,0.0,736.0,Tech
CUST_10076,2025-01-15,Savings,5289.61,350.0,Unemployed
CUST_10077,2025-02-09,Credit Card,0.0,742.0,Finance
CUST_10078,2025-03-23,Savings,6246.89,580.0,Unemployed
CUST_10079,2025-04-21,Investment,4888.96,343.0,Tech
CUST_10080,2025-02-22,Credit Card,24513.67,664.0,Healthcare
CUST_10081,2025-01-24,Credit Card,12575.94,568.0,Retail
CUST_10082,2025-06-03,Savings,19669.03,592.0,Finance
CUST_10083,2025-05-04,Checking,0.0,493.0,Retail
CUST_10084,2025-02-10,Checking,27945.02,670.0,Unknown
CUST_10085,2025-06-06,Credit Card,18404.72,377.0,Retail
CUST_10086,2025-01-15,Savings,11411.57,488.0,Finance
CUST_10087,2025-02-14,Investment,0.0,689.0,Healthcare
CUST_10088,2025-03-06,Credit Card,22681.1,,Unemployed
CUST_10089,2025-03-30,Savings,31600.03,601.0,Unknown
CUST_10090,2025-03-12,Credit Card,5169.29,657.0,Education
CUST_10091,2025-01-09,Checking,5476.23,393.0,Healthcare
CUST_10092,2025-03-29,Checking,0.0,635.0,Unemployed
CUST_10093,2025-05-09,Savings,0.0,463.0,Education
CUST_10094,2025-05-16,Checking,0.0,640.0,Education
CUST_10095,2025-03-04,Credit Card,29891.29,371.0,Finance
CUST_10096,2025-05-19,Checking,21185.17,341.0,Finance
CUST_10097,2025-03-22,Checking,0.0,710.0,Tech
CUST_10098,2025-05-16,Checking,0.0,320.0,Unemployed
CUST_10099,2025-06-12,Credit Card,37026.23,300.0,Unknown
CUST_10100,2025-06-12,Savings,0.0,375.0,Retail
CUST_10101,2025-02-02,Credit Card,0.0,697.0,Retail
CUST_10102,2025-05-03,Checking,0.0,387.0,Retail
CUST_10103,2025-01-05,Savings,0.0,316.0,Retail
CUST_10104,2025-02-10,Savings,0.0,628.0,Tech
CUST_10105,2025-01-28,Checking,0.0,509.0,Education
CUST_10106,2025-05-15,Credit Card,0.0,682.0,Tech
CUST_10107,2025-03-13,Savings,24919.57,445.0,Unemployed
CUST_10108,2025-01-12,Credit Card,0.0,752.0,Unknown
CUST_10109,2025-06-11,Savings,2871.11,692.0,Finance
CUST_10110,2025-02-02,Checking,0.0,609.0,Healthcare
CUST_10111,2025-02-17,Investment,1850.39,791.0,Education
CUST_10112,2025-05-31,Credit Card,0.0,729.0,Education
CUST_10113,2025-03-03,Savings,6138.42,300.0,Tech
CUST_10114,2025-02-06,Checking,9821.95,340.0,Finance
CUST_10115,2025-04-09,Savings,26032.73,511.0,Finance
CUST_10116,2025-06-21,Checking,0.0,632.0,Unemployed
CUST_10117,2025-04-14,Credit Card,29267.4,745.0,Unknown
CUST_10118,2025-02-04,Credit Card,0.0,,Education
CUST_10119,2025-04-11,Savings,1429.71,453.0,Tech
CUST_10120,2025-06-24,Investment,31471.1,822.0,Retail
CUST_10121,2025-05-11,Checking,48544.12,324.0,Education
CUST_10122,2025-01-01,Savings,30289.05,324.0,Retail
CUST_10123,2025-01-05,Checking,1646.12,405.0,Healthcare
CUST_10124,2025-05-22,Checking,12723.13,418.0,Finance
CUST_10125,2025-04-13,Checking,15239.55,407.0,Education
CUST_10126,2025-01-27,Checking,10181.36,629.0,Healthcare
CUST_10127,2025-05-17,Checking,0.0,479.0,Retail
CUST_10128,2025-01-15,Savings,8518.74,430.0,Education
CUST_10129,2025-03-31,Credit Card,0.0,467.0,Healthcare
CUST_10130,2025-02-11,Checking,0.0,522.0,Education
CUST_10131,2025-05-04,Savings,329.46,768.0,Healthcare
CUST_10132,2025-06-28,Credit Card,9729.97,577.0,Healthcare
CUST_10133,2025-03-04,Investment,20020.75,489.0,Retail
CUST_10134,2025-04-06,Investment,1191.08,830.0,Finance
CUST_10135,2025-02-21,Savings,3820.85,825.0,Tech
CUST_10136,2025-04-06,Savings,17058.94,489.0,Healthcare
CUST_10137,2025-05-12,Checking,6063.08,517.0,Finance
CUST_10138,2025-05-31,Savings,10723.27,598.0,Unemployed
CUST_10139,2025-05-23,Investment,6169.53,610.0,Tech
CUST_10140,2025-06-20,Savings,8040.98,535.0,Retail
CUST_10141,2025-01-29,Savings,0.0,467.0,Education
CUST_10142,2025-02-05,Checking,6834.9,492.0,Finance
CUST_10143,2025-01-13,Savings,26417.94,541.0,Unknown
CUST_10144,2025-06-09,Credit Card,7534.87,461.0,Education
CUST_10145,2025-03-12,Checking,0.0,638.0,Education
CUST_10146,2025-03-27,Savings,27147.95,754.0,Tech
CUST_10147,2025-01-28,Savings,15820.58,434.0,Unemployed
CUST_10148,2025-03-07,Checking,16514.42,492.0,Finance
CUST_10149,2025-06-19,Savings,16107.83,701.0,Healthcare
CUST_10150,2025-02-14,Checking,0.0,691.0,Unemployed
CUST_10151,2025-03-03,Checking,14717.07,341.0,Tech
CUST_10152,2025-05-14,Credit Card,25769.46,392.0,Finance
CUST_10153,2025-01-28,Investment,0.0,514.0,Healthcare
CUST_10154,2025-01-28,Investment,0.0,648.0,Unknown
CUST_10155,2025-04-18,Investment,10483.57,812.0,Unknown
CUST_10156,2025-02-13,Savings,5491.21,634.0,Education
CUST_10157,2025-03-25,Savings,0.0,698.0,Retail
CUST_10158,2025-01-30,Savings,14080.68,463.0,Retail
CUST_10159,2025-03-16,Credit Card,12954.39,405.0,Tech
CUST_10160,2025-05-08,Investment,0.0,531.0,Unemployed
CUST_10161,2025-04-02,Credit Card,33339.61,832.0,Unknown
CUST_10162,2025-05-09,Savings,16266.82,476.0,Healthcare
CUST_10163,2025-05-01,Investment,0.0,593.0,Healthcare
CUST_10164,2025-01-27,Checking,17282.96,,Retail
CUST_10165,2025-05-01,Savings,16847.39,819.0,Healthcare
CUST_10166,2025-04-26,Checking,26225.12,569.0,Finance
CUST_10167,2025-01-03,Savings,0.0,511.0,Finance
CUST_10168,2025-04-13,Checking,17499.55,462.0,Retail
CUST_10169,2025-06-04,Savings,1450.22,352.0,Education
CUST_10170,2025-05-17,Checking,0.0,532.0,Education
CUST_10171,2025-03-03,Checking,0.0,737.0,Education
CUST_10172,2025-06-14,Credit Card,0.0,817.0,Retail
CUST_10173,2025-02-20,Checking,13106.36,343.0,Tech
CUST_10174,2025-06-21,Checking,904.26,815.0,Unknown
CUST_10175,2025-06-01,Credit Card,0.0,391.0,Unknown
CUST_10176,2025-02-28,Investment,6130.33,737.0,Healthcare
CUST_10177,2025-04-28,Savings,22367.7,636.0,Finance
CUST_10178,2025-06-09,Checking,0.0,593.0,Unemployed
CUST_10179,2025-04-06,Savings,0.0,563.0,Unknown
CUST_10180,2025-06-29,Savings,11613.83,,Finance
CUST_10181,2025-04-23,Checking,0.0,523.0,Unemployed
CUST_10182,2025-03-03,Credit Card,0.0,718.0,Tech
CUST_10183,2025-02-21,Savings,10199.1,414.0,Healthcare
CUST_10184,2025-01-12,Credit Card,0.0,534.0,Education
CUST_10185,2025-02-08,Credit Card,0.0,573.0,Unemployed
CUST_10186,2025-05-10,Investment,0.0,529.0,Finance
CUST_10187,2025-05-11,Savings,0.0,333.0,Unknown
CUST_10188,2025-04-23,Investment,0.0,687.0,Unknown
CUST_10189,2025-04-11,Savings,20849.93,800.0,Education
CUST_10190,2025-04-23,Checking,40428.36,761.0,Education
CUST_10191,2025-03-22,Savings,5542.74,748.0,Retail
CUST_10192,2025-04-23,Savings,16523.73,513.0,Retail
CUST_10193,2025-01-02,Credit Card,0.0,345.0,Healthcare
CUST_10194,2025-05-10,Checking,0.0,704.0,Finance
CUST_10195,2025-02-23,Savings,32774.14,632.0,Retail
CUST_10196,2025-03-28,Savings,0.0,539.0,Healthcare
CUST_10197,2025-05-09,Checking,15780.62,553.0,Tech
CUST_10198,2025-05-27,Savings,7376.92,527.0,Education
CUST_10199,2025-05-06,Credit Card,19918.86,465.0,Finance
CUST_10200,2025-05-10,Savings,19311.46,810.0,NA
CUST_10201,2025-02-22,Savings,9165.88,689.0,Healthcare
CUST_10202,2025-06-21,Savings,10816.72,722.0,Retail
CUST_10203,2025-06-09,Checking,23188.77,710.0,Education
CUST_10204,2025-06-09,Savings,0.0,746.0,Education
CUST_10205,2025-03-09,Savings,28334.22,702.0,Finance
CUST_10206,2025-05-03,Investment,0.0,396.0,Finance
CUST_10207,2025-05-25,Checking,6148.7,678.0,Education
CUST_10208,2025-02-07,Savings,14437.7,485.0,Tech
CUST_10209,2025-01-24,Checking,0.0,543.0,Healthcare
CUST_10210,2025-03-10,Credit Card,25727.72,802.0,Tech
CUST_10211,2025-04-26,Savings,12138.51,587.0,Retail
CUST_10212,2025-04-08,Savings,54514.58,668.0,Tech
CUST_10213,2025-05-19,Credit Card,36210.39,364.0,Tech
CUST_10214,2025-05-24,Checking,4836.48,461.0,Retail
CUST_10215,2025-04-07,Checking,31783.8,717.0,Unemployed
CUST_10216,2025-05-04,Savings,17710.04,780.0,Unknown
CUST_10217,2025-03-11,Savings,8466.61,568.0,Unknown
CUST_10218,2025-04-03,Checking,0.0,,Unemployed
CUST_10219,2025-01-03,Savings,0.0,705.0,Healthcare
CUST_10220,2025-05-28,Checking,5065.55,788.0,Unknown
CUST_10221,2025-06-13,Checking,0.0,611.0,Education
CUST_10222,2025-05-27,Savings,8377.84,393.0,Tech
CUST_10223,2025-03-31,Investment,25585.55,689.0,Healthcare
CUST_10224,2025-05-27,Credit Card,17974.37,846.0,Retail
CUST_10225,2025-05-28,Credit Card,0.0,710.0,Unknown
CUST_10226,2025-04-06,Savings,18874.37,511.0,Unemployed
CUST_10227,2025-02-21,Savings,0.0,668.0,Healthcare
CUST_10228,2025-06-10,Checking,0.0,467.0,Unemployed
CUST_10229,2025-06-17,Savings,10724.56,313.0,Tech
CUST_10230,2025-05-08,Investment,0.0,506.0,Education
CUST_10231,2025-02-08,Savings,0.0,342.0,Retail
CUST_10232,2025-03-23,Checking,19909.58,741.0,Retail
CUST_10233,2025-04-14,Savings,14864.51,814.0,Tech
CUST_10234,2025-05-09,Checking,0.0,694.0,Unemployed
CUST_10235,2025-01-11,Savings,0.0,537.0,Healthcare
CUST_10236,2025-06-27,Checking,0.0,830.0,Education
CUST_10237,2025-05-31,Savings,34131.17,703.0,Retail
CUST_10238,2025-06-08,Credit Card,19498.11,513.0,Tech
CUST_10239,2025-02-11,Savings,26353.86,673.0,Tech
CUST_10240,2025-04-09,Investment,8840.37,431.0,Finance
CUST_10241,2025-01-07,Credit Card,-265.72,308.0,Unemployed
CUST_10242,2025-05-24,Savings,18577.89,452.0,Finance
CUST_10243,2025-03-31,Credit Card,24227.59,730.0,Healthcare
CUST_10244,2025-04-22,Savings,0.0,782.0,Unknown
CUST_10245,2025-03-01,Investment,0.0,604.0,Tech
CUST_10246,2025-04-23,Checking,0.0,583.0,Unemployed
CUST_10247,2025-01-02,Savings,0.0,771.0,Healthcare
CUST_10248,2025-05-09,Savings,15033.78,489.0,Healthcare
CUST_10249,2025-02-17,Savings,0.0,827.0,Education
CUST_10250,2025-05-20,Investment,18975.95,811.0,Finance
CUST_10251,2025-02-06,Savings,34507.62,642.0,Healthcare
CUST_10252,2025-06-09,Checking,5372.31,729.0,Education
CUST_10253,2025-01-09,Checking,4755.95,333.0,Education
CUST_10254,2025-04-09,Investment,13229.17,770.0,Unemployed
CUST_10255,2025-05-27,Savings,0.0,693.0,Finance
CUST_10256,2025-02-17,Checking,0.0,794.0,Finance
CUST_10257,2025-05-11,Checking,0.0,812.0,Tech
CUST_10258,2025-05-28,Credit Card,0.0,621.0,Healthcare
CUST_10259,2025-06-01,Savings,18496.8,414.0,Education
CUST_10260,2025-02-23,Savings,0.0,513.0,Tech
CUST_10261,2025-04-30,Savings,21670.8,444.0,Unemployed
CUST_10262,2025-06-10,Credit Card,12939.24,477.0,Healthcare
CUST_10263,2025-06-01,Savings,4658.29,659.0,Healthcare
CUST_10264,2025-04-26,Checking,17144.42,584.0,Tech
CUST_10265,2025-03-16,Savings,0.0,544.0,Education
CUST_10266,2025-04-23,Credit Card,0.0,505.0,Tech
CUST_10267,2025-06-13,Investment,15703.96,641.0,Healthcare
CUST_10268,2025-06-15,Checking,0.0,659.0,Tech
CUST_10269,2025-04-14,Savings,5219.17,798.0,Tech
CUST_10270,2025-03-25,Savings,13857.53,440.0,Unemployed
CUST_10271,2025-04-22,Savings,24663.24,,Healthcare
CUST_10272,2025-04-09,Savings,27732.19,688.0,Finance
CUST_10273,2025-06-02,Checking,3045.71,629.0,Unemployed
CUST_10274,2025-04-03,Checking,16554.0,692.0,Unknown
CUST_10275,2025-05-26,Investment,0.0,657.0,Education
CUST_10276,2025-05-08,Savings,0.0,693.0,Healthcare
CUST_10277,2025-04-20,Checking,25514.91,339.0,Unemployed
CUST_10278,2025-03-23,Checking,4401.44,572.0,Unknown
CUST_10279,2025-02-23,Checking,7395.17,719.0,Unemployed
CUST_10280,2025-06-12,Savings,0.0,369.0,Finance
CUST_10281,2025-06-18,Checking,11338.51,757.0,Tech
CUST_10282,2025-06-10,Checking,16310.81,533.0,Finance
CUST_10283,2025-03-09,Credit Card,15845.34,496.0,Healthcare
CUST_10284,2025-02-02,Investment,0.0,808.0,Unemployed
CUST_10285,2025-05-22,Savings,19999.17,835.0,Unemployed
CUST_10286,2025-01-21,Savings,0.0,446.0,Healthcare
CUST_10287,2025-02-17,Checking,4603.78,758.0,Unknown
CUST_10288,2025-05-28,Checking,0.0,366.0,Tech
CUST_10289,2025-05-08,Savings,2307.97,329.0,Unknown
CUST_10290,2025-05-16,Credit Card,0.0,406.0,Unemployed
CUST_10291,2025-05-15,Investment,0.0,689.0,Healthcare
CUST_10292,2025-05-25,Investment,5898.66,705.0,Unknown
CUST_10293,2025-05-08,Savings,17408.37,420.0,Retail
CUST_10294,2025-02-02,Credit Card,16893.55,310.0,Finance
CUST_10295,2025-06-25,Credit Card,0.0,646.0,Retail
CUST_10296,2025-04-25,Checking,15174.77,552.0,Retail
CUST_10297,2025-04-29,Checking,8094.15,418.0,Finance
CUST_10298,2025-01-22,Credit Card,0.0,819.0,Healthcare
CUST_10299,2025-06-07,Checking,0.0,514.0,Finance
CUST_10300,2025-02-07,Savings,4063.58,379.0,Tech
CUST_10301,2025-04-19,Checking,8458.97,718.0,NA
CUST_10302,2025-02-20,Checking,10668.23,588.0,Unemployed
CUST_10303,2025-01-08,Savings,2040.65,533.0,NA
CUST_10304,2025-01-27,Investment,0.0,560.0,Unknown
CUST_10305,2025-01-27,Checking,0.0,321.0,Healthcare
CUST_10306,2025-01-21,Checking,0.0,377.0,Finance
CUST_10307,2025-01-30,Savings,35828.31,313.0,Unemployed
CUST_10308,2025-04-07,Checking,5889.69,447.0,Unknown
CUST_10309,2025-01-28,Savings,16116.8,329.0,Education
CUST_10310,2025-04-21,Savings,14526.91,737.0,Unemployed
CUST_10311,2025-03-02,Checking,9654.93,829.0,Healthcare
CUST_10312,2025-02-17,Checking,0.0,362.0,Healthcare
CUST_10313,2025-05-27,Checking,0.0,729.0,Healthcare
CUST_10314,2025-01-04,Savings,0.0,434.0,Unknown
CUST_10315,2025-02-04,Checking,7132.9,456.0,Finance
CUST_10316,2025-02-18,Savings,9505.71,553.0,Healthcare
CUST_10317,2025-01-17,Investment,4282.55,486.0,Unknown
CUST_10318,2025-06-21,Checking,7151.33,678.0,Tech
CUST_10319,2025-06-07,Checking,0.0,626.0,Tech
CUST_10320,2025-02-15,Savings,589.29,498.0,Retail
CUST_10321,2025-04-27,Savings,0.0,470.0,Retail
CUST_10322,2025-01-06,Investment,14975.09,614.0,Finance
CUST_10323,2025-04-09,Savings,5614.76,305.0,Education
CUST_10324,2025-05-04,Checking,0.0,555.0,NA
CUST_10325,2025-02-06,Checking,2600.74,619.0,Retail
CUST_10326,2025-01-24,Savings,0.0,547.0,Retail
CUST_10327,2025-04-03,Credit Card,77.37,303.0,Unemployed
CUST_10328,2025-02-15,Checking,13740.3,812.0,Unknown
CUST_10329,2025-04-05,Savings,0.0,805.0,Retail
CUST_10330,2025-04-09,Savings,4082.65,330.0,Healthcare
CUST_10331,2025-04-26,Savings,0.0,574.0,Retail
CUST_10332,2025-06-09,Credit Card,0.0,,Unemployed
CUST_10333,2025-06-10,Checking,32979.4,476.0,Finance
CUST_10334,2025-03-08,Savings,23806.61,586.0,Unemployed
CUST_10335,2025-05-08,Savings,0.0,378.0,Healthcare
CUST_10336,2025-01-18,Checking,653.46,542.0,Unemployed
CUST_10337,2025-01-25,Checking,0.0,800.0,Healthcare
CUST_10338,2025-02-23,Checking,0.0,504.0,Finance
CUST_10339,2025-02-27,Savings,0.0,759.0,Education
CUST_10340,2025-03-08,Savings,4496.23,682.0,Retail
CUST_10341,2025-04-14,Checking,3279.18,632.0,Tech
CUST_10342,2025-06-23,Investment,9975.83,465.0,Education
CUST_10343,2025-01-24,Savings,15179.11,460.0,Retail
CUST_10344,2025-04-24,Checking,9170.14,305.0,Tech
CUST_10345,2025-02-01,Checking,0.0,504.0,Healthcare
CUST_10346,2025-06-24,Checking,9860.35,831.0,Unemployed
CUST_10347,2025-03-27,Savings,14530.28,399.0,Healthcare
CUST_10348,2025-05-31,Credit Card,0.0,344.0,Healthcare
CUST_10349,2025-05-07,Checking,0.0,756.0,Retail
CUST_10350,2025-06-04,Checking,22761.04,526.0,Finance
CUST_10351,2025-05-10,Savings,6324.72,,Healthcare
CUST_10352,2025-01-17,Savings,0.0,351.0,Unknown
CUST_10353,2025-04-14,Savings,36053.8,445.0,Healthcare
CUST_10354,2025-06-10,Credit Card,0.0,580.0,Healthcare
CUST_10355,2025-05-17,Savings,41585.35,422.0,Unemployed
CUST_10356,2025-02-12,Checking,10660.47,770.0,Retail
CUST_10357,2025-06-25,Savings,1959.8,596.0,Tech
CUST_10358,2025-02-08,Checking,7753.92,811.0,Education
CUST_10359,2025-06-19,Checking,0.0,801.0,Healthcare
CUST_10360,2025-01-26,Savings,5919.66,501.0,Education
CUST_10361,2025-04-09,Savings,35159.31,714.0,Finance
CUST_10362,2025-02-19,Savings,0.0,721.0,Finance
CUST_10363,2025-06-02,Checking,13000.47,819.0,Unknown
CUST_10364,2025-06-01,Checking,0.0,372.0,Finance
CUST_10365,2025-01-13,Savings,2478.79,644.0,Healthcare
CUST_10366,2025-03-01,Checking,34649.16,,Education
CUST_10367,2025-05-15,Savings,12896.93,468.0,Tech
CUST_10368,2025-02-26,Savings,16185.1,508.0,Retail
CUST_10369,2025-02-05,Savings,6062.7,842.0,Education
CUST_10370,2025-06-22,Credit Card,45432.33,844.0,Retail
CUST_10371,2025-01-20,Savings,0.0,609.0,Unknown
CUST_10372,2025-03-06,Savings,0.0,479.0,Education
CUST_10373,2025-01-08,Savings,30290.19,737.0,Healthcare
CUST_10374,2025-05-24,Savings,0.0,776.0,Tech
CUST_10375,2025-05-22,Checking,11153.89,694.0,Healthcare
CUST_10376,2025-04-25,Savings,30745.38,841.0,Finance
CUST_10377,2025-05-23,Savings,11353.38,356.0,Tech
CUST_10378,2025-04-02,Checking,38462.27,473.0,NA
CUST_10379,2025-04-08,Savings,7042.94,625.0,Unemployed
CUST_10380,2025-03-07,Credit Card,0.0,621.0,Education
CUST_10381,2025-02-01,Checking,0.0,482.0,Unknown
CUST_10382,2025-03-27,Savings,9508.21,534.0,NA
CUST_10383,2025-02-20,Checking,0.0,485.0,Retail
CUST_10384,2025-06-02,Savings,9869.6,565.0,Healthcare
CUST_10385,2025-03-04,Checking,26893.07,628.0,Healthcare
CUST_10386,2025-05-05,Checking,4744.09,664.0,Education
CUST_10387,2025-05-30,Savings,7851.59,323.0,Education
CUST_10388,2025-02-27,Checking,18734.97,560.0,Finance
CUST_10389,2025-02-27,Credit Card,15043.01,654.0,Unknown
CUST_10390,2025-03-27,Investment,22407.48,495.0,Tech
CUST_10391,2025-02-18,Checking,4712.32,,Healthcare
CUST_10392,2025-06-29,Checking,0.0,632.0,Retail
CUST_10393,2025-06-19,Savings,22640.27,620.0,Unemployed
CUST_10394,2025-03-11,Savings,1417.97,746.0,Unemployed
CUST_10395,2025-01-15,Checking,0.0,676.0,Education
CUST_10396,2025-02-23,Savings,10039.03,502.0,Education
CUST_10397,2025-04-11,Investment,7798.13,389.0,Finance
CUST_10398,2025-01-08,Savings,0.0,476.0,Tech
CUST_10399,2025-02-22,Savings,0.0,331.0,Unemployed
CUST_10400,2025-03-01,Savings,12026.23,542.0,Finance
CUST_10401,2025-04-18,Credit Card,0.0,369.0,Education
CUST_10402,2025-01-05,Checking,6715.75,370.0,Unknown
CUST_10403,2025-04-13,Checking,10601.68,457.0,Retail
CUST_10404,2025-01-06,Savings,19522.64,848.0,Finance
CUST_10405,2025-04-19,Credit Card,36786.55,625.0,Unknown
CUST_10406,2025-04-26,Savings,8558.14,334.0,Healthcare
CUST_10407,2025-04-04,Credit Card,0.0,779.0,Education
CUST_10408,2025-02-16,Checking,29876.54,759.0,Education
CUST_10409,2025-04-09,Savings,20721.39,715.0,Finance
CUST_10410,2025-02-24,Checking,7525.75,718.0,Retail
CUST_10411,2025-06-17,Checking,8547.3,810.0,Finance
CUST_10412,2025-02-21,Savings,5403.68,667.0,NA
CUST_10413,2025-05-24,Credit Card,7433.17,506.0,Retail
CUST_10414,2025-01-13,Checking,3472.02,660.0,Education
CUST_10415,2025-04-24,Savings,0.0,735.0,Unknown
CUST_10416,2025-05-04,Savings,5133.1,569.0,Finance
CUST_10417,2025-04-16,Checking,31359.11,532.0,Tech
CUST_10418,2025-06-07,Checking,0.0,405.0,Unemployed
CUST_10419,2025-05-27,Checking,930.93,317.0,Finance
CUST_10420,2025-05-25,Checking,0.0,794.0,Finance
CUST_10421,2025-04-30,Checking,22359.98,559.0,Unknown
CUST_10422,2025-03-04,Investment,17445.56,784.0,Tech
CUST_10423,2025-01-19,Checking,0.0,612.0,Tech
CUST_10424,2025-04-02,Credit Card,0.0,401.0,Healthcare
CUST_10425,2025-02-27,Savings,17985.52,836.0,Tech
CUST_10426,2025-03-31,Savings,0.0,479.0,Retail
CUST_10427,2025-04-27,Savings,17424.0,809.0,Unemployed
CUST_10428,2025-03-03,Checking,0.0,776.0,Unemployed
CUST_10429,2025-01-23,Credit Card,15425.0,699.0,Healthcare
CUST_10430,2025-05-07,Savings,11661.75,649.0,Retail
CUST_10431,2025-05-17,Savings,0.0,514.0,Unknown
CUST_10432,2025-05-20,Credit Card,0.0,682.0,Healthcare
CUST_10433,2025-05-09,Savings,13636.95,423.0,Unknown
CUST_10434,2025-02-27,Checking,0.0,591.0,Healthcare
CUST_10435,2025-05-02,Checking,21634.7,627.0,Unemployed
CUST_10436,2025-01-01,Credit Card,0.0,397.0,Unknown
CUST_10437,2025-02-03,Savings,10255.25,599.0,Retail
CUST_10438,2025-04-06,Savings,0.0,329.0,Education
CUST_10439,2025-05-06,Checking,5085.71,373.0,Unemployed
CUST_10440,2025-04-28,Investment,0.0,471.0,Education
CUST_10441,2025-02-17,Checking,2320.9,383.0,Finance
CUST_10442,2025-03-30,Savings,0.0,589.0,Unknown
CUST_10443,2025-04-27,Checking,0.0,384.0,Education
CUST_10444,2025-05-09,Investment,0.0,553.0,Unemployed
CUST_10445,2025-01-16,Credit Card,3921.85,818.0,Finance
CUST_10446,2025-03-10,Investment,24397.88,751.0,Education
CUST_10447,2025-01-22,Savings,0.0,606.0,Finance
CUST_10448,2025-04-03,Savings,26209.78,483.0,Unemployed
CUST_10449,2025-03-17,Checking,0.0,613.0,Finance
CUST_10450,2025-06-03,Credit Card,0.0,640.0,Unemployed
CUST_10451,2025-05-24,Savings,0.0,526.0,Tech
CUST_10452,2025-06-28,Savings,14101.77,563.0,Unemployed
CUST_10453,2025-03-27,Credit Card,6290.34,749.0,Finance
CUST_10454,2025-01-29,Savings,13213.04,550.0,Unknown
CUST_10455,2025-03-10,Savings,6974.31,707.0,Unemployed
CUST_10456,2025-02-16,Checking,4862.04,469.0,Unemployed
CUST_10457,2025-04-04,Checking,9266.36,431.0,Unknown
CUST_10458,2025-05-24,Credit Card,37287.29,345.0,Retail
CUST_10459,2025-06-25,Savings,0.0,649.0,Retail
CUST_10460,2025-03-26,Checking,35814.83,398.0,Finance
CUST_10461,2025-02-08,Checking,17785.45,336.0,Retail
CUST_10462,2025-04-10,Checking,10477.97,737.0,Education
CUST_10463,2025-02-02,Checking,13317.93,374.0,Retail
CUST_10464,2025-04-11,Savings,0.0,357.0,Tech
CUST_10465,2025-01-23,Savings,1075.05,318.0,Retail
CUST_10466,2025-01-10,Savings,0.0,701.0,Education
CUST_10467,2025-03-10,Savings,36685.9,487.0,Unemployed
CUST_10468,2025-04-10,Checking,-120.98,438.0,Education
CUST_10469,2025-02-03,Credit Card,4553.0,442.0,Finance
CUST_10470,2025-06-29,Credit Card,4309.34,407.0,Healthcare
CUST_10471,2025-05-18,Credit Card,0.0,520.0,Education
CUST_10472,2025-05-27,Savings,0.0,444.0,Finance
CUST_10473,2025-04-06,Checking,17253.47,809.0,Finance
CUST_10474,2025-01-01,Savings,0.0,675.0,Retail
CUST_10475,2025-03-10,Savings,9670.29,304.0,Retail
CUST_10476,2025-01-04,Savings,0.0,687.0,Finance
CUST_10477,2025-01-16,Checking,24498.78,462.0,Unemployed
CUST_10478,2025-01-24,Investment,10923.83,664.0,Tech
CUST_10479,2025-03-21,Savings,0.0,716.0,Unemployed
CUST_10480,2025-01-02,Savings,0.0,808.0,Finance
CUST_10481,2025-05-08,Credit Card,11803.4,320.0,Retail
CUST_10482,2025-06-09,Savings,440.69,816.0,NA
CUST_10483,2025-03-25,Credit Card,7176.8,496.0,Tech
CUST_10484,2025-06-01,Credit Card,4711.45,644.0,Healthcare
CUST_10485,2025-05-20,Investment,18002.32,629.0,Unemployed
CUST_10486,2025-06-27,Checking,11593.49,677.0,Education
CUST_10487,2025-06-12,Checking,4276.87,510.0,Retail
CUST_10488,2025-05-04,Checking,5268.77,459.0,Education
CUST_10489,2025-02-02,Checking,0.0,653.0,Education
CUST_10490,2025-06-10,Checking,27010.73,539.0,Retail
CUST_10491,2025-06-28,Savings,49433.21,378.0,Education
CUST_10492,2025-06-20,Checking,44.76,451.0,Finance
CUST_10493,2025-04-11,Checking,5715.49,816.0,Unemployed
CUST_10494,2025-01-12,Credit Card,20225.7,682.0,Tech
CUST_10495,2025-03-08,Credit Card,20142.05,651.0,Unemployed
CUST_10496,2025-03-06,Checking,7674.65,500.0,Unknown
CUST_10497,2025-06-10,Savings,0.0,432.0,Retail
CUST_10498,2025-06-17,Credit Card,32272.38,468.0,Tech
CUST_10499,2025-03-15,Checking,15218.51,690.0,Finance
CUST_10500,2025-02-12,Credit Card,8308.23,684.0,Retail
CUST_10501,2025-02-13,Investment,0.0,397.0,Finance
CUST_10502,2025-01-29,Savings,5869.33,676.0,Healthcare
CUST_10503,2025-05-21,Credit Card,0.0,639.0,Healthcare
CUST_10504,2025-01-12,Savings,16113.57,830.0,Healthcare
CUST_10505,2025-04-05,Savings,19771.02,431.0,Tech
CUST_10506,2025-02-15,Checking,8446.38,509.0,Unknown
CUST_10507,2025-05-10,Savings,0.0,304.0,Unemployed
CUST_10508,2025-02-04,Credit Card,11778.46,676.0,Unemployed
CUST_10509,2025-03-22,Savings,16810.37,353.0,Healthcare
CUST_10510,2025-03-31,Savings,0.0,797.0,Healthcare
CUST_10511,2025-01-08,Checking,19009.88,497.0,Finance
CUST_10512,2025-04-03,Credit Card,12867.76,740.0,Unknown
CUST_10513,2025-06-03,Investment,889.76,479.0,Education
CUST_10514,2025-03-31,Credit Card,0.0,540.0,Unknown
CUST_10515,2025-06-11,Checking,2316.88,619.0,Unknown
CUST_10516,2025-04-25,Savings,0.0,800.0,Education
CUST_10517,2025-04-15,Savings,8903.94,322.0,Unemployed
CUST_10518,2025-05-15,Savings,13377.27,479.0,Unemployed
CUST_10519,2025-02-27,Checking,22528.95,474.0,Healthcare
CUST_10520,2025-04-24,Checking,9461.73,497.0,Unemployed
CUST_10521,2025-03-16,Checking,10869.77,837.0,Education
CUST_10522,2025-06-06,Credit Card,979.88,753.0,Unknown
CUST_10523,2025-04-30,Checking,0.0,398.0,Healthcare
CUST_10524,2025-06-13,Savings,0.0,726.0,Healthcare
CUST_10525,2025-01-21,Savings,26421.06,752.0,Tech
CUST_10526,2025-06-13,Credit Card,14511.21,490.0,Retail
CUST_10527,2025-05-18,Credit Card,11110.96,798.0,Education
CUST_10528,2025-04-11,Credit Card,0.0,490.0,Healthcare
CUST_10529,2025-06-01,Savings,9692.2,440.0,Education
CUST_10530,2025-06-26,Investment,0.0,474.0,Tech
CUST_10531,2025-04-09,Savings,0.0,719.0,Unknown
CUST_10532,2025-02-05,Savings,0.0,733.0,NA
CUST_10533,2025-04-06,Investment,0.0,,Healthcare
CUST_10534,2025-06-01,Savings,17500.84,830.0,Education
CUST_10535,2025-05-31,Checking,8398.88,831.0,Education
CUST_10536,2025-02-06,Savings,0.0,660.0,Education
CUST_10537,2025-01-12,Checking,0.0,745.0,Tech
CUST_10538,2025-04-23,Investment,12474.72,656.0,Finance
CUST_10539,2025-01-13,Savings,15467.11,358.0,Finance
CUST_10540,2025-01-23,Checking,7004.5,466.0,Education
CUST_10541,2025-04-09,Savings,0.0,562.0,Education
CUST_10542,2025-04-15,Checking,0.0,730.0,Retail
CUST_10543,2025-01-30,Savings,40714.87,495.0,Healthcare
CUST_10544,2025-01-17,Savings,0.0,653.0,Tech
CUST_10545,2025-04-23,Savings,10623.99,346.0,Retail
CUST_10546,2025-03-03,Savings,36812.49,608.0,Education
CUST_10547,2025-03-25,Investment,897.74,529.0,Unemployed
CUST_10548,2025-04-22,Savings,32507.06,710.0,Finance
CUST_10549,2025-03-27,Savings,0.0,615.0,Finance
CUST_10550,2025-05-21,Checking,0.0,376.0,Retail
CUST_10551,2025-01-19,Savings,0.0,361.0,Finance
CUST_10552,2025-06-26,Credit Card,0.0,537.0,Finance
CUST_10553,2025-04-10,Investment,0.0,377.0,Unemployed
CUST_10554,2025-05-20,Checking,0.0,715.0,Healthcare
CUST_10555,2025-05-27,Credit Card,19864.94,323.0,Education
CUST_10556,2025-03-17,Checking,0.0,328.0,Unknown
CUST_10557,2025-01-09,Savings,0.0,790.0,Retail
CUST_10558,2025-01-28,Checking,25557.63,434.0,Unemployed
CUST_10559,2025-05-08,Checking,0.0,650.0,Tech
CUST_10560,2025-02-21,Checking,14283.91,649.0,Tech
CUST_10561,2025-03-24,Credit Card,0.0,580.0,Unemployed
CUST_10562,2025-04-21,Checking,0.0,775.0,Education
CUST_10563,2025-05-24,Investment,1798.53,591.0,Tech
CUST_10564,2025-04-27,Credit Card,23136.8,488.0,Unemployed
CUST_10565,2025-03-10,Checking,0.0,718.0,Finance
CUST_10566,2025-04-09,Checking,0.0,767.0,Healthcare
CUST_10567,2025-05-20,Savings,9085.29,505.0,Retail
CUST_10568,2025-01-25,Investment,11493.3,541.0,Retail
CUST_10569,2025-06-29,Checking,0.0,605.0,Finance
CUST_10570,2025-05-03,Savings,0.0,483.0,Unknown
CUST_10571,2025-02-22,Savings,21299.91,777.0,Education
CUST_10572,2025-05-31,Checking,0.0,803.0,NA
CUST_10573,2025-05-24,Savings,10122.15,427.0,Tech
CUST_10574,2025-02-26,Savings,0.0,748.0,Unknown
CUST_10575,2025-02-08,Checking,26038.72,529.0,Retail
CUST_10576,2025-04-19,Savings,13706.3,340.0,Retail
CUST_10577,2025-02-11,Checking,18208.44,691.0,Education
CUST_10578,2025-06-16,Savings,0.0,639.0,Healthcare
CUST_10579,2025-05-22,Savings,17367.73,320.0,Unemployed
CUST_10580,2025-05-02,Checking,16977.16,646.0,Tech
CUST_10581,2025-05-13,Checking,12792.33,309.0,Retail
CUST_10582,2025-06-12,Savings,760.86,386.0,Retail
CUST_10583,2025-03-16,Savings,7439.08,844.0,Tech
CUST_10584,2025-05-26,Checking,0.0,638.0,Unknown
CUST_10585,2025-03-17,Savings,31385.07,303.0,Healthcare
CUST_10586,2025-01-09,Savings,0.0,322.0,Healthcare
CUST_10587,2025-03-15,Savings,-22.76,496.0,Healthcare
CUST_10588,2025-05-25,Credit Card,0.0,797.0,Retail
CUST_10589,2025-01-07,Credit Card,15093.42,572.0,Unemployed
CUST_10590,2025-06-23,Credit Card,12938.15,750.0,Finance
CUST_10591,2025-05-21,Credit Card,567.26,406.0,Unknown
CUST_10592,2025-06-17,Checking,0.0,677.0,Retail
CUST_10593,2025-06-19,Checking,0.0,499.0,Education
CUST_10594,2025-05-17,Checking,11900.34,301.0,Unknown
CUST_10595,2025-06-27,Savings,8771.32,420.0,Education
CUST_10596,2025-01-27,Checking,4306.98,448.0,Unemployed
CUST_10597,2025-05-02,Credit Card,0.0,451.0,Unknown
CUST_10598,2025-01-05,Checking,0.0,605.0,Retail
CUST_10599,2025-01-29,Savings,19458.06,774.0,Retail
CUST_10600,2025-06-14,Savings,0.0,663.0,Tech
CUST_10601,2025-06-15,Checking,1936.26,370.0,Healthcare
CUST_10602,2025-03-24,Checking,0.0,332.0,Unemployed
CUST_10603,2025-05-16,Credit Card,19905.35,456.0,Tech
CUST_10604,2025-04-19,Savings,13730.41,629.0,Unemployed
CUST_10605,2025-03-06,Credit Card,-358.03,686.0,Education
CUST_10606,2025-03-27,Checking,15367.76,458.0,Education
CUST_10607,2025-05-25,Credit Card,0.0,838.0,Finance
CUST_10608,2025-03-12,Checking,3807.53,526.0,Healthcare
CUST_10609,2025-02-14,Checking,0.0,551.0,Healthcare
CUST_10610,2025-05-12,Checking,20375.95,666.0,Unemployed
CUST_10611,2025-02-05,Credit Card,10614.34,561.0,NA
CUST_10612,2025-03-11,Investment,14749.15,837.0,Tech
CUST_10613,2025-06-08,Savings,0.0,342.0,Retail
CUST_10614,2025-01-19,Savings,16172.17,830.0,Healthcare
CUST_10615,2025-04-18,Investment,0.0,315.0,Retail
CUST_10616,2025-06-16,Checking,0.0,404.0,Education
CUST_10617,2025-04-01,Checking,2372.65,502.0,Finance
CUST_10618,2025-03-31,Checking,0.0,358.0,Education
CUST_10619,2025-01-19,Savings,15644.07,347.0,Retail
CUST_10620,2025-02-08,Credit Card,0.0,576.0,Education
CUST_10621,2025-05-06,Credit Card,0.0,711.0,Healthcare
CUST_10622,2025-06-22,Savings,0.0,477.0,Unemployed
CUST_10623,2025-05-21,Savings,15460.9,413.0,Unemployed
CUST_10624,2025-05-06,Credit Card,0.0,595.0,Retail
CUST_10625,2025-02-27,Savings,0.0,737.0,Retail
CUST_10626,2025-05-28,Credit Card,26043.57,565.0,Finance
CUST_10627,2025-03-02,Savings,-165.45,461.0,Unknown
CUST_10628,2025-05-07,Checking,15746.8,803.0,Healthcare
CUST_10629,2025-04-15,Investment,11412.49,335.0,Tech
CUST_10630,2025-06-16,Checking,2136.89,757.0,Unknown
CUST_10631,2025-01-01,Checking,0.0,670.0,Finance
CUST_10632,2025-05-11,Checking,0.0,785.0,Healthcare
CUST_10633,2025-04-02,Savings,0.0,571.0,Unemployed
CUST_10634,2025-04-23,Savings,12230.76,478.0,Tech
CUST_10635,2025-06-02,Investment,15043.71,779.0,Unknown
CUST_10636,2025-02-25,Credit Card,0.0,458.0,Unemployed
CUST_10637,2025-06-10,Checking,3818.42,503.0,Retail
CUST_10638,2025-06-15,Savings,5121.72,577.0,Unemployed
CUST_10639,2025-04-27,Savings,6172.93,442.0,Unknown
CUST_10640,2025-05-14,Savings,0.0,819.0,Finance
CUST_10641,2025-02-27,Checking,29570.83,811.0,Retail
CUST_10642,2025-02-13,Credit Card,15168.11,415.0,Retail
CUST_10643,2025-06-22,Checking,6096.26,691.0,Unknown
CUST_10644,2025-06-09,Credit Card,0.0,642.0,Retail
CUST_10645,2025-06-22,Savings,0.0,672.0,Healthcare
CUST_10646,2025-03-02,Savings,10968.43,668.0,Tech
CUST_10647,2025-02-16,Savings,0.0,514.0,Healthcare
CUST_10648,2025-05-29,Checking,7005.98,810.0,Retail
CUST_10649,2025-03-21,Savings,0.0,626.0,Unknown
CUST_10650,2025-04-28,Investment,0.0,336.0,Finance
CUST_10651,2025-06-13,Savings,3363.68,679.0,Unemployed
CUST_10652,2025-05-27,Investment,19517.18,811.0,Unknown
CUST_10653,2025-01-20,Checking,0.0,623.0,Retail
CUST_10654,2025-05-26,Investment,0.0,668.0,Tech
CUST_10655,2025-02-16,Checking,11670.83,523.0,Healthcare
CUST_10656,2025-02-18,Investment,4039.15,399.0,Tech
CUST_10657,2025-01-14,Savings,0.0,374.0,Healthcare
CUST_10658,2025-05-23,Credit Card,0.0,736.0,Unemployed
CUST_10659,2025-06-08,Investment,0.0,667.0,Unknown
CUST_10660,2025-01-01,Savings,3743.79,362.0,Tech
CUST_10661,2025-04-27,Savings,25839.28,398.0,Tech
CUST_10662,2025-02-23,Checking,0.0,524.0,Healthcare
CUST_10663,2025-04-28,Investment,13081.66,374.0,Unknown
CUST_10664,2025-01-03,Checking,0.0,483.0,Healthcare
CUST_10665,2025-05-24,Checking,10414.41,592.0,Healthcare
CUST_10666,2025-01-12,Savings,27598.77,356.0,Education
CUST_10667,2025-03-15,Savings,7125.57,548.0,Unemployed
CUST_10668,2025-01-16,Credit Card,0.0,768.0,Tech
CUST_10669,2025-04-12,Savings,23488.04,439.0,Education
CUST_10670,2025-06-01,Checking,10233.23,658.0,Education
CUST_10671,2025-06-05,Investment,7303.92,707.0,Retail
CUST_10672,2025-04-27,Savings,0.0,773.0,Unknown
CUST_10673,2025-01-08,Checking,10456.55,745.0,Education
CUST_10674,2025-05-02,Savings,0.0,,Education
CUST_10675,2025-04-02,Checking,9671.63,599.0,Healthcare
CUST_10676,2025-06-13,Savings,5728.09,725.0,Healthcare
CUST_10677,2025-03-31,Credit Card,21261.75,460.0,Finance
CUST_10678,2025-05-16,Savings,0.0,700.0,Unemployed
CUST_10679,2025-03-01,Checking,2759.8,677.0,Unknown
CUST_10680,2025-06-27,Checking,16974.7,556.0,Tech
CUST_10681,2025-01-28,Savings,1459.44,793.0,Unemployed
CUST_10682,2025-04-11,Credit Card,4677.11,788.0,Education
CUST_10683,2025-02-10,Savings,0.0,481.0,Education
CUST_10684,2025-06-04,Checking,2545.31,825.0,Tech
CUST_10685,2025-05-25,Savings,15064.36,399.0,Unemployed
CUST_10686,2025-06-10,Checking,32538.69,657.0,Healthcare
CUST_10687,2025-06-06,Savings,0.0,530.0,Healthcare
CUST_10688,2025-05-21,Checking,0.0,305.0,Tech
CUST_10689,2025-02-15,Savings,2877.86,389.0,Unknown
CUST_10690,2025-02-04,Credit Card,5744.66,363.0,Tech
CUST_10691,2025-05-14,Savings,1735.22,387.0,Healthcare
CUST_10692,2025-03-23,Credit Card,0.0,332.0,Unknown
CUST_10693,2025-04-25,Credit Card,0.0,371.0,Tech
CUST_10694,2025-02-16,Savings,0.0,552.0,Unknown
CUST_10695,2025-06-02,Checking,17258.55,406.0,Unemployed
CUST_10696,2025-01-10,Savings,6396.0,813.0,Healthcare
CUST_10697,2025-02-25,Savings,15133.43,435.0,Tech
CUST_10698,2025-01-30,Credit Card,0.0,708.0,Healthcare
CUST_10699,2025-04-19,Checking,26662.15,420.0,Finance
CUST_10700,2025-01-05,Checking,0.0,777.0,Healthcare
CUST_10701,2025-04-29,Savings,12128.02,393.0,Healthcare
CUST_10702,2025-02-02,Savings,3123.79,804.0,Education
CUST_10703,2025-04-28,Savings,0.0,306.0,Unemployed
CUST_10704,2025-03-06,Credit Card,11492.28,490.0,Unknown
CUST_10705,2025-05-26,Checking,14007.65,,Healthcare
CUST_10706,2025-06-26,Credit Card,45320.21,685.0,Tech
CUST_10707,2025-01-11,Savings,14589.05,577.0,Retail
CUST_10708,2025-03-26,Savings,14364.04,747.0,Tech
CUST_10709,2025-01-26,Savings,22173.22,351.0,Education
CUST_10710,2025-03-04,Savings,12977.81,704.0,Tech
CUST_10711,2025-03-27,Savings,4419.28,695.0,Finance
CUST_10712,2025-02-28,Credit Card,9885.88,510.0,Retail
CUST_10713,2025-01-27,Credit Card,17822.11,569.0,Retail
CUST_10714,2025-06-26,Checking,25861.45,844.0,Unknown
CUST_10715,2025-06-10,Checking,0.0,581.0,Unemployed
CUST_10716,2025-04-08,Savings,0.0,697.0,Education
CUST_10717,2025-04-15,Credit Card,25225.63,515.0,Unemployed
CUST_10718,2025-04-09,Savings,0.0,731.0,Retail
CUST_10719,2025-05-09,Investment,0.0,620.0,Healthcare
CUST_10720,2025-05-29,Checking,0.0,792.0,Education
CUST_10721,2025-02-24,Savings,32027.72,427.0,Unemployed
CUST_10722,2025-01-06,Investment,18164.19,373.0,Finance
CUST_10723,2025-04-05,Savings,0.0,775.0,Retail
CUST_10724,2025-05-13,Checking,0.0,751.0,Retail
CUST_10725,2025-04-12,Checking,5822.95,761.0,Education
CUST_10726,2025-01-03,Savings,17890.86,737.0,Retail
CUST_10727,2025-01-23,Checking,589.88,555.0,Unknown
CUST_10728,2025-02-22,Checking,0.0,747.0,Retail
CUST_10729,2025-06-14,Credit Card,22025.7,401.0,Finance
CUST_10730,2025-03-24,Savings,4612.43,582.0,Finance
CUST_10731,2025-05-25,Investment,2125.61,503.0,Education
CUST_10732,2025-03-26,Savings,13881.87,385.0,Retail
CUST_10733,2025-03-19,Savings,0.0,623.0,Unemployed
CUST_10734,2025-04-20,Savings,12112.02,463.0,Unknown
CUST_10735,2025-01-01,Savings,11163.74,356.0,Tech
CUST_10736,2025-02-20,Savings,0.0,505.0,Education
CUST_10737,2025-06-22,Investment,0.0,728.0,Unemployed
CUST_10738,2025-01-04,Savings,0.0,447.0,Finance
CUST_10739,2025-04-23,Savings,7744.6,600.0,Tech
CUST_10740,2025-02-01,Savings,9273.07,589.0,Unemployed
CUST_10741,2025-02-03,Credit Card,30560.7,320.0,Unemployed
CUST_10742,2025-04-02,Credit Card,7751.29,436.0,NA
CUST_10743,2025-04-05,Savings,0.0,668.0,Unknown
CUST_10744,2025-03-13,Savings,1235.43,821.0,Education
CUST_10745,2025-02-08,Savings,0.0,735.0,Education
CUST_10746,2025-06-03,Savings,2313.45,329.0,Finance
CUST_10747,2025-06-11,Savings,26133.66,747.0,Healthcare
CUST_10748,2025-04-28,Checking,11888.64,524.0,Healthcare
CUST_10749,2025-01-03,Savings,0.0,685.0,Healthcare
CUST_10750,2025-05-03,Checking,13885.11,728.0,Education
CUST_10751,2025-02-19,Savings,0.0,828.0,Unknown
CUST_10752,2025-01-12,Investment,0.0,327.0,Unknown
CUST_10753,2025-02-23,Investment,0.0,425.0,Finance
CUST_10754,2025-05-13,Checking,11876.61,798.0,Finance
CUST_10755,2025-02-26,Savings,16585.04,486.0,Healthcare
CUST_10756,2025-05-25,Savings,30764.72,671.0,Tech
CUST_10757,2025-04-22,Checking,10117.69,437.0,Healthcare
CUST_10758,2025-02-16,Credit Card,25207.39,636.0,Education
CUST_10759,2025-05-31,Checking,14451.4,513.0,Tech
CUST_10760,2025-03-26,Credit Card,19061.04,590.0,Finance
CUST_10761,2025-05-22,Investment,21525.81,670.0,Retail
CUST_10762,2025-03-07,Savings,12305.26,829.0,Unemployed
CUST_10763,2025-03-16,Checking,21122.73,848.0,Tech
CUST_10764,2025-06-28,Savings,0.0,595.0,Unknown
CUST_10765,2025-04-13,Savings,0.0,718.0,Finance
CUST_10766,2025-06-15,Checking,14761.1,660.0,Tech
CUST_10767,2025-02-07,Savings,10621.68,457.0,Healthcare
CUST_10768,2025-02-19,Credit Card,0.0,374.0,Tech
CUST_10769,2025-04-08,Savings,0.0,671.0,Tech
CUST_10770,2025-03-23,Checking,6960.12,820.0,Tech
CUST_10771,2025-01-30,Checking,15753.83,405.0,Education
CUST_10772,2025-03-20,Checking,12798.65,666.0,Unemployed
CUST_10773,2025-04-01,Savings,0.0,701.0,Education
CUST_10774,2025-06-28,Credit Card,0.0,402.0,Unemployed
CUST_10775,2025-02-21,Checking,15042.28,624.0,Healthcare
CUST_10776,2025-06-15,Checking,6090.29,672.0,Retail
CUST_10777,2025-03-20,Savings,20902.31,,Education
CUST_10778,2025-01-30,Checking,150.92,332.0,Retail
CUST_10779,2025-04-16,Credit Card,16092.87,407.0,Education
CUST_10780,2025-02-20,Checking,4405.25,721.0,Finance
CUST_10781,2025-03-22,Credit Card,0.0,568.0,Finance
CUST_10782,2025-05-13,Checking,18922.44,372.0,Tech
CUST_10783,2025-01-29,Savings,0.0,480.0,Retail
CUST_10784,2025-05-12,Savings,6112.28,451.0,Tech
CUST_10785,2025-05-18,Savings,7662.3,811.0,Unemployed
CUST_10786,2025-05-25,Checking,3195.67,367.0,Tech
CUST_10787,2025-03-15,Credit Card,19861.99,671.0,Education
CUST_10788,2025-01-17,Savings,13589.23,647.0,Education
CUST_10789,2025-03-25,Checking,11801.43,331.0,Tech
CUST_10790,2025-03-10,Checking,6026.95,378.0,Unemployed
CUST_10791,2025-02-03,Checking,32844.92,558.0,Education
CUST_10792,2025-01-06,Savings,26970.01,796.0,Unemployed
CUST_10793,2025-02-22,Savings,18791.44,,Finance
CUST_10794,2025-05-06,Savings,16326.54,666.0,Finance
CUST_10795,2025-02-12,Savings,0.0,314.0,Retail
CUST_10796,2025-04-25,Savings,4263.81,350.0,Finance
CUST_10797,2025-04-21,Savings,14537.31,406.0,Unemployed
CUST_10798,2025-05-31,Checking,20773.72,768.0,Tech
CUST_10799,2025-03-21,Savings,18380.72,501.0,Healthcare
CUST_10800,2025-04-05,Investment,13714.43,517.0,Education
CUST_10801,2025-04-28,Savings,35009.39,340.0,Tech
CUST_10802,2025-05-24,Savings,2966.18,684.0,Education
CUST_10803,2025-01-08,Savings,20197.85,635.0,Retail
CUST_10804,2025-05-12,Savings,18371.6,404.0,NA
CUST_10805,2025-04-14,Credit Card,11660.99,502.0,Tech
CUST_10806,2025-05-12,Savings,12207.5,809.0,Tech
CUST_10807,2025-01-25,Investment,11905.17,394.0,Retail
CUST_10808,2025-04-06,Credit Card,0.0,476.0,Tech
CUST_10809,2025-06-04,Checking,11012.92,364.0,Education
CUST_10810,2025-04-03,Checking,16224.21,523.0,Healthcare
CUST_10811,2025-06-09,Checking,9829.05,679.0,Tech
CUST_10812,2025-06-27,Savings,0.0,554.0,Retail
CUST_10813,2025-03-02,Checking,0.0,597.0,Retail
CUST_10814,2025-05-02,Savings,0.0,470.0,Tech
CUST_10815,2025-02-20,Savings,3321.09,663.0,Retail
CUST_10816,2025-05-27,Checking,0.0,372.0,Unknown
CUST_10817,2025-01-21,Checking,14688.68,359.0,Finance
CUST_10818,2025-01-05,Credit Card,22879.98,754.0,Unemployed
CUST_10819,2025-04-02,Savings,25005.05,635.0,Retail
CUST_10820,2025-06-19,Credit Card,10052.17,423.0,Unknown
CUST_10821,2025-03-02,Savings,21262.42,754.0,Unknown
CUST_10822,2025-01-22,Savings,0.0,313.0,Healthcare
CUST_10823,2025-05-29,Savings,2725.19,715.0,Finance
CUST_10824,2025-03-11,Checking,0.0,326.0,Education
CUST_10825,2025-01-01,Savings,23103.49,,Finance
CUST_10826,2025-05-13,Checking,34489.19,486.0,Healthcare
CUST_10827,2025-01-12,Credit Card,-228.97,356.0,Unemployed
CUST_10828,2025-03-31,Checking,0.0,333.0,Finance
CUST_10829,2025-02-15,Checking,0.0,837.0,Tech
CUST_10830,2025-02-03,Credit Card,0.0,670.0,Retail
CUST_10831,2025-06-26,Credit Card,0.0,385.0,Tech
CUST_10832,2025-03-19,Checking,0.0,459.0,Unknown
CUST_10833,2025-02-14,Savings,8069.27,724.0,Tech
CUST_10834,2025-06-04,Credit Card,14895.84,405.0,Unknown
CUST_10835,2025-03-14,Checking,0.0,690.0,Tech
CUST_10836,2025-01-26,Savings,0.0,811.0,Unknown
CUST_10837,2025-02-16,Savings,5565.14,574.0,Finance
CUST_10838,2025-05-01,Credit Card,0.0,588.0,Education
CUST_10839,2025-02-25,Savings,8542.76,557.0,Unknown
CUST_10840,2025-04-04,Investment,3232.55,519.0,Unemployed
CUST_10841,2025-04-17,Savings,0.0,826.0,Retail
CUST_10842,2025-03-04,Credit Card,0.0,832.0,Finance
CUST_10843,2025-02-17,Savings,9101.12,358.0,Unemployed
CUST_10844,2025-03-02,Checking,0.0,659.0,Tech
CUST_10845,2025-03-22,Credit Card,0.0,412.0,Healthcare
CUST_10846,2025-01-26,Checking,5331.49,575.0,Healthcare
CUST_10847,2025-02-05,Checking,0.0,556.0,Unknown
CUST_10848,2025-01-01,Savings,0.0,628.0,Tech
CUST_10849,2025-01-08,Savings,6942.83,534.0,Unknown
CUST_10850,2025-04-23,Savings,2556.36,350.0,Education
CUST_10851,2025-04-09,Checking,0.0,520.0,Unemployed
CUST_10852,2025-06-29,Savings,8434.1,529.0,Retail
CUST_10853,2025-02-16,Savings,11358.98,521.0,NA
CUST_10854,2025-05-07,Checking,8597.43,353.0,Unemployed
CUST_10855,2025-02-25,Checking,8052.87,572.0,Finance
CUST_10856,2025-01-14,Credit Card,0.0,497.0,Education
CUST_10857,2025-01-28,Savings,24398.56,427.0,Healthcare
CUST_10858,2025-03-19,Savings,13362.06,308.0,Tech
CUST_10859,2025-05-10,Investment,0.0,526.0,Finance
CUST_10860,2025-04-19,Savings,4823.63,433.0,Education
CUST_10861,2025-06-03,Credit Card,7674.36,315.0,Unemployed
CUST_10862,2025-01-14,Credit Card,4409.9,514.0,Education
CUST_10863,2025-02-25,Credit Card,31895.91,411.0,Education
CUST_10864,2025-04-25,Savings,0.0,456.0,Unemployed
CUST_10865,2025-01-07,Credit Card,0.0,724.0,Finance
CUST_10866,2025-01-03,Credit Card,0.0,751.0,Unknown
CUST_10867,2025-04-21,Checking,6198.14,617.0,Retail
CUST_10868,2025-05-31,Savings,13160.22,659.0,Unemployed
CUST_10869,2025-04-17,Savings,10423.99,675.0,Finance
CUST_10870,2025-01-18,Savings,663.14,595.0,Unemployed
CUST_10871,2025-02-07,Checking,11098.1,497.0,Tech
CUST_10872,2025-04-25,Checking,553.26,697.0,Finance
CUST_10873,2025-01-15,Savings,16110.89,541.0,Education
CUST_10874,2025-04-29,Checking,21609.41,728.0,Retail
CUST_10875,2025-01-28,Savings,0.0,305.0,Retail
CUST_10876,2025-02-08,Checking,685.44,617.0,Tech
CUST_10877,2025-01-17,Investment,3115.02,511.0,Tech
CUST_10878,2025-03-27,Savings,26381.5,572.0,Healthcare
CUST_10879,2025-05-06,Savings,0.0,383.0,Healthcare
CUST_10880,2025-02-13,Savings,21464.94,659.0,Healthcare
CUST_10881,2025-01-25,Checking,0.0,680.0,Finance
CUST_10882,2025-05-25,Credit Card,23653.18,839.0,Retail
CUST_10883,2025-01-13,Investment,17778.25,440.0,Tech
CUST_10884,2025-01-25,Savings,2665.14,,Unknown
CUST_10885,2025-03-09,Investment,18750.11,472.0,Healthcare
CUST_10886,2025-05-18,Savings,0.0,319.0,Tech
CUST_10887,2025-03-08,Checking,0.0,802.0,Healthcare
CUST_10888,2025-04-19,Savings,30596.94,526.0,Finance
CUST_10889,2025-05-26,Credit Card,0.0,408.0,Unemployed
CUST_10890,2025-04-21,Checking,15155.04,619.0,Finance
CUST_10891,2025-04-21,Checking,21632.62,607.0,Education
CUST_10892,2025-02-03,Credit Card,17094.98,386.0,Tech
CUST_10893,2025-04-21,Savings,13989.08,527.0,Unknown
CUST_10894,2025-01-08,Savings,15202.64,609.0,Unemployed
CUST_10895,2025-06-17,Credit Card,20861.8,,Unemployed
CUST_10896,2025-04-23,Savings,9765.83,684.0,Education
CUST_10897,2025-03-24,Savings,4405.37,412.0,Unemployed
CUST_10898,2025-02-11,Checking,0.0,592.0,Finance
CUST_10899,2025-06-18,Checking,9771.9,604.0,Unemployed
CUST_10900,2025-04-11,Savings,20425.08,590.0,Unknown
CUST_10901,2025-01-06,Savings,0.0,404.0,Finance
CUST_10902,2025-06-29,Savings,1564.15,590.0,Unemployed
CUST_10903,2025-01-26,Checking,11380.6,776.0,Unemployed
CUST_10904,2025-03-05,Credit Card,27685.49,820.0,Tech
CUST_10905,2025-02-28,Investment,0.0,359.0,Unknown
CUST_10906,2025-04-19,Checking,16901.79,,Education
CUST_10907,2025-05-01,Savings,-366.8,405.0,Unemployed
CUST_10908,2025-02-02,Investment,0.0,388.0,Unknown
CUST_10909,2025-05-30,Checking,0.0,567.0,Unemployed
CUST_10910,2025-01-21,Savings,0.0,418.0,Education
CUST_10911,2025-03-11,Investment,12486.6,744.0,Education
CUST_10912,2025-04-22,Credit Card,1583.43,728.0,Tech
CUST_10913,2025-01-04,Credit Card,15713.56,650.0,Tech
CUST_10914,2025-04-04,Credit Card,0.0,605.0,Tech
CUST_10915,2025-03-16,Savings,15454.96,501.0,Retail
CUST_10916,2025-03-03,Savings,11506.9,322.0,Unemployed
CUST_10917,2025-04-04,Checking,0.0,389.0,Unknown
CUST_10918,2025-04-05,Savings,27593.5,770.0,Finance
CUST_10919,2025-06-01,Checking,10098.57,392.0,Retail
CUST_10920,2025-02-24,Credit Card,16481.46,584.0,Retail
CUST_10921,2025-05-17,Credit Card,22342.04,608.0,Finance
CUST_10922,2025-05-11,Checking,19525.63,835.0,Unemployed
CUST_10923,2025-01-31,Credit Card,3108.46,675.0,Healthcare
CUST_10924,2025-02-09,Credit Card,15877.4,798.0,Healthcare
CUST_10925,2025-02-05,Checking,0.0,441.0,Healthcare
CUST_10926,2025-06-01,Savings,10906.49,351.0,Unknown
CUST_10927,2025-01-06,Savings,30987.28,369.0,Tech
CUST_10928,2025-03-07,Savings,0.0,559.0,Tech
CUST_10929,2025-03-16,Savings,18731.8,592.0,Education
CUST_10930,2025-01-04,Savings,31594.76,677.0,Unknown
CUST_10931,2025-03-20,Savings,15338.1,338.0,Unknown
CUST_10932,2025-05-14,Checking,20381.1,647.0,Education
CUST_10933,2025-04-28,Investment,0.0,824.0,Retail
CUST_10934,2025-04-23,Savings,0.0,805.0,Education
CUST_10935,2025-04-04,Credit Card,26446.03,681.0,Tech
CUST_10936,2025-06-28,Checking,19405.25,724.0,Retail
CUST_10937,2025-03-03,Savings,12440.32,735.0,Education
CUST_10938,2025-03-20,Investment,1030.83,621.0,Education
CUST_10939,2025-05-16,Checking,9269.32,549.0,Unknown
CUST_10940,2025-01-26,Savings,31072.2,479.0,Healthcare
CUST_10941,2025-06-28,Credit Card,3471.46,328.0,Tech
CUST_10942,2025-06-22,Savings,15488.77,795.0,Retail
CUST_10943,2025-02-13,Checking,15094.7,625.0,Finance
CUST_10944,2025-05-13,Savings,0.0,486.0,Unemployed
CUST_10945,2025-03-11,Credit Card,0.0,354.0,Education
CUST_10946,2025-06-03,Checking,27905.2,813.0,Tech
CUST_10947,2025-04-28,Checking,13551.95,709.0,Retail
CUST_10948,2025-03-09,Savings,0.0,316.0,NA
CUST_10949,2025-01-19,Checking,330.81,387.0,Unknown
CUST_10950,2025-01-20,Credit Card,0.0,522.0,Tech
CUST_10951,2025-04-23,Checking,20997.52,357.0,Tech
CUST_10952,2025-05-20,Checking,1223.5,529.0,Retail
CUST_10953,2025-02-16,Checking,1423.31,453.0,Healthcare
CUST_10954,2025-01-01,Credit Card,17613.78,572.0,Unemployed
CUST_10955,2025-03-31,Checking,0.0,345.0,Healthcare
CUST_10956,2025-05-22,Credit Card,4446.46,751.0,Education
CUST_10957,2025-03-05,Credit Card,4836.48,605.0,Healthcare
CUST_10958,2025-02-07,Checking,715.87,726.0,Education
CUST_10959,2025-02-06,Savings,0.0,417.0,Education
CUST_10960,2025-05-06,Checking,0.0,550.0,Retail
CUST_10961,2025-05-19,Credit Card,9236.76,702.0,Tech
CUST_10962,2025-04-10,Savings,0.0,499.0,Finance
CUST_10963,2025-03-18,Checking,7417.77,445.0,Unknown
CUST_10964,2025-01-03,Credit Card,0.0,350.0,Finance
CUST_10965,2025-06-10,Savings,0.0,667.0,Healthcare
CUST_10966,2025-05-14,Checking,7954.87,619.0,Retail
CUST_10967,2025-06-27,Savings,0.0,498.0,Finance
CUST_10968,2025-01-10,Savings,24005.67,740.0,Unknown
CUST_10969,2025-01-05,Credit Card,2899.01,444.0,Tech
CUST_10970,2025-05-31,Savings,20699.73,358.0,Education
CUST_10971,2025-05-18,Savings,0.0,442.0,Education
CUST_10972,2025-06-21,Credit Card,0.0,522.0,Retail
CUST_10973,2025-05-10,Savings,0.0,399.0,Healthcare
CUST_10974,2025-01-13,Investment,0.0,325.0,Tech
CUST_10975,2025-06-17,Investment,1510.91,731.0,Unknown
CUST_10976,2025-05-10,Savings,6155.42,825.0,Healthcare
CUST_10977,2025-03-25,Savings,15460.26,421.0,Unknown
CUST_10978,2025-03-06,Credit Card,14371.93,764.0,Healthcare
CUST_10979,2025-03-04,Checking,22034.62,564.0,Retail
CUST_10980,2025-04-11,Savings,0.0,306.0,Education
CUST_10981,2025-03-14,Credit Card,5462.36,519.0,Healthcare
CUST_10982,2025-01-17,Savings,0.0,695.0,Unknown
CUST_10983,2025-01-09,Credit Card,11213.52,756.0,Healthcare
CUST_10984,2025-05-23,Savings,32063.83,407.0,Tech
CUST_10985,2025-06-01,Savings,0.0,791.0,Unemployed
CUST_10986,2025-02-07,Savings,15313.22,759.0,Education
CUST_10987,2025-06-12,Investment,20729.61,308.0,Healthcare
CUST_10988,2025-04-04,Checking,0.0,666.0,Unemployed
CUST_10989,2025-04-05,Credit Card,11544.92,424.0,Finance
CUST_10990,2025-02-18,Savings,-399.0,461.0,Unknown
CUST_10991,2025-03-10,Savings,3182.51,335.0,Unemployed
CUST_10992,2025-03-03,Savings,0.0,303.0,Finance
CUST_10993,2025-06-27,Checking,1626.87,712.0,Unknown
CUST_10994,2025-03-19,Checking,22332.95,386.0,Education
CUST_10995,2025-04-27,Checking,3812.88,782.0,Education
CUST_10996,2025-04-30,Savings,0.0,357.0,Retail
CUST_10997,2025-05-17,Investment,6034.96,439.0,Unemployed
CUST_10998,2025-06-11,Savings,0.0,471.0,Unknown
CUST_10999,2025-03-17,Investment,0.0,559.0,Healthcare
CUST_11000,2025-02-04,Savings,23728.87,794.0,Finance
CUST_11001,2025-01-01,Checking,2819.82,324.0,Unemployed
CUST_11002,2025-02-09,Savings,0.0,497.0,Finance
CUST_11003,2025-03-05,Checking,7594.55,722.0,Unknown
CUST_11004,2025-05-30,Checking,16049.3,417.0,Education
CUST_11005,2025-03-01,Checking,24931.12,305.0,Unknown
CUST_11006,2025-03-05,Checking,0.0,396.0,Education
CUST_11007,2025-04-03,Credit Card,0.0,371.0,Tech
CUST_11008,2025-03-13,Checking,1652.42,731.0,NA
CUST_11009,2025-01-11,Credit Card,20437.41,679.0,Unknown
CUST_11010,2025-04-15,Savings,5855.63,849.0,Education
CUST_11011,2025-01-14,Checking,37488.2,355.0,Tech
CUST_11012,2025-03-01,Checking,2584.88,402.0,Education
CUST_11013,2025-01-30,Savings,31452.28,515.0,Unemployed
CUST_11014,2025-02-04,Checking,0.0,320.0,Education
CUST_11015,2025-06-14,Savings,0.0,509.0,Retail
CUST_11016,2025-01-05,Savings,3478.57,590.0,Tech
CUST_11017,2025-03-24,Savings,22090.8,487.0,Healthcare
CUST_11018,2025-05-03,Savings,0.0,450.0,Healthcare
CUST_11019,2025-03-19,Checking,0.0,490.0,Unemployed
CUST_11020,2025-06-03,Checking,20375.22,706.0,Retail
CUST_11021,2025-03-03,Investment,15576.5,513.0,Unknown
CUST_11022,2025-05-12,Credit Card,0.0,777.0,Healthcare
CUST_11023,2025-03-30,Savings,0.0,493.0,Healthcare
CUST_11024,2025-02-11,Credit Card,17439.38,549.0,Unemployed
CUST_11025,2025-03-30,Credit Card,0.0,340.0,Unemployed
CUST_11026,2025-05-26,Checking,21192.85,669.0,Retail
CUST_11027,2025-02-09,Checking,15377.43,319.0,NA
CUST_11028,2025-03-13,Investment,0.0,308.0,Retail
CUST_11029,2025-02-08,Checking,5233.52,502.0,Retail
CUST_11030,2025-04-14,Investment,0.0,317.0,Tech
CUST_11031,2025-01-14,Savings,0.0,618.0,Healthcare
CUST_11032,2025-02-01,Savings,0.0,581.0,Unknown
CUST_11033,2025-06-28,Checking,0.0,775.0,Healthcare
CUST_11034,2025-05-05,Checking,38272.41,551.0,Finance
CUST_11035,2025-06-15,Credit Card,17960.87,639.0,Unknown
CUST_11036,2025-04-07,Investment,25511.59,761.0,Retail
CUST_11037,2025-01-23,Savings,2895.7,700.0,Education
CUST_11038,2025-03-04,Savings,5457.01,670.0,Finance
CUST_11039,2025-05-23,Credit Card,28710.91,581.0,Finance
CUST_11040,2025-06-02,Checking,11505.99,689.0,Healthcare
CUST_11041,2025-05-25,Savings,14183.63,636.0,Healthcare
CUST_11042,2025-02-22,Checking,0.0,644.0,Healthcare
CUST_11043,2025-04-14,Credit Card,0.0,818.0,Healthcare
CUST_11044,2025-04-14,Credit Card,8915.6,572.0,Finance
CUST_11045,2025-06-28,Checking,10594.54,552.0,Unemployed
CUST_11046,2025-02-08,Savings,0.0,673.0,Retail
CUST_11047,2025-06-28,Investment,10376.85,305.0,Unemployed
CUST_11048,2025-05-14,Checking,0.0,713.0,Unemployed
CUST_11049,2025-03-08,Checking,5207.45,797.0,Healthcare
CUST_11050,2025-05-15,Savings,0.0,,Tech
CUST_11051,2025-06-28,Credit Card,24919.86,697.0,Finance
CUST_11052,2025-02-11,Savings,331.67,537.0,Unknown
CUST_11053,2025-01-15,Savings,0.0,789.0,Unknown
CUST_11054,2025-04-21,Checking,0.0,321.0,Education
CUST_11055,2025-06-06,Savings,0.0,740.0,Education
CUST_11056,2025-02-02,Checking,11546.15,340.0,Retail
CUST_11057,2025-06-04,Savings,20057.03,557.0,Finance
CUST_11058,2025-06-13,Checking,18555.99,750.0,Finance
CUST_11059,2025-06-06,Savings,25948.87,347.0,Finance
CUST_11060,2025-02-07,Savings,31222.71,802.0,Unemployed
CUST_11061,2025-04-07,Savings,19368.9,438.0,Tech
CUST_11062,2025-06-04,Investment,0.0,501.0,Unknown
CUST_11063,2025-02-02,Credit Card,7542.22,808.0,Unknown
CUST_11064,2025-03-27,Savings,0.0,585.0,Tech
CUST_11065,2025-03-07,Credit Card,14563.7,532.0,Unemployed
CUST_11066,2025-01-10,Checking,7238.98,615.0,Healthcare
CUST_11067,2025-01-05,Investment,28928.42,760.0,Unemployed
CUST_11068,2025-05-03,Savings,0.0,849.0,Education
CUST_11069,2025-03-15,Checking,12732.73,620.0,Unknown
CUST_11070,2025-04-07,Savings,0.0,474.0,Unemployed
CUST_11071,2025-04-28,Savings,3349.5,338.0,Tech
CUST_11072,2025-02-07,Investment,0.0,732.0,Education
CUST_11073,2025-05-21,Checking,25340.7,784.0,Unemployed
CUST_11074,2025-06-08,Savings,20789.74,357.0,Finance
CUST_11075,2025-02-16,Savings,0.0,795.0,Tech
CUST_11076,2025-04-19,Credit Card,8927.53,433.0,Education
CUST_11077,2025-06-29,Checking,5577.28,808.0,NA
CUST_11078,2025-01-15,Savings,0.0,455.0,Finance
CUST_11079,2025-06-06,Investment,6847.9,500.0,Finance
CUST_11080,2025-05-16,Savings,0.0,798.0,Finance
CUST_11081,2025-01-05,Savings,19705.08,701.0,Healthcare
CUST_11082,2025-06-06,Investment,1837.88,795.0,Unemployed
CUST_11083,2025-02-16,Savings,40858.03,787.0,Education
CUST_11084,2025-03-09,Savings,3832.28,459.0,Unknown
CUST_11085,2025-03-17,Checking,6691.56,510.0,Healthcare
CUST_11086,2025-06-22,Credit Card,12922.38,752.0,Unknown
CUST_11087,2025-05-10,Savings,17555.77,369.0,Retail
CUST_11088,2025-06-04,Investment,6169.62,613.0,Retail
CUST_11089,2025-04-05,Credit Card,12595.69,730.0,Unknown
CUST_11090,2025-04-25,Savings,7742.06,681.0,Unknown
CUST_11091,2025-06-13,Credit Card,0.0,466.0,Unknown
CUST_11092,2025-02-05,Savings,0.0,690.0,Tech
CUST_11093,2025-01-26,Checking,15488.71,618.0,Tech
CUST_11094,2025-02-12,Credit Card,27758.47,416.0,Tech
CUST_11095,2025-01-27,Investment,0.0,811.0,Unknown
CUST_11096,2025-03-10,Savings,0.0,502.0,Healthcare
CUST_11097,2025-05-28,Checking,0.0,461.0,Unemployed
CUST_11098,2025-01-11,Checking,16627.17,761.0,Finance
CUST_11099,2025-03-15,Savings,17879.04,500.0,Tech
CUST_11100,2025-04-14,Savings,0.0,530.0,Tech
CUST_11101,2025-02-07,Savings,38086.8,815.0,Unemployed
CUST_11102,2025-05-14,Checking,0.0,505.0,Retail
CUST_11103,2025-01-23,Checking,26534.67,630.0,Unknown
CUST_11104,2025-02-16,Savings,17128.11,646.0,Finance
CUST_11105,2025-03-31,Credit Card,0.0,648.0,Healthcare
CUST_11106,2025-02-15,Credit Card,0.0,459.0,Unemployed
CUST_11107,2025-04-17,Checking,0.0,551.0,Finance
CUST_11108,2025-05-20,Savings,0.0,521.0,Retail
CUST_11109,2025-05-21,Checking,1201.68,693.0,Healthcare
CUST_11110,2025-04-14,Savings,0.0,695.0,Unknown
CUST_11111,2025-04-21,Savings,2375.79,466.0,Education
CUST_11112,2025-04-14,Credit Card,33994.35,751.0,Unknown
CUST_11113,2025-03-01,Savings,15450.32,437.0,Unknown
CUST_11114,2025-06-20,Savings,0.0,509.0,Tech
CUST_11115,2025-04-10,Savings,0.0,513.0,Healthcare
CUST_11116,2025-03-09,Savings,0.0,659.0,Retail
CUST_11117,2025-05-13,Savings,36066.99,534.0,Finance
CUST_11118,2025-04-30,Investment,0.0,696.0,Healthcare
CUST_11119,2025-02-06,Savings,4973.46,603.0,Retail
CUST_11120,2025-03-13,Savings,11980.44,408.0,Unemployed
CUST_11121,2025-05-07,Savings,23232.33,689.0,Unknown
CUST_11122,2025-04-16,Investment,9.94,419.0,Healthcare
CUST_11123,2025-04-02,Checking,0.0,509.0,Tech
CUST_11124,2025-01-31,Savings,9342.51,726.0,Unemployed
CUST_11125,2025-05-02,Credit Card,24719.96,843.0,Finance
CUST_11126,2025-05-17,Savings,906.75,629.0,Unemployed
CUST_11127,2025-02-20,Savings,0.0,525.0,Finance
CUST_11128,2025-01-29,Savings,6653.1,446.0,Healthcare
CUST_11129,2025-02-09,Savings,0.0,639.0,Unemployed
CUST_11130,2025-02-10,Savings,1720.12,479.0,Retail
CUST_11131,2025-01-11,Checking,22670.39,589.0,Tech
CUST_11132,2025-05-31,Savings,18122.7,486.0,Unknown
CUST_11133,2025-01-01,Checking,2842.04,785.0,Tech
CUST_11134,2025-02-15,Savings,29889.94,636.0,Healthcare
CUST_11135,2025-04-11,Savings,33648.12,407.0,Education
CUST_11136,2025-05-29,Checking,14961.29,425.0,Unemployed
CUST_11137,2025-03-31,Investment,0.0,333.0,Healthcare
CUST_11138,2025-04-20,Savings,0.0,737.0,Unemployed
CUST_11139,2025-06-13,Checking,25752.35,575.0,Tech
CUST_11140,2025-02-26,Savings,8670.92,793.0,Unknown
CUST_11141,2025-01-01,Savings,29533.31,481.0,Unemployed
CUST_11142,2025-03-04,Savings,0.0,538.0,NA
CUST_11143,2025-02-24,Savings,2582.22,647.0,Finance
CUST_11144,2025-04-25,Savings,20437.86,445.0,Healthcare
CUST_11145,2025-06-17,Savings,0.0,343.0,Unknown
CUST_11146,2025-05-23,Credit Card,20221.78,798.0,Unknown
CUST_11147,2025-05-29,Savings,3158.31,594.0,Healthcare
CUST_11148,2025-06-24,Checking,5420.91,830.0,Finance
CUST_11149,2025-02-22,Savings,0.0,510.0,Unemployed
CUST_11150,2025-05-17,Checking,8770.79,701.0,Unknown
CUST_11151,2025-06-29,Checking,37891.85,530.0,Healthcare
CUST_11152,2025-02-26,Savings,10820.33,638.0,Retail
CUST_11153,2025-04-27,Savings,0.0,304.0,Finance
CUST_11154,2025-06-03,Credit Card,25933.12,610.0,Finance
CUST_11155,2025-06-18,Credit Card,0.0,461.0,Unemployed
CUST_11156,2025-02-04,Savings,30816.55,515.0,Finance
CUST_11157,2025-03-04,Savings,0.0,470.0,Tech
CUST_11158,2025-01-25,Credit Card,9090.63,551.0,Healthcare
CUST_11159,2025-03-31,Savings,27894.69,337.0,Education
CUST_11160,2025-03-16,Checking,0.0,527.0,Healthcare
CUST_11161,2025-02-07,Savings,6247.4,577.0,Healthcare
CUST_11162,2025-05-10,Savings,22359.34,584.0,Tech
CUST_11163,2025-05-15,Checking,0.0,809.0,Retail
CUST_11164,2025-06-11,Checking,18903.26,665.0,Unknown
CUST_11165,2025-04-01,Savings,3681.1,367.0,Retail
CUST_11166,2025-01-17,Checking,26629.31,403.0,Tech
CUST_11167,2025-05-08,Credit Card,0.0,700.0,NA
CUST_11168,2025-06-20,Checking,0.0,545.0,Tech
CUST_11169,2025-04-18,Savings,0.0,491.0,Healthcare
CUST_11170,2025-06-28,Checking,0.0,595.0,Tech
CUST_11171,2025-06-01,Credit Card,1902.71,443.0,Education
CUST_11172,2025-01-25,Credit Card,0.0,325.0,Unknown
CUST_11173,2025-06-29,Checking,0.0,550.0,Finance
CUST_11174,2025-03-29,Savings,3575.65,492.0,Retail
CUST_11175,2025-06-10,Credit Card,8476.95,680.0,Unemployed
CUST_11176,2025-06-26,Checking,2101.36,301.0,Education
CUST_11177,2025-01-29,Savings,9302.42,344.0,Unemployed
CUST_11178,2025-03-04,Checking,6274.22,302.0,Retail
CUST_11179,2025-05-30,Savings,0.0,748.0,Unknown
CUST_11180,2025-06-03,Checking,487.21,434.0,Healthcare
CUST_11181,2025-06-05,Savings,6708.5,590.0,Healthcare
CUST_11182,2025-04-24,Checking,1442.44,577.0,Tech
CUST_11183,2025-02-18,Investment,0.0,475.0,Retail
CUST_11184,2025-03-22,Credit Card,23346.69,581.0,Healthcare
CUST_11185,2025-03-25,Investment,0.0,419.0,Healthcare
CUST_11186,2025-04-15,Investment,0.0,473.0,Unemployed
CUST_11187,2025-06-26,Savings,5612.28,738.0,Unemployed
CUST_11188,2025-05-28,Checking,263.65,758.0,Retail
CUST_11189,2025-04-28,Checking,14021.62,640.0,Healthcare
CUST_11190,2025-03-27,Credit Card,18089.81,420.0,Unknown
CUST_11191,2025-03-04,Savings,15808.47,792.0,Tech
CUST_11192,2025-04-14,Investment,4973.25,575.0,Healthcare
CUST_11193,2025-02-18,Checking,13299.46,328.0,Education
CUST_11194,2025-03-12,Credit Card,0.0,543.0,Education
CUST_11195,2025-01-01,Savings,21415.41,620.0,Tech
CUST_11196,2025-05-21,Savings,0.0,651.0,Education
CUST_11197,2025-06-28,Credit Card,34549.07,831.0,Unemployed
CUST_11198,2025-05-03,Savings,21872.0,380.0,Healthcare
CUST_11199,2025-03-03,Credit Card,2040.72,592.0,Education
CUST_11200,2025-02-01,Savings,5321.16,593.0,NA
CUST_11201,2025-06-07,Checking,22760.92,796.0,Healthcare
CUST_11202,2025-01-29,Savings,0.0,757.0,Retail
CUST_11203,2025-02-18,Checking,2596.54,359.0,Tech
CUST_11204,2025-06-22,Checking,30521.36,842.0,Retail
CUST_11205,2025-01-30,Savings,17672.8,679.0,Retail
CUST_11206,2025-05-24,Savings,0.0,623.0,Education
CUST_11207,2025-06-17,Savings,9717.12,361.0,Finance
CUST_11208,2025-01-19,Checking,0.0,445.0,Retail
CUST_11209,2025-01-18,Checking,-122.0,661.0,Unknown
CUST_11210,2025-01-01,Credit Card,10007.56,352.0,NA
CUST_11211,2025-03-19,Checking,12647.38,701.0,Healthcare
CUST_11212,2025-04-25,Checking,15941.28,748.0,Healthcare
CUST_11213,2025-06-24,Savings,23506.81,382.0,Finance
CUST_11214,2025-04-23,Savings,0.0,678.0,Finance
CUST_11215,2025-04-24,Savings,5360.32,757.0,Unemployed
CUST_11216,2025-06-15,Investment,0.0,380.0,Tech
CUST_11217,2025-06-28,Credit Card,0.0,813.0,Unknown
CUST_11218,2025-03-04,Savings,0.0,608.0,Unknown
CUST_11219,2025-05-12,Checking,12491.05,793.0,Finance
CUST_11220,2025-05-09,Credit Card,20795.29,535.0,Tech
CUST_11221,2025-01-08,Checking,21605.21,336.0,Unemployed
CUST_11222,2025-06-06,Savings,0.0,624.0,Healthcare
CUST_11223,2025-02-24,Savings,3150.53,355.0,Unknown
CUST_11224,2025-04-13,Checking,0.0,420.0,Finance
CUST_11225,2025-05-11,Investment,0.0,613.0,Unknown
CUST_11226,2025-02-01,Checking,0.0,510.0,Education
CUST_11227,2025-01-10,Savings,10149.47,402.0,Unemployed
CUST_11228,2025-04-20,Savings,12783.73,,Education
CUST_11229,2025-06-11,Credit Card,14813.44,337.0,Education
CUST_11230,2025-05-04,Credit Card,13885.38,713.0,Finance
CUST_11231,2025-03-28,Checking,0.0,523.0,Finance
CUST_11232,2025-02-24,Checking,22741.39,592.0,Finance
CUST_11233,2025-02-01,Savings,17049.2,454.0,Education
CUST_11234,2025-06-27,Credit Card,0.0,331.0,Healthcare
CUST_11235,2025-05-15,Credit Card,0.0,533.0,Retail
CUST_11236,2025-04-03,Savings,0.0,788.0,Healthcare
CUST_11237,2025-01-08,Credit Card,0.0,632.0,Finance
CUST_11238,2025-03-06,Savings,14990.37,316.0,Unknown
CUST_11239,2025-02-26,Savings,17330.93,713.0,Retail
CUST_11240,2025-03-08,Savings,0.0,539.0,Unknown
CUST_11241,2025-03-13,Savings,0.0,585.0,Unemployed
CUST_11242,2025-02-23,Savings,0.0,645.0,Retail
CUST_11243,2025-03-08,Checking,6653.67,674.0,Healthcare
CUST_11244,2025-02-20,Checking,0.0,315.0,Education
CUST_11245,2025-04-07,Checking,21917.15,559.0,Tech
CUST_11246,2025-04-02,Savings,21019.37,660.0,Education
CUST_11247,2025-01-08,Savings,11365.17,698.0,Education
CUST_11248,2025-06-11,Checking,17146.04,759.0,Unknown
CUST_11249,2025-02-04,Savings,5881.33,815.0,Retail
CUST_11250,2025-04-06,Savings,11977.31,384.0,NA
CUST_11251,2025-03-29,Credit Card,0.0,362.0,Finance
CUST_11252,2025-03-19,Credit Card,25857.19,399.0,Retail
CUST_11253,2025-02-01,Credit Card,0.0,594.0,Education
CUST_11254,2025-04-30,Checking,3067.99,461.0,Healthcare
CUST_11255,2025-02-15,Savings,42308.01,477.0,Unemployed
CUST_11256,2025-05-24,Checking,1699.89,743.0,Unknown
CUST_11257,2025-06-14,Savings,16091.03,,Tech
CUST_11258,2025-05-22,Checking,12717.99,627.0,Education
CUST_11259,2025-02-24,Savings,0.0,341.0,Unknown
CUST_11260,2025-06-25,Credit Card,0.0,541.0,Education
CUST_11261,2025-01-07,Savings,35538.33,641.0,Tech
CUST_11262,2025-03-15,Investment,13687.44,,Healthcare
CUST_11263,2025-01-07,Credit Card,4746.87,327.0,Tech
CUST_11264,2025-06-10,Checking,0.0,758.0,Retail
CUST_11265,2025-05-31,Credit Card,9801.16,684.0,Tech
CUST_11266,2025-03-26,Checking,11227.22,786.0,Tech
CUST_11267,2025-05-27,Credit Card,8397.82,519.0,Education
CUST_11268,2025-04-22,Checking,21034.41,563.0,Unknown
CUST_11269,2025-05-05,Credit Card,0.0,420.0,Education
CUST_11270,2025-05-27,Checking,0.0,345.0,Finance
CUST_11271,2025-02-05,Investment,20646.06,579.0,Tech
CUST_11272,2025-01-29,Checking,36690.31,414.0,Retail
CUST_11273,2025-03-23,Checking,17638.89,467.0,Finance
CUST_11274,2025-01-02,Credit Card,24466.31,734.0,Unemployed
CUST_11275,2025-05-09,Credit Card,3877.39,545.0,Tech
CUST_11276,2025-02-16,Checking,8991.73,783.0,Education
CUST_11277,2025-05-28,Savings,8789.85,674.0,Retail
CUST_11278,2025-01-11,Checking,4168.6,579.0,Healthcare
CUST_11279,2025-05-10,Investment,26169.45,321.0,Finance
CUST_11280,2025-04-29,Credit Card,21737.71,367.0,Education
CUST_11281,2025-05-20,Credit Card,0.0,357.0,Healthcare
CUST_11282,2025-01-20,Savings,0.0,826.0,Tech
CUST_11283,2025-01-05,Checking,4046.39,563.0,Retail
CUST_11284,2025-02-06,Checking,0.0,722.0,Education
CUST_11285,2025-06-15,Credit Card,5355.13,798.0,Education
CUST_11286,2025-05-17,Savings,0.0,590.0,Retail
CUST_11287,2025-02-22,Credit Card,23847.75,468.0,Education
CUST_11288,2025-06-21,Checking,15266.34,761.0,Education
CUST_11289,2025-04-09,Savings,14901.97,652.0,Tech
CUST_11290,2025-03-27,Savings,21082.79,539.0,Finance
CUST_11291,2025-04-18,Savings,10866.61,582.0,Healthcare
CUST_11292,2025-01-24,Checking,13202.03,748.0,Unemployed
CUST_11293,2025-03-22,Savings,26520.48,365.0,Retail
CUST_11294,2025-06-07,Savings,2982.27,626.0,Healthcare
CUST_11295,2025-04-30,Credit Card,14076.73,,Retail
CUST_11296,2025-02-28,Savings,0.0,776.0,Unemployed
CUST_11297,2025-05-08,Savings,6189.15,584.0,NA
CUST_11298,2025-04-24,Checking,38889.26,330.0,Education
CUST_11299,2025-04-25,Checking,17222.38,747.0,Unemployed
CUST_11300,2025-01-14,Credit Card,3710.09,513.0,Unemployed
CUST_11301,2025-01-09,Checking,8968.11,324.0,Tech
CUST_11302,2025-02-09,Credit Card,4685.03,672.0,Retail
CUST_11303,2025-01-25,Checking,8475.51,696.0,Unemployed
CUST_11304,2025-04-13,Savings,0.0,636.0,Healthcare
CUST_11305,2025-01-22,Savings,12423.07,579.0,Finance
CUST_11306,2025-01-04,Checking,12954.65,847.0,Healthcare
CUST_11307,2025-06-03,Savings,5099.57,497.0,Unemployed
CUST_11308,2025-01-29,Credit Card,7100.89,778.0,Tech
CUST_11309,2025-04-19,Checking,10111.52,369.0,Finance
CUST_11310,2025-04-08,Savings,0.0,804.0,Unknown
CUST_11311,2025-02-06,Savings,12279.06,409.0,Education
CUST_11312,2025-03-16,Savings,16702.37,681.0,Unknown
CUST_11313,2025-03-11,Checking,26972.99,696.0,Unknown
CUST_11314,2025-05-26,Checking,9775.59,708.0,Healthcare
CUST_11315,2025-05-08,Checking,0.0,650.0,Healthcare
CUST_11316,2025-03-26,Savings,3455.94,833.0,Unemployed
CUST_11317,2025-02-11,Checking,0.0,800.0,Retail
CUST_11318,2025-04-10,Credit Card,15910.29,720.0,NA
CUST_11319,2025-02-10,Savings,0.0,410.0,Finance
CUST_11320,2025-06-15,Checking,20369.83,508.0,Education
CUST_11321,2025-02-03,Investment,22179.86,738.0,Retail
CUST_11322,2025-01-17,Savings,0.0,477.0,Unemployed
CUST_11323,2025-06-14,Checking,24129.21,724.0,Healthcare
CUST_11324,2025-06-02,Savings,20409.29,627.0,Finance
CUST_11325,2025-05-02,Checking,649.22,310.0,Retail
CUST_11326,2025-03-17,Savings,0.0,551.0,Retail
CUST_11327,2025-03-28,Investment,0.0,534.0,Tech
CUST_11328,2025-04-27,Credit Card,0.0,,Finance
CUST_11329,2025-04-16,Credit Card,24740.84,777.0,Finance
CUST_11330,2025-03-27,Credit Card,0.0,428.0,Unemployed
CUST_11331,2025-01-27,Checking,18579.85,831.0,Education
CUST_11332,2025-02-26,Checking,3139.09,,Retail
CUST_11333,2025-01-31,Credit Card,5826.13,589.0,Finance
CUST_11334,2025-05-14,Investment,0.0,525.0,Unemployed
CUST_11335,2025-06-17,Checking,0.0,424.0,Education
CUST_11336,2025-04-08,Investment,24396.46,737.0,Retail
CUST_11337,2025-01-12,Checking,2664.16,646.0,Unknown
CUST_11338,2025-02-22,Checking,9509.89,482.0,Healthcare
CUST_11339,2025-05-18,Checking,32095.36,650.0,Tech
CUST_11340,2025-06-22,Savings,3085.61,814.0,Education
CUST_11341,2025-05-25,Savings,2236.31,677.0,Tech
CUST_11342,2025-06-03,Savings,23091.29,764.0,Healthcare
CUST_11343,2025-05-02,Checking,5185.25,639.0,Finance
CUST_11344,2025-02-15,Savings,9800.11,440.0,Retail
CUST_11345,2025-03-05,Checking,19952.24,410.0,Unknown
CUST_11346,2025-05-10,Investment,5001.72,560.0,Finance
CUST_11347,2025-02-23,Savings,16813.83,487.0,Tech
CUST_11348,2025-04-17,Checking,3262.31,670.0,Unknown
CUST_11349,2025-02-20,Savings,19717.09,657.0,Finance
CUST_11350,2025-02-05,Savings,11319.91,572.0,Finance
CUST_11351,2025-04-25,Credit Card,1618.94,748.0,NA
CUST_11352,2025-01-26,Checking,6113.74,716.0,Unknown
CUST_11353,2025-01-29,Credit Card,0.0,687.0,Unemployed
CUST_11354,2025-05-29,Savings,22906.6,637.0,Education
CUST_11355,2025-01-11,Checking,0.0,610.0,Healthcare
CUST_11356,2025-02-09,Savings,0.0,628.0,Education
CUST_11357,2025-01-11,Savings,0.0,346.0,Education
CUST_11358,2025-06-13,Savings,0.0,448.0,Education
CUST_11359,2025-04-23,Savings,12014.24,649.0,Unknown
CUST_11360,2025-02-08,Savings,10415.21,622.0,Education
CUST_11361,2025-02-23,Savings,0.0,419.0,Unemployed
CUST_11362,2025-04-08,Investment,0.0,697.0,Unknown
CUST_11363,2025-02-24,Savings,0.0,496.0,Healthcare
CUST_11364,2025-04-21,Savings,14221.98,712.0,Education
CUST_11365,2025-06-01,Savings,0.0,738.0,Education
CUST_11366,2025-05-30,Checking,0.0,336.0,Tech
CUST_11367,2025-03-10,Savings,0.0,486.0,Education
CUST_11368,2025-02-25,Credit Card,16531.17,719.0,NA
CUST_11369,2025-02-02,Investment,-43.34,759.0,Unemployed
CUST_11370,2025-02-05,Savings,13201.24,409.0,Healthcare
CUST_11371,2025-05-28,Checking,23743.06,486.0,Finance
CUST_11372,2025-03-22,Savings,23996.41,770.0,Education
CUST_11373,2025-04-19,Checking,0.0,377.0,Retail
CUST_11374,2025-06-03,Checking,9641.9,673.0,Finance
CUST_11375,2025-03-14,Savings,21820.91,629.0,Healthcare
CUST_11376,2025-02-09,Savings,15447.15,424.0,Finance
CUST_11377,2025-01-17,Checking,16929.95,615.0,Retail
CUST_11378,2025-05-09,Checking,0.0,619.0,Tech
CUST_11379,2025-03-02,Savings,15217.2,774.0,Retail
CUST_11380,2025-06-20,Checking,0.0,788.0,Unemployed
CUST_11381,2025-04-14,Checking,14970.29,813.0,Unemployed
CUST_11382,2025-02-11,Credit Card,14642.12,633.0,Finance
CUST_11383,2025-01-25,Savings,13848.76,370.0,Education
CUST_11384,2025-02-08,Credit Card,3340.26,764.0,Tech
CUST_11385,2025-02-04,Checking,24741.37,675.0,Unemployed
CUST_11386,2025-05-11,Savings,12654.62,307.0,Retail
CUST_11387,2025-04-18,Checking,9822.74,463.0,Education
CUST_11388,2025-06-21,Checking,0.0,594.0,Retail
CUST_11389,2025-06-28,Investment,10941.37,657.0,Healthcare
CUST_11390,2025-04-12,Savings,34680.66,380.0,Education
CUST_11391,2025-04-08,Checking,0.0,574.0,Healthcare
CUST_11392,2025-01-12,Savings,15951.59,839.0,Tech
CUST_11393,2025-01-19,Investment,17843.59,346.0,Tech
CUST_11394,2025-04-11,Savings,30882.79,691.0,Tech
CUST_11395,2025-02-13,Investment,15886.1,378.0,Unknown
CUST_11396,2025-02-18,Investment,5160.18,812.0,Tech
CUST_11397,2025-01-17,Savings,11339.17,322.0,Healthcare
CUST_11398,2025-03-15,Credit Card,979.16,527.0,Healthcare
CUST_11399,2025-02-26,Investment,23288.87,737.0,Unemployed
CUST_11400,2025-02-24,Savings,0.0,597.0,Finance
CUST_11401,2025-02-16,Checking,0.0,559.0,Finance
CUST_11402,2025-01-12,Checking,11692.34,309.0,Healthcare
CUST_11403,2025-03-03,Savings,22563.96,457.0,NA
CUST_11404,2025-03-21,Savings,4793.25,457.0,Finance
CUST_11405,2025-03-24,Savings,0.0,619.0,Education
CUST_11406,2025-01-08,Savings,1836.91,501.0,Healthcare
CUST_11407,2025-05-29,Checking,0.0,,Education
CUST_11408,2025-03-22,Savings,185.37,438.0,Tech
CUST_11409,2025-04-28,Credit Card,0.0,638.0,Unemployed
CUST_11410,2025-01-25,Credit Card,0.0,559.0,Healthcare
CUST_11411,2025-03-30,Savings,0.0,732.0,Finance
CUST_11412,2025-01-12,Checking,9502.31,343.0,Unemployed
CUST_11413,2025-05-23,Checking,15121.0,458.0,Unknown
CUST_11414,2025-02-28,Investment,27475.92,654.0,Finance
CUST_11415,2025-06-03,Savings,17906.01,397.0,Education
CUST_11416,2025-04-19,Savings,17140.4,837.0,Unknown
CUST_11417,2025-01-26,Investment,9440.18,538.0,Healthcare
CUST_11418,2025-02-16,Investment,0.0,774.0,Unemployed
CUST_11419,2025-02-01,Credit Card,9202.12,823.0,Tech
CUST_11420,2025-01-10,Credit Card,6685.65,691.0,Retail
CUST_11421,2025-01-16,Savings,20448.1,308.0,Retail
CUST_11422,2025-05-25,Checking,13512.18,812.0,Unknown
CUST_11423,2025-05-31,Savings,3051.91,688.0,Unemployed
CUST_11424,2025-01-26,Savings,34372.28,509.0,Tech
CUST_11425,2025-03-27,Credit Card,17726.85,353.0,Finance
CUST_11426,2025-05-15,Savings,10097.97,451.0,Retail
CUST_11427,2025-01-14,Checking,11829.71,709.0,Tech
CUST_11428,2025-03-20,Investment,5917.73,309.0,Unemployed
CUST_11429,2025-04-27,Savings,5247.57,567.0,Unemployed
CUST_11430,2025-01-07,Investment,0.0,750.0,Unemployed
CUST_11431,2025-05-17,Investment,0.0,496.0,Education
CUST_11432,2025-04-25,Checking,0.0,697.0,Finance
CUST_11433,2025-06-25,Savings,11759.52,351.0,Tech
CUST_11434,2025-03-13,Savings,0.0,768.0,Unemployed
CUST_11435,2025-02-28,Checking,0.0,667.0,Education
CUST_11436,2025-03-23,Savings,0.0,673.0,Healthcare
CUST_11437,2025-04-26,Savings,6751.32,358.0,Retail
CUST_11438,2025-06-16,Investment,11796.85,593.0,Unknown
CUST_11439,2025-05-26,Savings,0.0,409.0,Retail
CUST_11440,2025-04-13,Credit Card,0.0,841.0,Retail
CUST_11441,2025-01-17,Savings,0.0,406.0,Unknown
CUST_11442,2025-01-14,Checking,0.0,596.0,Tech
CUST_11443,2025-06-08,Investment,4232.82,394.0,Healthcare
CUST_11444,2025-06-01,Savings,24726.88,771.0,Tech
CUST_11445,2025-04-18,Savings,0.0,378.0,Unemployed
CUST_11446,2025-02-14,Checking,31262.62,549.0,Tech
CUST_11447,2025-04-08,Credit Card,0.0,638.0,NA
CUST_11448,2025-05-11,Checking,19319.63,356.0,Unemployed
CUST_11449,2025-02-06,Savings,0.0,446.0,Unemployed
CUST_11450,2025-06-20,Savings,0.0,316.0,Education
CUST_11451,2025-06-17,Investment,24753.2,667.0,Unemployed
CUST_11452,2025-04-18,Investment,6226.29,488.0,NA
CUST_11453,2025-02-08,Checking,5652.3,547.0,Retail
CUST_11454,2025-01-15,Credit Card,843.86,449.0,Healthcare
CUST_11455,2025-04-30,Checking,0.0,512.0,Education
CUST_11456,2025-01-04,Checking,2347.31,516.0,Unemployed
CUST_11457,2025-04-03,Savings,0.0,305.0,Healthcare
CUST_11458,2025-06-02,Checking,0.0,694.0,Unknown
CUST_11459,2025-05-21,Checking,10884.77,603.0,NA
CUST_11460,2025-06-10,Savings,22741.66,710.0,Healthcare
CUST_11461,2025-01-16,Checking,25453.35,702.0,Unknown
CUST_11462,2025-06-19,Credit Card,0.0,679.0,Healthcare
CUST_11463,2025-04-18,Checking,7892.32,751.0,Education
CUST_11464,2025-05-06,Checking,0.0,528.0,Unknown
CUST_11465,2025-02-24,Investment,-270.84,804.0,Retail
CUST_11466,2025-06-19,Savings,17355.38,444.0,Retail
CUST_11467,2025-02-03,Checking,4737.54,349.0,Education
CUST_11468,2025-06-07,Credit Card,23.78,723.0,Education
CUST_11469,2025-01-13,Checking,4800.67,399.0,Tech
CUST_11470,2025-05-21,Savings,24242.71,642.0,Unknown
CUST_11471,2025-01-18,Savings,1329.48,825.0,Tech
CUST_11472,2025-06-09,Credit Card,6089.66,312.0,Finance
CUST_11473,2025-04-06,Checking,27790.92,471.0,Unknown
CUST_11474,2025-05-03,Credit Card,1575.17,788.0,Tech
CUST_11475,2025-02-08,Checking,0.0,658.0,Tech
CUST_11476,2025-02-15,Checking,25526.12,405.0,Healthcare
CUST_11477,2025-01-29,Credit Card,20233.92,488.0,Healthcare
CUST_11478,2025-03-03,Checking,0.0,828.0,Unknown
CUST_11479,2025-01-16,Savings,3047.22,349.0,Education
CUST_11480,2025-05-01,Checking,4667.56,548.0,Unemployed
CUST_11481,2025-01-10,Credit Card,25529.76,709.0,Retail
CUST_11482,2025-06-07,Savings,4784.27,690.0,Finance
CUST_11483,2025-06-02,Savings,7488.77,678.0,Tech
CUST_11484,2025-04-13,Savings,7954.79,526.0,Healthcare
CUST_11485,2025-03-25,Investment,0.0,512.0,Retail
CUST_11486,2025-05-13,Savings,24458.46,828.0,Unknown
CUST_11487,2025-03-06,Checking,0.0,645.0,Tech
CUST_11488,2025-06-26,Checking,0.0,718.0,Unemployed
CUST_11489,2025-01-03,Checking,4910.95,383.0,Retail
CUST_11490,2025-06-22,Checking,0.0,496.0,Healthcare
CUST_11491,2025-05-22,Savings,31481.14,829.0,Education
CUST_11492,2025-04-30,Checking,4987.17,520.0,Unemployed
CUST_11493,2025-06-07,Credit Card,17369.11,475.0,Unemployed
CUST_11494,2025-03-09,Credit Card,0.0,621.0,Tech
CUST_11495,2025-05-26,Savings,15676.02,834.0,Tech
CUST_11496,2025-02-06,Credit Card,16948.91,693.0,Finance
CUST_11497,2025-06-02,Checking,19113.04,623.0,Tech
CUST_11498,2025-06-25,Credit Card,33575.0,384.0,Healthcare
CUST_11499,2025-03-14,Checking,0.0,726.0,Unknown
CUST_11500,2025-05-23,Checking,2200.28,567.0,Retail
CUST_11501,2025-02-18,Investment,0.0,411.0,Unemployed
CUST_11502,2025-05-01,Credit Card,3556.58,697.0,Retail
CUST_11503,2025-03-29,Checking,14961.75,351.0,Education
CUST_11504,2025-05-20,Savings,14153.54,383.0,Unemployed
CUST_11505,2025-02-06,Savings,29611.28,724.0,Unemployed
CUST_11506,2025-03-02,Savings,12352.96,320.0,Education
CUST_11507,2025-06-20,Savings,5008.43,355.0,Healthcare
CUST_11508,2025-05-04,Savings,0.0,590.0,Retail
CUST_11509,2025-02-08,Credit Card,17994.81,672.0,Unemployed
CUST_11510,2025-03-04,Savings,2652.55,307.0,Education
CUST_11511,2025-02-15,Checking,18335.63,423.0,Unemployed
CUST_11512,2025-03-29,Savings,0.0,400.0,Education
CUST_11513,2025-01-11,Savings,23010.62,392.0,Finance
CUST_11514,2025-03-03,Savings,10794.75,684.0,Finance
CUST_11515,2025-03-18,Savings,19883.78,379.0,Unknown
CUST_11516,2025-06-02,Credit Card,10787.19,597.0,Healthcare
CUST_11517,2025-02-21,Credit Card,0.0,330.0,Healthcare
CUST_11518,2025-01-04,Savings,-480.66,677.0,Healthcare
CUST_11519,2025-02-28,Checking,0.0,,Healthcare
CUST_11520,2025-03-13,Checking,7769.69,598.0,Retail
CUST_11521,2025-05-28,Credit Card,0.0,581.0,Tech
CUST_11522,2025-04-03,Credit Card,9408.14,311.0,Healthcare
CUST_11523,2025-03-04,Checking,0.0,368.0,Finance
CUST_11524,2025-02-23,Checking,17149.0,822.0,Unemployed
CUST_11525,2025-04-27,Credit Card,0.0,322.0,Tech
CUST_11526,2025-04-20,Savings,0.0,636.0,Tech
CUST_11527,2025-03-15,Checking,25578.09,726.0,Retail
CUST_11528,2025-04-17,Investment,9796.75,508.0,Education
CUST_11529,2025-02-26,Credit Card,17695.03,514.0,Unknown
CUST_11530,2025-06-18,Checking,0.0,722.0,Unemployed
CUST_11531,2025-01-03,Checking,19428.44,372.0,Unemployed
CUST_11532,2025-04-30,Savings,2938.04,573.0,Tech
CUST_11533,2025-01-06,Checking,6764.36,532.0,Retail
CUST_11534,2025-01-05,Checking,27354.45,340.0,Retail
CUST_11535,2025-01-05,Checking,0.0,588.0,Retail
CUST_11536,2025-02-23,Credit Card,18695.54,569.0,Healthcare
CUST_11537,2025-02-16,Credit Card,10781.15,738.0,Unemployed
CUST_11538,2025-06-26,Savings,1803.64,613.0,Education
CUST_11539,2025-01-09,Checking,0.0,809.0,Healthcare
CUST_11540,2025-04-09,Checking,1635.22,693.0,Finance
CUST_11541,2025-01-20,Checking,0.0,327.0,Education
CUST_11542,2025-05-02,Savings,22802.81,569.0,Healthcare
CUST_11543,2025-03-02,Checking,6376.37,766.0,Education
CUST_11544,2025-05-03,Credit Card,0.0,373.0,Finance
CUST_11545,2025-06-12,Checking,0.0,545.0,Healthcare
CUST_11546,2025-06-27,Investment,0.0,709.0,Education
CUST_11547,2025-03-23,Investment,23543.53,797.0,Finance
CUST_11548,2025-03-03,Savings,6671.48,717.0,Unknown
CUST_11549,2025-05-25,Savings,2297.13,510.0,Unemployed
CUST_11550,2025-01-03,Investment,30480.32,522.0,Retail
CUST_11551,2025-06-09,Investment,0.0,659.0,Education
CUST_11552,2025-01-13,Savings,0.0,319.0,Finance
CUST_11553,2025-04-30,Savings,11061.34,722.0,Unemployed
CUST_11554,2025-05-05,Savings,11293.48,420.0,NA
CUST_11555,2025-03-30,Investment,0.0,472.0,Retail
CUST_11556,2025-03-14,Savings,0.0,333.0,Unknown
CUST_11557,2025-03-09,Checking,26706.05,370.0,Finance
CUST_11558,2025-05-22,Credit Card,0.0,844.0,Unemployed
CUST_11559,2025-04-11,Savings,0.0,834.0,Unemployed
CUST_11560,2025-04-08,Checking,7893.05,313.0,Unemployed
CUST_11561,2025-01-11,Savings,18418.87,605.0,Unknown
CUST_11562,2025-04-15,Credit Card,2140.87,847.0,Tech
CUST_11563,2025-03-08,Savings,13056.91,570.0,Finance
CUST_11564,2025-05-03,Checking,0.0,352.0,Healthcare
CUST_11565,2025-01-29,Checking,14423.89,793.0,Healthcare
CUST_11566,2025-05-17,Savings,0.0,762.0,Healthcare
CUST_11567,2025-06-02,Savings,9577.6,822.0,Healthcare
CUST_11568,2025-03-17,Checking,16515.04,623.0,Unknown
CUST_11569,2025-06-19,Savings,6480.56,823.0,Unemployed
CUST_11570,2025-01-09,Credit Card,0.0,742.0,Unemployed
CUST_11571,2025-02-09,Credit Card,0.0,550.0,Tech
CUST_11572,2025-01-25,Checking,28896.82,459.0,NA
CUST_11573,2025-01-05,Checking,0.0,335.0,Tech
CUST_11574,2025-05-19,Checking,16476.86,497.0,Retail
CUST_11575,2025-05-04,Credit Card,6775.64,749.0,Education
CUST_11576,2025-02-07,Checking,0.0,677.0,Unknown
CUST_11577,2025-03-13,Savings,0.0,545.0,Healthcare
CUST_11578,2025-05-13,Savings,30497.5,692.0,Unknown
CUST_11579,2025-06-25,Checking,57344.71,503.0,Education
CUST_11580,2025-03-31,Checking,240.32,343.0,Healthcare
CUST_11581,2025-05-26,Checking,0.0,,Unknown
CUST_11582,2025-02-06,Savings,0.0,707.0,Healthcare
CUST_11583,2025-03-01,Credit Card,0.0,505.0,Healthcare
CUST_11584,2025-06-25,Savings,0.0,540.0,Unknown
CUST_11585,2025-01-28,Savings,0.0,340.0,Tech
CUST_11586,2025-03-22,Checking,4618.37,662.0,Unemployed
CUST_11587,2025-04-24,Savings,15352.01,394.0,Retail
CUST_11588,2025-02-09,Checking,8313.14,839.0,Healthcare
CUST_11589,2025-02-14,Savings,15600.63,443.0,Healthcare
CUST_11590,2025-03-03,Checking,0.0,358.0,Healthcare
CUST_11591,2025-04-03,Checking,3938.11,808.0,Finance
CUST_11592,2025-04-25,Savings,-461.5,812.0,Unknown
CUST_11593,2025-03-08,Savings,0.0,321.0,Healthcare
CUST_11594,2025-02-25,Credit Card,0.0,503.0,Tech
CUST_11595,2025-02-09,Checking,0.0,770.0,Tech
CUST_11596,2025-04-08,Checking,0.0,583.0,Education
CUST_11597,2025-02-09,Savings,0.0,671.0,Unknown
CUST_11598,2025-04-01,Checking,13177.54,797.0,Unemployed
CUST_11599,2025-02-02,Checking,7702.43,631.0,Unemployed
CUST_11600,2025-01-06,Checking,5321.06,326.0,Tech
CUST_11601,2025-05-27,Credit Card,22707.89,428.0,Education
CUST_11602,2025-03-21,Savings,0.0,679.0,Retail
CUST_11603,2025-06-17,Savings,15229.31,806.0,Finance
CUST_11604,2025-04-02,Credit Card,0.0,394.0,Tech
CUST_11605,2025-04-07,Investment,9161.8,476.0,Unknown
CUST_11606,2025-02-28,Savings,7303.23,772.0,Healthcare
CUST_11607,2025-02-28,Checking,8112.79,,Unknown
CUST_11608,2025-02-17,Savings,0.0,574.0,Unknown
CUST_11609,2025-06-18,Savings,9789.83,722.0,Retail
CUST_11610,2025-01-13,Savings,10962.59,830.0,Healthcare
CUST_11611,2025-04-17,Savings,0.0,619.0,Education
CUST_11612,2025-02-14,Credit Card,17727.44,357.0,Unknown
CUST_11613,2025-03-30,Checking,0.0,572.0,Unknown
CUST_11614,2025-06-19,Savings,0.0,497.0,Education
CUST_11615,2025-04-10,Savings,8629.54,378.0,Unknown
CUST_11616,2025-06-04,Credit Card,13968.7,,Finance
CUST_11617,2025-06-15,Savings,8300.47,544.0,Unknown
CUST_11618,2025-01-07,Checking,9883.41,322.0,Retail
CUST_11619,2025-05-13,Savings,0.0,535.0,Education
CUST_11620,2025-02-14,Checking,0.0,425.0,Healthcare
CUST_11621,2025-02-27,Savings,0.0,439.0,Unemployed
CUST_11622,2025-01-31,Savings,0.0,693.0,Unknown
CUST_11623,2025-01-23,Savings,0.0,426.0,Tech
CUST_11624,2025-06-19,Savings,5199.82,413.0,Tech
CUST_11625,2025-05-18,Checking,40341.93,824.0,Unemployed
CUST_11626,2025-06-09,Checking,16401.81,527.0,Retail
CUST_11627,2025-04-17,Savings,0.0,820.0,Retail
CUST_11628,2025-06-07,Savings,0.0,445.0,Education
CUST_11629,2025-02-08,Checking,0.0,462.0,Tech
CUST_11630,2025-06-08,Checking,0.0,468.0,Unemployed
CUST_11631,2025-03-23,Investment,762.83,837.0,Finance
CUST_11632,2025-04-10,Checking,8431.33,424.0,Unemployed
CUST_11633,2025-01-02,Checking,0.0,599.0,Finance
CUST_11634,2025-03-18,Checking,1654.34,549.0,Unemployed
CUST_11635,2025-01-12,Investment,8303.2,821.0,Unemployed
CUST_11636,2025-02-08,Credit Card,15484.64,404.0,Unemployed
CUST_11637,2025-01-13,Savings,7341.58,812.0,Unemployed
CUST_11638,2025-02-15,Savings,9956.02,805.0,Unemployed
CUST_11639,2025-06-04,Savings,4438.84,601.0,Unknown
CUST_11640,2025-04-23,Checking,0.0,529.0,Unemployed
CUST_11641,2025-01-17,Credit Card,0.0,363.0,Unknown
CUST_11642,2025-04-14,Checking,0.0,531.0,Finance
CUST_11643,2025-04-08,Savings,27480.38,482.0,Finance
CUST_11644,2025-03-29,Credit Card,0.0,618.0,Education
CUST_11645,2025-04-19,Credit Card,19281.32,391.0,Unemployed
CUST_11646,2025-06-12,Savings,0.0,363.0,Healthcare
CUST_11647,2025-03-11,Checking,16511.59,518.0,Unknown
CUST_11648,2025-06-07,Checking,19581.92,546.0,Finance
CUST_11649,2025-03-15,Credit Card,22279.78,772.0,Education
CUST_11650,2025-03-04,Credit Card,0.0,356.0,Finance
CUST_11651,2025-06-05,Checking,7464.18,344.0,Unknown
CUST_11652,2025-03-01,Checking,0.0,385.0,Finance
CUST_11653,2025-03-20,Credit Card,0.0,337.0,Unemployed
CUST_11654,2025-02-06,Checking,5657.83,481.0,Unknown
CUST_11655,2025-01-22,Savings,17208.39,463.0,Healthcare
CUST_11656,2025-05-28,Credit Card,0.0,425.0,Unknown
CUST_11657,2025-04-06,Savings,9937.57,506.0,Finance
CUST_11658,2025-03-09,Savings,0.0,566.0,Education
CUST_11659,2025-01-17,Credit Card,0.0,653.0,Unknown
CUST_11660,2025-01-12,Credit Card,133.96,710.0,Unemployed
CUST_11661,2025-05-30,Checking,1032.89,421.0,Education
CUST_11662,2025-05-25,Savings,15016.72,807.0,Tech
CUST_11663,2025-05-18,Savings,0.0,768.0,Retail
CUST_11664,2025-04-28,Savings,37379.52,432.0,Finance
CUST_11665,2025-01-22,Savings,0.0,678.0,Unemployed
CUST_11666,2025-04-30,Credit Card,8421.0,617.0,Unknown
CUST_11667,2025-02-19,Savings,723.86,424.0,Finance
CUST_11668,2025-01-14,Checking,0.0,750.0,Education
CUST_11669,2025-06-24,Savings,2373.02,507.0,Finance
CUST_11670,2025-01-29,Investment,15082.51,599.0,Unknown
CUST_11671,2025-06-13,Savings,17412.71,788.0,Unemployed
CUST_11672,2025-06-29,Savings,1736.54,441.0,Education
CUST_11673,2025-05-05,Savings,9976.82,773.0,Tech
CUST_11674,2025-01-07,Checking,0.0,603.0,Unemployed
CUST_11675,2025-01-29,Checking,2235.96,329.0,Unknown
CUST_11676,2025-05-19,Checking,10915.61,676.0,Finance
CUST_11677,2025-02-02,Checking,0.0,640.0,Unemployed
CUST_11678,2025-05-14,Savings,6213.73,508.0,Unemployed
CUST_11679,2025-04-21,Checking,2476.92,542.0,Tech
CUST_11680,2025-03-20,Checking,24047.21,457.0,Unknown
CUST_11681,2025-06-09,Savings,7506.75,445.0,Tech
CUST_11682,2025-06-28,Savings,12197.43,639.0,Retail
CUST_11683,2025-02-27,Savings,927.33,391.0,Unknown
CUST_11684,2025-01-26,Savings,14480.73,628.0,Education
CUST_11685,2025-06-23,Checking,13434.33,,Unknown
CUST_11686,2025-01-29,Savings,0.0,330.0,Tech
CUST_11687,2025-01-04,Savings,9664.65,571.0,Education
CUST_11688,2025-04-09,Savings,22733.61,394.0,Retail
CUST_11689,2025-05-21,Investment,19756.88,376.0,Education
CUST_11690,2025-02-08,Credit Card,5410.59,450.0,Unemployed
CUST_11691,2025-01-15,Savings,9825.34,,Unknown
CUST_11692,2025-04-29,Savings,18723.62,530.0,Retail
CUST_11693,2025-01-29,Savings,0.0,427.0,Finance
CUST_11694,2025-06-06,Checking,12115.75,796.0,Retail
CUST_11695,2025-03-16,Savings,0.0,579.0,Retail
CUST_11696,2025-04-26,Checking,17935.34,840.0,Unknown
CUST_11697,2025-02-01,Checking,0.0,829.0,Retail
CUST_11698,2025-05-10,Credit Card,3703.14,430.0,Healthcare
CUST_11699,2025-06-24,Savings,0.0,760.0,Tech
CUST_11700,2025-03-25,Credit Card,4384.28,568.0,Education
CUST_11701,2025-01-22,Credit Card,8830.75,559.0,Unemployed
CUST_11702,2025-01-27,Savings,16314.71,350.0,Education
CUST_11703,2025-03-22,Savings,24492.51,432.0,Unknown
CUST_11704,2025-05-06,Savings,5728.23,304.0,Healthcare
CUST_11705,2025-04-02,Savings,0.0,801.0,Finance
CUST_11706,2025-01-21,Savings,24584.7,483.0,Unknown
CUST_11707,2025-02-16,Checking,0.0,708.0,Unemployed
CUST_11708,2025-04-11,Checking,0.0,390.0,Unknown
CUST_11709,2025-03-25,Investment,0.0,735.0,Unknown
CUST_11710,2025-01-06,Savings,5173.37,488.0,Unknown
CUST_11711,2025-05-27,Investment,0.0,779.0,Unknown
CUST_11712,2025-05-11,Savings,0.0,682.0,Tech
CUST_11713,2025-01-01,Credit Card,4677.19,621.0,Tech
CUST_11714,2025-02-27,Savings,0.0,742.0,Tech
CUST_11715,2025-05-04,Savings,25191.4,789.0,Unknown
CUST_11716,2025-06-15,Credit Card,0.0,432.0,Tech
CUST_11717,2025-01-15,Savings,0.0,725.0,Healthcare
CUST_11718,2025-06-11,Checking,30077.54,549.0,Education
CUST_11719,2025-06-12,Checking,12049.04,360.0,Unknown
CUST_11720,2025-03-05,Checking,45754.3,721.0,Finance
CUST_11721,2025-01-25,Checking,0.0,775.0,Unemployed
CUST_11722,2025-01-24,Credit Card,8116.49,522.0,Unemployed
CUST_11723,2025-01-12,Savings,12284.19,737.0,Unknown
CUST_11724,2025-01-18,Checking,5417.34,683.0,Finance
CUST_11725,2025-01-15,Credit Card,-430.01,618.0,Finance
CUST_11726,2025-01-27,Savings,23684.27,524.0,Healthcare
CUST_11727,2025-03-13,Savings,11995.97,722.0,Healthcare
CUST_11728,2025-03-01,Credit Card,0.0,490.0,Retail
CUST_11729,2025-06-23,Checking,0.0,378.0,Healthcare
CUST_11730,2025-05-25,Checking,0.0,664.0,Tech
CUST_11731,2025-04-03,Savings,3182.63,321.0,Unknown
CUST_11732,2025-02-22,Checking,19232.98,847.0,Education
CUST_11733,2025-01-08,Savings,0.0,629.0,Finance
CUST_11734,2025-03-20,Checking,1203.18,455.0,Healthcare
CUST_11735,2025-01-27,Credit Card,0.0,355.0,Education
CUST_11736,2025-06-23,Savings,16420.14,547.0,Tech
CUST_11737,2025-02-19,Checking,23489.71,560.0,Healthcare
CUST_11738,2025-05-11,Investment,4513.36,734.0,Healthcare
CUST_11739,2025-04-03,Checking,28700.28,826.0,Education
CUST_11740,2025-06-21,Credit Card,0.0,777.0,Unemployed
CUST_11741,2025-01-24,Checking,0.0,837.0,Unknown
CUST_11742,2025-03-01,Credit Card,17065.53,834.0,Unemployed
CUST_11743,2025-05-02,Savings,3561.93,680.0,Tech
CUST_11744,2025-05-11,Savings,0.0,402.0,Healthcare
CUST_11745,2025-05-28,Savings,6150.07,328.0,Education
CUST_11746,2025-02-15,Checking,0.0,782.0,Tech
CUST_11747,2025-01-15,Credit Card,0.0,,Healthcare
CUST_11748,2025-06-02,Savings,6388.45,361.0,Unemployed
CUST_11749,2025-01-17,Checking,11515.44,347.0,Healthcare
CUST_11750,2025-05-06,Credit Card,25907.88,666.0,Finance
CUST_11751,2025-03-25,Checking,18299.58,846.0,Retail
CUST_11752,2025-01-09,Savings,14530.47,844.0,Tech
CUST_11753,2025-06-15,Checking,24056.5,626.0,Education
CUST_11754,2025-06-25,Savings,12348.43,565.0,Finance
CUST_11755,2025-03-04,Savings,-163.02,475.0,Healthcare
CUST_11756,2025-04-27,Investment,18685.8,343.0,Education
CUST_11757,2025-05-10,Savings,18134.07,518.0,Finance
CUST_11758,2025-03-29,Savings,4882.76,425.0,Finance
CUST_11759,2025-03-13,Credit Card,0.0,678.0,Unemployed
CUST_11760,2025-05-19,Savings,0.0,618.0,Unemployed
CUST_11761,2025-03-05,Checking,17635.97,604.0,Retail
CUST_11762,2025-03-13,Savings,12180.12,499.0,Unemployed
CUST_11763,2025-01-21,Savings,14286.48,384.0,Finance
CUST_11764,2025-01-18,Savings,18196.08,340.0,Tech
CUST_11765,2025-03-05,Savings,0.0,662.0,Retail
CUST_11766,2025-03-23,Checking,0.0,568.0,Retail
CUST_11767,2025-04-20,Credit Card,12737.83,661.0,Healthcare
CUST_11768,2025-04-05,Checking,22966.13,666.0,Healthcare
CUST_11769,2025-06-15,Investment,10277.89,480.0,Tech
CUST_11770,2025-02-01,Savings,0.0,530.0,Education
CUST_11771,2025-01-11,Checking,8610.35,369.0,Unemployed
CUST_11772,2025-02-14,Checking,0.0,788.0,NA
CUST_11773,2025-02-02,Investment,0.0,533.0,Tech
CUST_11774,2025-04-12,Savings,4884.98,728.0,Retail
CUST_11775,2025-06-18,Checking,7437.48,593.0,Healthcare
CUST_11776,2025-05-16,Credit Card,3520.67,647.0,Tech
CUST_11777,2025-01-11,Savings,11572.05,398.0,Healthcare
CUST_11778,2025-06-28,Credit Card,0.0,660.0,Tech
CUST_11779,2025-03-29,Savings,6285.22,657.0,Unemployed
CUST_11780,2025-02-10,Credit Card,0.0,429.0,Tech
CUST_11781,2025-05-25,Investment,1224.66,818.0,Finance
CUST_11782,2025-03-17,Checking,9026.19,682.0,Tech
CUST_11783,2025-05-01,Checking,20894.57,363.0,Healthcare
CUST_11784,2025-02-15,Savings,9384.44,695.0,Tech
CUST_11785,2025-06-09,Investment,14360.14,480.0,Education
CUST_11786,2025-03-21,Checking,5153.38,,Unemployed
CUST_11787,2025-02-23,Savings,12314.23,482.0,Unemployed
CUST_11788,2025-03-27,Checking,20506.96,791.0,Finance
CUST_11789,2025-04-02,Checking,33187.82,469.0,Tech
CUST_11790,2025-05-28,Savings,23161.63,621.0,Education
CUST_11791,2025-06-10,Savings,4173.73,471.0,Healthcare
CUST_11792,2025-06-17,Savings,22169.99,583.0,Unknown
CUST_11793,2025-06-09,Checking,13235.63,665.0,Unknown
CUST_11794,2025-04-07,Checking,0.0,410.0,Education
CUST_11795,2025-01-02,Checking,13442.16,377.0,Unemployed
CUST_11796,2025-02-02,Credit Card,0.0,552.0,Finance
CUST_11797,2025-06-07,Credit Card,13464.52,535.0,Healthcare
CUST_11798,2025-06-10,Checking,31276.94,392.0,Unknown
CUST_11799,2025-03-18,Savings,17339.23,333.0,Tech
CUST_11800,2025-04-26,Checking,22949.27,780.0,Tech
CUST_11801,2025-06-03,Checking,0.0,703.0,Education
CUST_11802,2025-05-30,Checking,12213.24,521.0,Tech
CUST_11803,2025-04-13,Checking,15472.47,789.0,Unknown
CUST_11804,2025-06-15,Savings,422.57,639.0,Healthcare
CUST_11805,2025-04-13,Investment,15255.64,812.0,Unknown
CUST_11806,2025-03-31,Savings,11820.33,551.0,Unemployed
CUST_11807,2025-06-23,Checking,15422.24,663.0,Healthcare
CUST_11808,2025-05-02,Savings,0.0,,Tech
CUST_11809,2025-05-23,Investment,24141.48,441.0,Education
CUST_11810,2025-04-16,Savings,11759.64,610.0,Tech
CUST_11811,2025-04-29,Savings,3227.95,684.0,Unemployed
CUST_11812,2025-06-21,Savings,3589.82,611.0,Retail
CUST_11813,2025-02-18,Savings,4417.61,578.0,Tech
CUST_11814,2025-04-14,Savings,0.0,645.0,Finance
CUST_11815,2025-03-02,Checking,22837.4,686.0,Tech
CUST_11816,2025-05-03,Checking,19446.64,601.0,Unemployed
CUST_11817,2025-05-14,Savings,20454.93,806.0,Retail
CUST_11818,2025-01-09,Savings,27697.88,546.0,Finance
CUST_11819,2025-01-06,Credit Card,7846.66,787.0,Education
CUST_11820,2025-03-14,Checking,0.0,538.0,Finance
CUST_11821,2025-04-13,Credit Card,14433.07,828.0,Healthcare
CUST_11822,2025-06-09,Checking,13874.37,648.0,Unemployed
CUST_11823,2025-02-10,Savings,28307.5,651.0,Retail
CUST_11824,2025-04-24,Savings,21231.26,453.0,Healthcare
CUST_11825,2025-01-08,Savings,7009.76,809.0,Healthcare
CUST_11826,2025-03-13,Credit Card,2835.32,485.0,Unknown
CUST_11827,2025-06-27,Investment,20054.55,724.0,Finance
CUST_11828,2025-04-02,Checking,0.0,361.0,Finance
CUST_11829,2025-03-03,Savings,8621.0,700.0,Healthcare
CUST_11830,2025-03-25,Savings,19184.91,358.0,Unemployed
CUST_11831,2025-03-03,Savings,3184.89,441.0,Education
CUST_11832,2025-04-21,Checking,0.0,765.0,Tech
CUST_11833,2025-05-07,Savings,9422.65,448.0,Tech
CUST_11834,2025-01-07,Investment,25241.7,746.0,Retail
CUST_11835,2025-03-25,Savings,11765.65,473.0,Finance
CUST_11836,2025-05-12,Investment,0.0,610.0,Tech
CUST_11837,2025-05-14,Credit Card,23254.73,361.0,Education
CUST_11838,2025-02-27,Credit Card,26174.7,466.0,Retail
CUST_11839,2025-01-22,Checking,0.0,402.0,Unemployed
CUST_11840,2025-06-03,Checking,46978.49,327.0,Finance
CUST_11841,2025-05-07,Checking,4990.2,807.0,Tech
CUST_11842,2025-01-03,Checking,19226.39,433.0,Healthcare
CUST_11843,2025-05-07,Checking,15911.93,,Education
CUST_11844,2025-02-10,Investment,0.0,389.0,Unknown
CUST_11845,2025-04-16,Credit Card,0.0,369.0,Education
CUST_11846,2025-01-14,Credit Card,6015.62,484.0,Finance
CUST_11847,2025-01-12,Credit Card,0.0,737.0,Unemployed
CUST_11848,2025-03-28,Savings,17314.66,773.0,Education
CUST_11849,2025-01-12,Savings,0.0,467.0,Finance
CUST_11850,2025-05-21,Checking,5220.01,423.0,Education
CUST_11851,2025-01-25,Checking,0.0,512.0,Unknown
CUST_11852,2025-02-14,Credit Card,13682.14,481.0,Tech
CUST_11853,2025-05-02,Checking,0.0,370.0,Unknown
CUST_11854,2025-05-27,Checking,0.0,494.0,Unemployed
CUST_11855,2025-02-24,Checking,0.0,591.0,Unknown
CUST_11856,2025-04-10,Savings,12782.66,356.0,Finance
CUST_11857,2025-06-22,Checking,8323.97,599.0,Education
CUST_11858,2025-05-16,Credit Card,20754.23,617.0,Tech
CUST_11859,2025-04-29,Savings,6618.5,670.0,Unemployed
CUST_11860,2025-02-22,Checking,4733.87,382.0,Tech
CUST_11861,2025-02-01,Checking,0.0,393.0,Tech
CUST_11862,2025-02-20,Savings,1649.44,566.0,Unknown
CUST_11863,2025-02-13,Savings,4707.27,675.0,Unemployed
CUST_11864,2025-03-23,Investment,0.0,460.0,Unknown
CUST_11865,2025-05-26,Savings,0.0,801.0,Finance
CUST_11866,2025-05-30,Savings,11950.34,676.0,Finance
CUST_11867,2025-02-06,Savings,7692.4,411.0,Education
CUST_11868,2025-04-06,Checking,1204.89,578.0,Unemployed
CUST_11869,2025-02-25,Checking,0.0,732.0,Unknown
CUST_11870,2025-04-15,Checking,0.0,541.0,Unknown
CUST_11871,2025-02-28,Savings,0.0,521.0,Unemployed
CUST_11872,2025-05-11,Credit Card,399.69,585.0,Unknown
CUST_11873,2025-06-05,Savings,27334.18,303.0,Unemployed
CUST_11874,2025-02-04,Savings,5553.58,619.0,Healthcare
CUST_11875,2025-04-03,Checking,20321.0,620.0,Healthcare
CUST_11876,2025-04-07,Savings,0.0,307.0,Retail
CUST_11877,2025-05-15,Credit Card,9247.24,351.0,Healthcare
CUST_11878,2025-03-17,Investment,0.0,441.0,Unemployed
CUST_11879,2025-02-18,Savings,0.0,579.0,Unknown
CUST_11880,2025-04-04,Credit Card,16168.84,387.0,Healthcare
CUST_11881,2025-06-08,Credit Card,3193.3,459.0,Education
CUST_11882,2025-01-24,Investment,0.0,327.0,Finance
CUST_11883,2025-05-28,Savings,6470.44,827.0,Healthcare
CUST_11884,2025-02-06,Checking,0.0,571.0,Retail
CUST_11885,2025-01-04,Savings,0.0,399.0,Education
CUST_11886,2025-04-18,Credit Card,0.0,503.0,Tech
CUST_11887,2025-05-06,Savings,35688.4,489.0,Tech
CUST_11888,2025-01-20,Checking,23185.77,845.0,Retail
CUST_11889,2025-06-01,Savings,0.0,593.0,Finance
CUST_11890,2025-02-19,Savings,2174.51,643.0,Unemployed
CUST_11891,2025-06-26,Checking,3267.76,352.0,Tech
CUST_11892,2025-06-28,Credit Card,1009.44,346.0,Finance
CUST_11893,2025-04-06,Checking,0.0,721.0,Healthcare
CUST_11894,2025-04-15,Credit Card,16206.01,764.0,Healthcare
CUST_11895,2025-06-13,Savings,19140.44,728.0,Healthcare
CUST_11896,2025-04-27,Checking,20735.01,696.0,Tech
CUST_11897,2025-04-08,Checking,9951.62,493.0,Tech
CUST_11898,2025-03-07,Savings,14129.85,365.0,Finance
CUST_11899,2025-03-20,Checking,-167.3,775.0,Finance
CUST_11900,2025-06-11,Checking,0.0,325.0,Unemployed
CUST_11901,2025-06-13,Checking,0.0,398.0,Retail
CUST_11902,2025-01-06,Credit Card,0.0,775.0,Unemployed
CUST_11903,2025-02-08,Checking,1991.41,381.0,Unknown
CUST_11904,2025-06-19,Savings,0.0,697.0,Healthcare
CUST_11905,2025-04-25,Savings,0.0,692.0,Education
CUST_11906,2025-05-05,Checking,0.0,343.0,Education
CUST_11907,2025-01-12,Savings,17961.72,777.0,Healthcare
CUST_11908,2025-05-11,Savings,10014.92,390.0,Retail
CUST_11909,2025-01-18,Checking,0.0,628.0,Unemployed
CUST_11910,2025-02-09,Checking,5695.75,713.0,Finance
CUST_11911,2025-01-21,Savings,0.0,409.0,Tech
CUST_11912,2025-05-23,Credit Card,0.0,518.0,Retail
CUST_11913,2025-04-09,Checking,0.0,762.0,Unknown
CUST_11914,2025-01-26,Savings,11432.57,814.0,Retail
CUST_11915,2025-01-08,Credit Card,757.89,556.0,Unknown
CUST_11916,2025-04-10,Checking,2634.16,492.0,Healthcare
CUST_11917,2025-03-28,Checking,17089.06,369.0,Finance
CUST_11918,2025-02-11,Checking,0.0,758.0,Education
CUST_11919,2025-06-21,Savings,12001.24,681.0,Unknown
CUST_11920,2025-01-14,Checking,34773.81,793.0,Education
CUST_11921,2025-03-19,Savings,0.0,396.0,Unemployed
CUST_11922,2025-01-02,Investment,0.0,523.0,Unknown
CUST_11923,2025-04-29,Credit Card,0.0,580.0,Unemployed
CUST_11924,2025-02-06,Checking,10828.78,632.0,Education
CUST_11925,2025-03-10,Savings,31194.38,704.0,Retail
CUST_11926,2025-06-15,Savings,30579.94,795.0,Unemployed
CUST_11927,2025-02-10,Savings,17673.59,485.0,Tech
CUST_11928,2025-03-03,Checking,18189.45,337.0,Finance
CUST_11929,2025-03-01,Savings,11968.35,787.0,Tech
CUST_11930,2025-05-05,Checking,15876.5,,Education
CUST_11931,2025-04-21,Savings,9556.37,788.0,Tech
CUST_11932,2025-01-14,Investment,0.0,356.0,Retail
CUST_11933,2025-03-25,Savings,30701.57,811.0,Healthcare
CUST_11934,2025-05-10,Investment,25031.48,547.0,Tech
CUST_11935,2025-03-11,Investment,0.0,403.0,Unemployed
CUST_11936,2025-05-25,Checking,14727.19,359.0,Tech
CUST_11937,2025-05-03,Credit Card,26918.63,537.0,Tech
CUST_11938,2025-03-30,Checking,11280.2,670.0,Unemployed
CUST_11939,2025-01-28,Checking,1919.64,325.0,Education
CUST_11940,2025-03-07,Savings,26445.96,692.0,Tech
CUST_11941,2025-06-12,Savings,8830.1,409.0,Finance
CUST_11942,2025-01-05,Checking,0.0,691.0,Retail
CUST_11943,2025-06-17,Checking,0.0,553.0,Finance
CUST_11944,2025-06-13,Checking,0.0,396.0,Finance
CUST_11945,2025-02-14,Savings,34596.87,837.0,Education
CUST_11946,2025-05-31,Savings,0.0,403.0,Tech
CUST_11947,2025-02-16,Savings,19459.17,795.0,Retail
CUST_11948,2025-01-31,Savings,0.0,513.0,Retail
CUST_11949,2025-05-19,Savings,7504.39,412.0,Retail
CUST_11950,2025-01-10,Savings,11745.93,611.0,Tech
CUST_11951,2025-04-28,Savings,0.0,400.0,Retail
CUST_11952,2025-01-14,Credit Card,19355.55,383.0,Unknown
CUST_11953,2025-03-21,Savings,2026.43,601.0,Retail
CUST_11954,2025-04-03,Checking,13289.67,516.0,Unknown
CUST_11955,2025-01-10,Savings,26817.77,840.0,Healthcare
CUST_11956,2025-03-17,Credit Card,16094.34,391.0,Healthcare
CUST_11957,2025-04-04,Checking,3577.6,751.0,Retail
CUST_11958,2025-04-15,Savings,34160.73,370.0,Unemployed
CUST_11959,2025-01-01,Checking,4330.23,824.0,Finance
CUST_11960,2025-05-13,Savings,6396.99,700.0,Unemployed
CUST_11961,2025-01-20,Checking,2545.62,380.0,Tech
CUST_11962,2025-01-08,Savings,0.0,399.0,Finance
CUST_11963,2025-06-20,Investment,0.0,517.0,Finance
CUST_11964,2025-01-01,Checking,0.0,424.0,Tech
CUST_11965,2025-02-26,Savings,0.0,500.0,Tech
CUST_11966,2025-03-05,Credit Card,834.95,301.0,Education
CUST_11967,2025-04-28,Savings,17392.43,319.0,Education
CUST_11968,2025-01-28,Credit Card,0.0,479.0,NA
CUST_11969,2025-05-01,Checking,8299.43,708.0,Education
CUST_11970,2025-04-17,Credit Card,0.0,361.0,Retail
CUST_11971,2025-06-14,Savings,43175.53,572.0,Unemployed
CUST_11972,2025-06-24,Credit Card,27623.52,309.0,Retail
CUST_11973,2025-06-14,Credit Card,1285.89,839.0,Retail
CUST_11974,2025-02-18,Savings,9082.99,759.0,Unemployed
CUST_11975,2025-04-30,Savings,0.0,360.0,Education
CUST_11976,2025-02-13,Savings,1783.9,357.0,Unemployed
CUST_11977,2025-02-25,Investment,0.0,599.0,Tech
CUST_11978,2025-06-05,Savings,16143.35,796.0,Retail
CUST_11979,2025-04-21,Checking,0.0,638.0,Tech
CUST_11980,2025-05-14,Savings,29866.11,551.0,Unemployed
CUST_11981,2025-04-18,Savings,4018.58,706.0,Unknown
CUST_11982,2025-05-28,Checking,0.0,555.0,Education
CUST_11983,2025-04-24,Investment,5482.38,680.0,Tech
CUST_11984,2025-03-19,Checking,16051.63,444.0,Retail
CUST_11985,2025-05-10,Credit Card,12806.03,640.0,Tech
CUST_11986,2025-02-06,Checking,7348.61,702.0,Unknown
CUST_11987,2025-01-20,Savings,18164.47,587.0,Education
CUST_11988,2025-01-26,Savings,17247.36,513.0,Retail
CUST_11989,2025-01-29,Checking,17322.24,831.0,Unknown
CUST_11990,2025-01-01,Investment,864.94,847.0,Retail
CUST_11991,2025-04-29,Credit Card,760.62,510.0,Education
CUST_11992,2025-02-04,Savings,1889.84,470.0,Finance
CUST_11993,2025-02-28,Savings,0.0,837.0,Healthcare
CUST_11994,2025-03-10,Savings,6585.12,562.0,Education
CUST_11995,2025-06-10,Investment,4915.66,689.0,Unemployed
CUST_11996,2025-06-28,Credit Card,29826.03,720.0,Tech
CUST_11997,2025-01-12,Credit Card,0.0,361.0,Finance
CUST_11998,2025-01-20,Savings,0.0,,Education
CUST_11999,2025-02-12,Checking,14686.02,790.0,Healthcare
CUST_12000,2025-05-06,Checking,6072.83,359.0,Retail
CUST_12001,2025-02-19,Savings,0.0,776.0,Unemployed
CUST_12002,2025-01-29,Checking,16731.73,619.0,Healthcare
CUST_12003,2025-02-08,Savings,815.12,351.0,Unknown
CUST_12004,2025-06-20,Savings,27864.27,376.0,Healthcare
CUST_12005,2025-06-27,Credit Card,0.0,418.0,Unemployed
CUST_12006,2025-05-31,Credit Card,0.0,481.0,Unknown
CUST_12007,2025-06-21,Checking,6914.92,805.0,Education
CUST_12008,2025-02-07,Checking,25366.77,452.0,Retail
CUST_12009,2025-03-25,Savings,0.0,317.0,Retail
CUST_12010,2025-05-31,Credit Card,10647.59,363.0,Healthcare
CUST_12011,2025-05-08,Credit Card,0.0,796.0,Education
CUST_12012,2025-05-06,Credit Card,18750.87,378.0,Unknown
CUST_12013,2025-02-14,Credit Card,0.0,358.0,Retail
CUST_12014,2025-02-21,Savings,14281.59,710.0,Retail
CUST_12015,2025-03-21,Savings,15056.08,360.0,Unknown
CUST_12016,2025-06-27,Checking,0.0,766.0,Tech
CUST_12017,2025-05-04,Savings,8139.9,378.0,Healthcare
CUST_12018,2025-04-29,Credit Card,0.0,787.0,Finance
CUST_12019,2025-01-08,Savings,12477.66,543.0,Healthcare
CUST_12020,2025-03-26,Savings,0.0,507.0,Education
CUST_12021,2025-05-09,Savings,0.0,386.0,Unknown
CUST_12022,2025-01-08,Investment,22976.98,338.0,Unemployed
CUST_12023,2025-06-06,Savings,21816.15,475.0,Unknown
CUST_12024,2025-04-06,Checking,0.0,777.0,Unknown
CUST_12025,2025-04-12,Checking,31945.56,319.0,Unemployed
CUST_12026,2025-01-05,Savings,0.0,520.0,Retail
CUST_12027,2025-03-27,Checking,8218.68,574.0,Retail
CUST_12028,2025-06-24,Credit Card,0.0,453.0,Tech
CUST_12029,2025-02-03,Checking,10570.69,762.0,Retail
CUST_12030,2025-02-24,Credit Card,1075.35,708.0,Retail
CUST_12031,2025-04-29,Savings,0.0,550.0,Unemployed
CUST_12032,2025-06-20,Savings,0.0,511.0,Finance
CUST_12033,2025-06-07,Investment,0.0,777.0,Healthcare
CUST_12034,2025-04-24,Savings,6145.77,718.0,Retail
CUST_12035,2025-05-25,Checking,19620.88,471.0,Education
CUST_12036,2025-01-26,Credit Card,34382.15,806.0,Finance
CUST_12037,2025-05-16,Savings,2436.59,502.0,Finance
CUST_12038,2025-02-16,Credit Card,9482.21,791.0,Tech
CUST_12039,2025-04-23,Savings,22793.24,594.0,Education
CUST_12040,2025-03-17,Savings,0.0,756.0,Finance
CUST_12041,2025-03-13,Savings,0.0,445.0,Healthcare
CUST_12042,2025-03-30,Credit Card,34226.38,537.0,Education
CUST_12043,2025-02-15,Savings,2303.49,723.0,Healthcare
CUST_12044,2025-02-02,Credit Card,8260.05,591.0,Tech
CUST_12045,2025-01-01,Investment,0.0,455.0,Tech
CUST_12046,2025-05-27,Checking,0.0,649.0,Retail
CUST_12047,2025-01-31,Checking,33307.08,741.0,Healthcare
CUST_12048,2025-05-22,Checking,11942.1,542.0,Unemployed
CUST_12049,2025-02-22,Savings,4569.78,506.0,Healthcare
CUST_12050,2025-02-17,Checking,25905.73,727.0,Tech
CUST_12051,2025-03-10,Checking,0.0,557.0,Unemployed
CUST_12052,2025-04-15,Investment,0.0,334.0,Healthcare
CUST_12053,2025-03-31,Investment,39124.83,428.0,Education
CUST_12054,2025-03-04,Credit Card,4250.47,729.0,Retail
CUST_12055,2025-03-14,Credit Card,4146.71,618.0,Retail
CUST_12056,2025-06-10,Checking,22687.19,394.0,Education
CUST_12057,2025-06-18,Checking,23729.84,519.0,Finance
CUST_12058,2025-03-30,Credit Card,0.0,600.0,Unknown
CUST_12059,2025-06-25,Savings,11419.5,484.0,Unemployed
CUST_12060,2025-01-13,Investment,31336.86,336.0,Unemployed
CUST_12061,2025-03-14,Checking,0.0,699.0,Healthcare
CUST_12062,2025-03-18,Checking,0.0,441.0,Unknown
CUST_12063,2025-06-08,Credit Card,5432.28,433.0,Unknown
CUST_12064,2025-03-09,Investment,15415.17,744.0,Finance
CUST_12065,2025-04-08,Savings,0.0,587.0,Finance
CUST_12066,2025-05-05,Credit Card,0.0,557.0,Healthcare
CUST_12067,2025-04-12,Checking,8232.4,338.0,Unknown
CUST_12068,2025-05-12,Savings,22488.17,604.0,Unemployed
CUST_12069,2025-04-12,Credit Card,320.61,582.0,Unknown
CUST_12070,2025-01-19,Checking,0.0,825.0,Tech
CUST_12071,2025-03-23,Checking,2495.5,706.0,Healthcare
CUST_12072,2025-05-21,Savings,28963.19,658.0,Tech
CUST_12073,2025-01-23,Checking,0.0,677.0,Education
CUST_12074,2025-03-24,Checking,13554.23,768.0,Tech
CUST_12075,2025-04-19,Checking,0.0,580.0,Finance
CUST_12076,2025-03-16,Savings,0.0,310.0,Finance
CUST_12077,2025-05-09,Investment,17675.65,485.0,Finance
CUST_12078,2025-03-29,Checking,29515.54,848.0,Unknown
CUST_12079,2025-02-23,Credit Card,18335.03,308.0,Unemployed
CUST_12080,2025-03-30,Checking,0.0,327.0,Unknown
CUST_12081,2025-05-23,Savings,0.0,763.0,Unemployed
CUST_12082,2025-03-06,Checking,8583.75,810.0,Tech
CUST_12083,2025-03-17,Checking,5893.61,,Finance
CUST_12084,2025-05-23,Checking,0.0,517.0,Retail
CUST_12085,2025-05-29,Checking,0.0,728.0,Healthcare
CUST_12086,2025-05-27,Checking,0.0,302.0,Finance
CUST_12087,2025-03-01,Savings,3985.94,486.0,Unemployed
CUST_12088,2025-04-03,Checking,0.0,342.0,Tech
CUST_12089,2025-06-10,Savings,14003.38,710.0,Finance
CUST_12090,2025-02-18,Savings,3605.26,489.0,Unknown
CUST_12091,2025-02-04,Investment,0.0,341.0,Tech
CUST_12092,2025-06-21,Checking,7903.8,396.0,Unknown
CUST_12093,2025-04-12,Checking,0.0,816.0,Healthcare
CUST_12094,2025-01-11,Checking,4218.71,435.0,Tech
CUST_12095,2025-04-09,Investment,0.0,809.0,Healthcare
CUST_12096,2025-04-20,Checking,0.0,818.0,Finance
CUST_12097,2025-03-15,Credit Card,0.0,336.0,Unknown
CUST_12098,2025-06-23,Savings,0.0,816.0,NA
CUST_12099,2025-01-09,Investment,10764.33,357.0,Retail
CUST_12100,2025-01-03,Credit Card,4720.15,454.0,Finance
CUST_12101,2025-03-26,Credit Card,36505.93,412.0,Healthcare
CUST_12102,2025-01-26,Savings,1022.57,759.0,Unemployed
CUST_12103,2025-03-13,Savings,0.0,741.0,Education
CUST_12104,2025-02-17,Savings,0.0,527.0,Education
CUST_12105,2025-06-05,Savings,0.0,421.0,Education
CUST_12106,2025-04-27,Credit Card,55768.08,656.0,Unknown
CUST_12107,2025-06-03,Savings,4449.15,567.0,Finance
CUST_12108,2025-06-02,Savings,21627.97,784.0,Tech
CUST_12109,2025-01-12,Savings,20108.14,303.0,Retail
CUST_12110,2025-05-13,Savings,0.0,,Unemployed
CUST_12111,2025-02-17,Savings,0.0,420.0,Retail
CUST_12112,2025-02-06,Credit Card,14634.7,785.0,Unemployed
CUST_12113,2025-02-13,Checking,0.0,518.0,Unknown
CUST_12114,2025-01-15,Savings,19664.89,577.0,Finance
CUST_12115,2025-02-12,Checking,3244.17,556.0,Healthcare
CUST_12116,2025-06-25,Checking,14240.81,603.0,Finance
CUST_12117,2025-03-28,Savings,9551.63,342.0,Education
CUST_12118,2025-03-11,Checking,10352.43,829.0,Healthcare
CUST_12119,2025-02-15,Credit Card,6567.3,449.0,Retail
CUST_12120,2025-04-18,Credit Card,9224.03,,Finance
CUST_12121,2025-05-03,Credit Card,5691.28,511.0,Tech
CUST_12122,2025-06-20,Savings,0.0,559.0,Tech
CUST_12123,2025-01-21,Investment,0.0,,Unknown
CUST_12124,2025-05-31,Credit Card,37546.56,688.0,Retail
CUST_12125,2025-04-17,Investment,9711.74,635.0,Healthcare
CUST_12126,2025-03-21,Savings,22136.74,304.0,Education
CUST_12127,2025-02-16,Investment,0.0,382.0,Tech
CUST_12128,2025-04-27,Credit Card,0.0,305.0,Tech
CUST_12129,2025-05-04,Credit Card,0.0,451.0,Finance
CUST_12130,2025-05-23,Savings,0.0,480.0,Unemployed
CUST_12131,2025-01-25,Credit Card,0.0,466.0,Unknown
CUST_12132,2025-02-05,Investment,8498.22,769.0,Retail
CUST_12133,2025-02-20,Checking,-337.28,377.0,Tech
CUST_12134,2025-01-15,Checking,18132.42,711.0,Finance
CUST_12135,2025-03-09,Investment,344.05,680.0,Healthcare
CUST_12136,2025-01-21,Checking,0.0,612.0,Unemployed
CUST_12137,2025-05-21,Checking,11654.25,694.0,Tech
CUST_12138,2025-01-19,Checking,0.0,842.0,Unknown
CUST_12139,2025-02-03,Investment,8215.92,303.0,Retail
CUST_12140,2025-03-19,Savings,0.0,408.0,Finance
CUST_12141,2025-05-05,Checking,8487.65,392.0,Healthcare
CUST_12142,2025-04-27,Checking,0.0,398.0,Finance
CUST_12143,2025-02-21,Credit Card,16674.88,491.0,Education
CUST_12144,2025-01-27,Checking,5564.14,632.0,Retail
CUST_12145,2025-06-06,Investment,-163.05,511.0,Retail
CUST_12146,2025-06-05,Investment,0.0,506.0,NA
CUST_12147,2025-02-04,Savings,32158.02,655.0,Tech
CUST_12148,2025-05-16,Checking,0.0,552.0,Unemployed
CUST_12149,2025-05-24,Savings,8944.11,495.0,Finance
CUST_12150,2025-04-16,Savings,0.0,561.0,Healthcare
CUST_12151,2025-06-13,Checking,61662.35,621.0,Tech
CUST_12152,2025-06-07,Investment,7241.32,719.0,Retail
CUST_12153,2025-05-26,Credit Card,0.0,797.0,Finance
CUST_12154,2025-01-02,Savings,14086.38,631.0,Healthcare
CUST_12155,2025-06-26,Savings,16250.93,595.0,Unemployed
CUST_12156,2025-03-18,Checking,10918.98,535.0,Retail
CUST_12157,2025-05-12,Checking,147.24,306.0,Unknown
CUST_12158,2025-03-31,Savings,11607.61,833.0,Healthcare
CUST_12159,2025-03-30,Credit Card,2669.88,371.0,Unemployed
CUST_12160,2025-04-04,Investment,4620.6,799.0,Finance
CUST_12161,2025-01-07,Checking,0.0,438.0,Healthcare
CUST_12162,2025-04-05,Credit Card,0.0,685.0,Tech
CUST_12163,2025-04-18,Savings,13448.71,841.0,Tech
CUST_12164,2025-03-15,Credit Card,14094.5,623.0,Unknown
CUST_12165,2025-02-08,Checking,24449.58,372.0,Finance
CUST_12166,2025-05-21,Savings,5727.72,688.0,Unemployed
CUST_12167,2025-06-08,Investment,1763.99,537.0,Retail
CUST_12168,2025-03-12,Checking,0.0,621.0,Education
CUST_12169,2025-02-25,Credit Card,4407.14,640.0,Education
CUST_12170,2025-06-19,Savings,10402.97,,Education
CUST_12171,2025-02-11,Savings,0.0,307.0,Retail
CUST_12172,2025-02-05,Savings,21035.33,506.0,Unknown
CUST_12173,2025-03-25,Checking,0.0,710.0,Tech
CUST_12174,2025-04-28,Checking,2058.5,557.0,Tech
CUST_12175,2025-01-07,Savings,13966.56,345.0,Unemployed
CUST_12176,2025-02-23,Checking,4890.3,425.0,Unemployed
CUST_12177,2025-05-09,Checking,26050.42,320.0,Tech
CUST_12178,2025-06-21,Credit Card,14432.09,469.0,Unemployed
CUST_12179,2025-04-30,Checking,2775.02,843.0,Finance
CUST_12180,2025-06-22,Investment,0.0,,Unemployed
CUST_12181,2025-04-16,Checking,19942.8,754.0,Tech
CUST_12182,2025-02-16,Checking,0.0,505.0,Unemployed
CUST_12183,2025-05-03,Savings,17777.97,632.0,Tech
CUST_12184,2025-05-21,Savings,12352.84,320.0,Tech
CUST_12185,2025-04-29,Savings,2018.21,364.0,Unknown
CUST_12186,2025-05-30,Checking,19299.37,387.0,Unknown
CUST_12187,2025-04-28,Savings,12815.6,778.0,Education
CUST_12188,2025-01-21,Savings,9925.44,342.0,Healthcare
CUST_12189,2025-05-17,Credit Card,0.0,440.0,Tech
CUST_12190,2025-01-26,Savings,5597.72,673.0,Healthcare
CUST_12191,2025-01-09,Savings,0.0,815.0,Unemployed
CUST_12192,2025-01-15,Savings,0.0,799.0,Unknown
CUST_12193,2025-01-10,Credit Card,-417.14,578.0,Tech
CUST_12194,2025-05-02,Savings,26951.26,625.0,Education
CUST_12195,2025-05-01,Checking,10480.86,717.0,Education
CUST_12196,2025-05-05,Checking,11469.03,607.0,Unemployed
CUST_12197,2025-06-19,Checking,16556.4,606.0,Unemployed
CUST_12198,2025-03-13,Checking,0.0,769.0,Unemployed
CUST_12199,2025-06-01,Credit Card,0.0,483.0,Healthcare
CUST_12200,2025-02-18,Savings,0.0,590.0,Unknown
CUST_12201,2025-06-03,Savings,8466.07,548.0,Unknown
CUST_12202,2025-04-01,Savings,19800.37,623.0,Education
CUST_12203,2025-02-06,Savings,18691.25,742.0,Unknown
CUST_12204,2025-03-09,Savings,0.0,358.0,Finance
CUST_12205,2025-02-19,Savings,25332.43,568.0,Retail
CUST_12206,2025-06-01,Checking,35645.63,617.0,Unknown
CUST_12207,2025-01-19,Checking,14114.48,393.0,Retail
CUST_12208,2025-04-10,Savings,27309.19,553.0,Unemployed
CUST_12209,2025-03-01,Credit Card,18097.33,759.0,Tech
CUST_12210,2025-06-16,Savings,1554.27,814.0,Education
CUST_12211,2025-03-30,Savings,0.0,832.0,Retail
CUST_12212,2025-05-26,Checking,0.0,403.0,Healthcare
CUST_12213,2025-05-27,Savings,0.0,701.0,Healthcare
CUST_12214,2025-06-13,Savings,1447.53,632.0,Unemployed
CUST_12215,2025-03-10,Checking,1779.09,392.0,Healthcare
CUST_12216,2025-06-24,Investment,3311.28,841.0,Tech
CUST_12217,2025-02-18,Credit Card,0.0,736.0,Retail
CUST_12218,2025-04-18,Savings,16685.44,309.0,Retail
CUST_12219,2025-06-10,Credit Card,18426.3,755.0,Retail
CUST_12220,2025-04-29,Credit Card,10565.47,714.0,Healthcare
CUST_12221,2025-05-29,Checking,0.0,817.0,Unemployed
CUST_12222,2025-05-30,Credit Card,10504.79,674.0,Healthcare
CUST_12223,2025-06-25,Checking,5339.15,830.0,Tech
CUST_12224,2025-02-06,Savings,12117.24,823.0,Unemployed
CUST_12225,2025-05-23,Checking,28266.84,672.0,Finance
CUST_12226,2025-06-12,Checking,2322.97,738.0,Retail
CUST_12227,2025-06-09,Checking,7722.88,494.0,Tech
CUST_12228,2025-01-11,Checking,0.0,564.0,Healthcare
CUST_12229,2025-05-18,Investment,18825.14,806.0,Finance
CUST_12230,2025-03-19,Investment,15541.05,725.0,Education
CUST_12231,2025-03-18,Credit Card,8248.41,398.0,Finance
CUST_12232,2025-06-02,Credit Card,0.0,329.0,Unknown
CUST_12233,2025-01-02,Investment,0.0,590.0,Tech
CUST_12234,2025-03-05,Savings,0.0,786.0,Finance
CUST_12235,2025-02-04,Savings,0.0,705.0,Healthcare
CUST_12236,2025-01-07,Checking,15640.51,327.0,Finance
CUST_12237,2025-03-26,Credit Card,10936.43,445.0,Healthcare
CUST_12238,2025-05-26,Checking,7395.32,587.0,Finance
CUST_12239,2025-03-08,Credit Card,27264.49,551.0,Tech
CUST_12240,2025-02-11,Savings,9567.95,461.0,Education
CUST_12241,2025-04-28,Savings,0.0,409.0,Retail
CUST_12242,2025-05-05,Credit Card,0.0,,Finance
CUST_12243,2025-06-16,Savings,1524.28,570.0,Education
CUST_12244,2025-06-18,Savings,0.0,487.0,Finance
CUST_12245,2025-01-24,Savings,19294.72,831.0,Unemployed
CUST_12246,2025-02-15,Savings,11321.71,575.0,Education
CUST_12247,2025-01-19,Credit Card,204.9,546.0,Healthcare
CUST_12248,2025-03-09,Savings,775.94,623.0,Education
CUST_12249,2025-04-12,Checking,15548.63,317.0,Retail
CUST_12250,2025-02-11,Savings,20164.13,707.0,Education
CUST_12251,2025-02-01,Credit Card,0.0,710.0,Unknown
CUST_12252,2025-06-16,Savings,2431.81,424.0,Retail
CUST_12253,2025-04-19,Checking,6372.37,619.0,Retail
CUST_12254,2025-02-05,Credit Card,13222.08,452.0,Education
CUST_12255,2025-04-07,Savings,6694.89,319.0,Unknown
CUST_12256,2025-06-13,Credit Card,11108.0,546.0,Retail
CUST_12257,2025-05-11,Checking,1445.61,689.0,Retail
CUST_12258,2025-03-14,Checking,0.0,646.0,Unemployed
CUST_12259,2025-05-16,Savings,16762.93,775.0,Healthcare
CUST_12260,2025-04-07,Investment,17238.59,502.0,Unknown
CUST_12261,2025-05-03,Credit Card,14777.51,308.0,Tech
CUST_12262,2025-03-11,Savings,17446.86,830.0,Healthcare
CUST_12263,2025-06-18,Savings,0.0,402.0,Tech
CUST_12264,2025-01-13,Credit Card,0.0,545.0,Tech
CUST_12265,2025-02-18,Checking,21798.0,618.0,Healthcare
CUST_12266,2025-03-01,Credit Card,10343.5,650.0,Retail
CUST_12267,2025-05-10,Checking,5842.51,533.0,Unemployed
CUST_12268,2025-01-05,Credit Card,1221.61,336.0,Unknown
CUST_12269,2025-06-21,Savings,24018.48,644.0,Healthcare
CUST_12270,2025-01-27,Savings,0.0,591.0,Retail
CUST_12271,2025-06-09,Checking,9411.09,316.0,Healthcare
CUST_12272,2025-05-29,Investment,4000.83,389.0,Healthcare
CUST_12273,2025-01-08,Savings,0.0,647.0,Unemployed
CUST_12274,2025-02-19,Checking,29249.62,743.0,Finance
CUST_12275,2025-03-08,Checking,0.0,552.0,Education
CUST_12276,2025-02-13,Checking,6818.82,483.0,Healthcare
CUST_12277,2025-05-05,Credit Card,12926.93,589.0,Education
CUST_12278,2025-02-27,Credit Card,0.0,514.0,Retail
CUST_12279,2025-01-03,Savings,9158.9,457.0,Finance
CUST_12280,2025-03-27,Investment,1632.77,692.0,Unemployed
CUST_12281,2025-03-11,Credit Card,19820.74,319.0,Finance
CUST_12282,2025-05-10,Credit Card,57705.14,770.0,Tech
CUST_12283,2025-06-21,Checking,10078.91,730.0,Unknown
CUST_12284,2025-01-02,Credit Card,14060.71,367.0,Unknown
CUST_12285,2025-04-12,Savings,0.0,376.0,Unemployed
CUST_12286,2025-02-04,Savings,8221.99,401.0,Unknown
CUST_12287,2025-04-08,Credit Card,0.0,506.0,Unemployed
CUST_12288,2025-01-30,Savings,16682.16,512.0,Education
CUST_12289,2025-04-26,Savings,0.0,378.0,Finance
CUST_12290,2025-01-08,Credit Card,0.0,412.0,Retail
CUST_12291,2025-05-30,Credit Card,22700.29,432.0,Tech
CUST_12292,2025-02-13,Savings,8149.82,496.0,Finance
CUST_12293,2025-02-05,Credit Card,24857.37,324.0,Retail
CUST_12294,2025-03-18,Checking,10456.17,771.0,Education
CUST_12295,2025-01-31,Checking,12646.69,842.0,Retail
CUST_12296,2025-02-16,Credit Card,357.45,589.0,Retail
CUST_12297,2025-02-24,Checking,2095.59,555.0,Unknown
CUST_12298,2025-04-16,Savings,19466.26,505.0,Unknown
CUST_12299,2025-06-07,Savings,2851.47,774.0,Retail
CUST_12300,2025-05-01,Checking,22753.03,367.0,Healthcare
CUST_12301,2025-02-24,Checking,3352.2,514.0,Unemployed
CUST_12302,2025-05-24,Credit Card,0.0,721.0,Finance
CUST_12303,2025-01-12,Credit Card,0.0,838.0,Retail
CUST_12304,2025-05-25,Checking,2423.96,761.0,Tech
CUST_12305,2025-05-24,Credit Card,18736.1,754.0,Healthcare
CUST_12306,2025-05-20,Savings,0.0,600.0,Retail
CUST_12307,2025-05-16,Savings,15976.8,587.0,Retail
CUST_12308,2025-01-03,Credit Card,6511.03,301.0,Unemployed
CUST_12309,2025-05-24,Savings,14093.15,319.0,Finance
CUST_12310,2025-01-30,Savings,654.69,776.0,Unknown
CUST_12311,2025-01-23,Checking,7745.15,790.0,Unknown
CUST_12312,2025-04-02,Checking,19081.15,556.0,Healthcare
CUST_12313,2025-04-25,Credit Card,4742.43,752.0,Retail
CUST_12314,2025-04-14,Savings,0.0,737.0,Retail
CUST_12315,2025-04-28,Savings,0.0,697.0,Education
CUST_12316,2025-01-05,Savings,13122.99,452.0,Tech
CUST_12317,2025-04-14,Checking,0.0,521.0,Tech
CUST_12318,2025-04-18,Savings,0.0,735.0,Finance
CUST_12319,2025-03-06,Checking,0.0,435.0,Unknown
CUST_12320,2025-05-01,Credit Card,1548.73,827.0,Healthcare
CUST_12321,2025-01-30,Investment,36463.16,578.0,Unemployed
CUST_12322,2025-05-29,Savings,10280.59,784.0,Unemployed
CUST_12323,2025-03-25,Checking,0.0,845.0,Retail
CUST_12324,2025-05-30,Checking,0.0,544.0,Unknown
CUST_12325,2025-02-01,Investment,0.0,317.0,Unknown
CUST_12326,2025-06-10,Investment,0.0,442.0,Unemployed
CUST_12327,2025-01-16,Savings,0.0,,Healthcare
CUST_12328,2025-02-07,Credit Card,9054.98,826.0,Finance
CUST_12329,2025-05-22,Savings,11700.68,392.0,Unknown
CUST_12330,2025-02-05,Savings,6163.98,682.0,Education
CUST_12331,2025-05-31,Savings,10547.61,578.0,Finance
CUST_12332,2025-04-24,Checking,0.0,748.0,Tech
CUST_12333,2025-03-07,Checking,0.0,587.0,Unknown
CUST_12334,2025-04-15,Savings,0.0,775.0,Education
CUST_12335,2025-03-26,Checking,0.0,470.0,NA
CUST_12336,2025-01-02,Savings,10380.12,824.0,Finance
CUST_12337,2025-03-16,Checking,35205.48,671.0,Healthcare
CUST_12338,2025-03-08,Savings,0.0,692.0,Healthcare
CUST_12339,2025-06-29,Savings,-129.19,484.0,Tech
CUST_12340,2025-05-31,Checking,8043.4,809.0,Tech
CUST_12341,2025-06-03,Savings,814.88,731.0,Unemployed
CUST_12342,2025-02-24,Checking,9994.25,508.0,Tech
CUST_12343,2025-01-06,Savings,0.0,628.0,Unknown
CUST_12344,2025-06-12,Checking,0.0,660.0,Unknown
CUST_12345,2025-05-30,Savings,2264.89,743.0,Unknown
CUST_12346,2025-06-20,Checking,9898.42,740.0,Unknown
CUST_12347,2025-05-23,Credit Card,24237.38,668.0,Tech
CUST_12348,2025-03-27,Savings,10649.53,405.0,Retail
CUST_12349,2025-03-01,Checking,1217.65,624.0,Education
CUST_12350,2025-04-11,Savings,17461.91,531.0,Unemployed
CUST_12351,2025-01-12,Checking,20001.51,548.0,Tech
CUST_12352,2025-02-18,Savings,449.8,616.0,Finance
CUST_12353,2025-02-11,Checking,2810.71,563.0,Retail
CUST_12354,2025-06-15,Checking,0.0,802.0,Education
CUST_12355,2025-03-23,Investment,17313.55,562.0,Retail
CUST_12356,2025-06-22,Checking,6112.86,715.0,Healthcare
CUST_12357,2025-02-04,Checking,0.0,369.0,Retail
CUST_12358,2025-06-07,Checking,11092.38,533.0,Unemployed
CUST_12359,2025-06-07,Investment,27344.53,731.0,Unknown
CUST_12360,2025-05-14,Credit Card,28529.03,353.0,Retail
CUST_12361,2025-03-08,Savings,0.0,,Healthcare
CUST_12362,2025-03-21,Credit Card,0.0,335.0,Healthcare
CUST_12363,2025-01-07,Checking,33468.02,558.0,Healthcare
CUST_12364,2025-06-29,Credit Card,28500.56,550.0,Unemployed
CUST_12365,2025-01-14,Credit Card,12009.54,312.0,Unemployed
CUST_12366,2025-03-14,Savings,0.0,840.0,Retail
CUST_12367,2025-05-23,Credit Card,0.0,356.0,Healthcare
CUST_12368,2025-05-29,Savings,0.0,460.0,Tech
CUST_12369,2025-06-12,Savings,32185.34,736.0,Finance
CUST_12370,2025-03-07,Savings,0.0,529.0,Unknown
CUST_12371,2025-04-01,Credit Card,32054.73,492.0,Finance
CUST_12372,2025-05-10,Savings,3417.13,656.0,Unknown
CUST_12373,2025-06-12,Savings,0.0,651.0,Healthcare
CUST_12374,2025-01-20,Credit Card,19801.98,557.0,Education
CUST_12375,2025-01-10,Savings,14442.41,592.0,Unknown
CUST_12376,2025-01-25,Savings,0.0,685.0,Retail
CUST_12377,2025-01-25,Savings,4621.35,533.0,Finance
CUST_12378,2025-02-23,Savings,25633.53,595.0,Unemployed
CUST_12379,2025-02-02,Checking,0.0,836.0,Unemployed
CUST_12380,2025-06-13,Savings,30195.93,678.0,Unknown
CUST_12381,2025-04-05,Investment,0.0,509.0,Tech
CUST_12382,2025-01-14,Credit Card,0.0,838.0,Education
CUST_12383,2025-03-06,Savings,5678.24,477.0,Education
CUST_12384,2025-04-20,Savings,0.0,371.0,Tech
CUST_12385,2025-03-21,Checking,6873.31,807.0,Retail
CUST_12386,2025-02-23,Checking,5077.15,521.0,Retail
CUST_12387,2025-05-05,Savings,0.0,527.0,Healthcare
CUST_12388,2025-06-29,Savings,33180.24,532.0,Unknown
CUST_12389,2025-05-11,Credit Card,4940.36,567.0,Tech
CUST_12390,2025-06-18,Savings,17965.48,553.0,Tech
CUST_12391,2025-05-14,Savings,18930.77,305.0,Unemployed
CUST_12392,2025-01-25,Credit Card,31415.17,346.0,Unknown
CUST_12393,2025-05-21,Checking,0.0,706.0,Tech
CUST_12394,2025-04-27,Savings,0.0,553.0,Healthcare
CUST_12395,2025-05-16,Checking,30860.31,748.0,Finance
CUST_12396,2025-05-29,Savings,13716.81,358.0,Retail
CUST_12397,2025-01-25,Credit Card,6894.67,,Unknown
CUST_12398,2025-03-20,Checking,3000.54,490.0,Healthcare
CUST_12399,2025-03-09,Credit Card,340.3,564.0,Unknown
CUST_12400,2025-06-22,Investment,17917.49,442.0,Unknown
CUST_12401,2025-01-12,Investment,0.0,545.0,Unknown
CUST_12402,2025-02-01,Investment,12159.97,515.0,Healthcare
CUST_12403,2025-05-08,Checking,20469.74,,Unemployed
CUST_12404,2025-04-06,Savings,16148.78,775.0,Healthcare
CUST_12405,2025-04-02,Checking,3929.14,683.0,Unemployed
CUST_12406,2025-05-21,Checking,4960.07,846.0,Unemployed
CUST_12407,2025-01-31,Credit Card,24285.4,714.0,Unknown
CUST_12408,2025-03-19,Savings,13728.8,431.0,Tech
CUST_12409,2025-01-20,Investment,31327.72,697.0,Healthcare
CUST_12410,2025-05-26,Credit Card,0.0,806.0,Finance
CUST_12411,2025-03-01,Investment,18600.74,452.0,Unknown
CUST_12412,2025-05-14,Credit Card,0.0,467.0,Education
CUST_12413,2025-06-09,Savings,3906.34,529.0,Healthcare
CUST_12414,2025-04-03,Savings,25640.1,703.0,Unknown
CUST_12415,2025-02-12,Savings,0.0,443.0,Unemployed
CUST_12416,2025-05-10,Savings,36734.2,830.0,Finance
CUST_12417,2025-03-01,Checking,21584.91,367.0,Unemployed
CUST_12418,2025-05-31,Credit Card,13688.19,397.0,Tech
CUST_12419,2025-01-31,Credit Card,0.0,306.0,Education
CUST_12420,2025-01-05,Checking,2304.1,476.0,Retail
CUST_12421,2025-06-11,Savings,-375.67,505.0,Retail
CUST_12422,2025-01-10,Savings,0.0,,Tech
CUST_12423,2025-03-30,Savings,21406.48,528.0,Unknown
CUST_12424,2025-05-10,Savings,0.0,569.0,Tech
CUST_12425,2025-05-06,Checking,2366.78,380.0,Retail
CUST_12426,2025-01-11,Savings,3124.44,487.0,Tech
CUST_12427,2025-06-27,Savings,1787.36,800.0,Unknown
CUST_12428,2025-06-08,Savings,12956.88,786.0,Retail
CUST_12429,2025-02-25,Checking,0.0,787.0,Tech
CUST_12430,2025-03-24,Checking,20274.78,777.0,Retail
CUST_12431,2025-05-17,Checking,0.0,588.0,Finance
CUST_12432,2025-04-09,Checking,4572.1,405.0,Tech
CUST_12433,2025-05-29,Investment,0.0,522.0,Retail
CUST_12434,2025-03-14,Savings,21074.96,681.0,Tech
CUST_12435,2025-06-05,Checking,24887.31,403.0,Unknown
CUST_12436,2025-04-25,Credit Card,15738.07,413.0,Retail
CUST_12437,2025-01-07,Checking,7556.21,807.0,Retail
CUST_12438,2025-03-21,Investment,4457.85,354.0,Unemployed
CUST_12439,2025-05-24,Savings,0.0,420.0,Unemployed
CUST_12440,2025-04-07,Checking,0.0,516.0,Unknown
CUST_12441,2025-01-04,Savings,16257.44,302.0,Education
CUST_12442,2025-01-04,Checking,2288.37,391.0,Unknown
CUST_12443,2025-04-13,Savings,0.0,706.0,Tech
CUST_12444,2025-02-09,Savings,0.0,740.0,Finance
CUST_12445,2025-01-17,Checking,14523.69,731.0,Healthcare
CUST_12446,2025-04-11,Checking,18109.62,360.0,Healthcare
CUST_12447,2025-04-13,Savings,0.0,772.0,Unemployed
CUST_12448,2025-05-04,Checking,7280.94,546.0,Tech
CUST_12449,2025-02-21,Checking,10818.32,671.0,Unemployed
CUST_12450,2025-02-21,Savings,0.0,588.0,Retail
CUST_12451,2025-06-13,Checking,23596.0,323.0,Retail
CUST_12452,2025-05-04,Credit Card,-171.28,705.0,Finance
CUST_12453,2025-06-15,Checking,0.0,607.0,Tech
CUST_12454,2025-06-27,Savings,2080.38,671.0,Healthcare
CUST_12455,2025-03-04,Savings,25519.54,514.0,Finance
CUST_12456,2025-04-26,Checking,-181.82,561.0,Unknown
CUST_12457,2025-03-03,Investment,0.0,645.0,Tech
CUST_12458,2025-01-07,Checking,14423.12,712.0,Tech
CUST_12459,2025-06-04,Savings,8876.03,422.0,Unemployed
CUST_12460,2025-04-02,Checking,4956.03,619.0,Unemployed
CUST_12461,2025-01-14,Credit Card,12156.87,636.0,Tech
CUST_12462,2025-03-27,Savings,0.0,457.0,Education
CUST_12463,2025-05-13,Investment,0.0,626.0,Finance
CUST_12464,2025-05-10,Investment,15912.8,364.0,Tech
CUST_12465,2025-03-03,Savings,0.0,668.0,Unknown
CUST_12466,2025-05-29,Investment,29223.59,303.0,Unemployed
CUST_12467,2025-03-20,Savings,23440.54,359.0,Unknown
CUST_12468,2025-05-29,Credit Card,0.0,344.0,Finance
CUST_12469,2025-05-18,Checking,27137.14,842.0,Healthcare
CUST_12470,2025-02-27,Checking,7282.91,455.0,Tech
CUST_12471,2025-04-30,Checking,25771.81,363.0,Retail
CUST_12472,2025-06-16,Credit Card,7001.4,720.0,Tech
CUST_12473,2025-05-13,Savings,2342.23,622.0,Tech
CUST_12474,2025-03-06,Checking,778.05,408.0,Finance
CUST_12475,2025-01-13,Savings,0.0,762.0,Unknown
CUST_12476,2025-03-23,Savings,18906.54,846.0,Finance
CUST_12477,2025-06-22,Savings,0.0,550.0,Unemployed
CUST_12478,2025-06-09,Checking,19397.36,809.0,Education
CUST_12479,2025-06-13,Savings,30109.37,847.0,Tech
CUST_12480,2025-05-19,Savings,0.0,740.0,Unemployed
CUST_12481,2025-05-29,Savings,0.0,753.0,Healthcare
CUST_12482,2025-02-21,Savings,20116.9,573.0,Finance
CUST_12483,2025-04-27,Checking,0.0,359.0,Education
CUST_12484,2025-01-26,Investment,24758.69,641.0,Unknown
CUST_12485,2025-02-03,Savings,0.0,693.0,Retail
CUST_12486,2025-02-21,Investment,26573.16,412.0,Retail
CUST_12487,2025-04-22,Credit Card,413.95,520.0,Education
CUST_12488,2025-03-23,Checking,9953.72,367.0,Unemployed
CUST_12489,2025-06-29,Checking,19733.86,614.0,Unknown
CUST_12490,2025-06-06,Credit Card,12672.54,766.0,Retail
CUST_12491,2025-06-15,Savings,21059.9,,Tech
CUST_12492,2025-02-11,Checking,0.0,430.0,Finance
CUST_12493,2025-01-21,Checking,0.0,723.0,Healthcare
CUST_12494,2025-02-11,Checking,5948.56,566.0,Retail
CUST_12495,2025-05-21,Credit Card,0.0,511.0,Tech
CUST_12496,2025-04-23,Savings,19561.77,587.0,Unknown
CUST_12497,2025-04-15,Checking,0.0,724.0,Unemployed
CUST_12498,2025-01-17,Checking,0.0,543.0,NA
CUST_12499,2025-04-30,Savings,19106.85,633.0,Tech
CUST_12500,2025-05-17,Savings,0.0,627.0,Tech
CUST_12501,2025-06-18,Checking,0.0,405.0,Unemployed
CUST_12502,2025-05-09,Credit Card,12624.15,378.0,Finance
CUST_12503,2025-05-10,Checking,25157.32,464.0,Retail
CUST_12504,2025-03-01,Credit Card,7425.18,356.0,Unknown
CUST_12505,2025-02-17,Checking,0.0,487.0,NA
CUST_12506,2025-01-29,Savings,15274.02,351.0,Retail
CUST_12507,2025-04-07,Savings,0.0,371.0,Tech
CUST_12508,2025-01-10,Savings,21811.38,623.0,Education
CUST_12509,2025-02-27,Savings,0.0,637.0,Retail
CUST_12510,2025-01-21,Savings,22159.18,454.0,Tech
CUST_12511,2025-01-28,Credit Card,0.0,358.0,Unemployed
CUST_12512,2025-02-03,Credit Card,0.0,574.0,Healthcare
CUST_12513,2025-01-08,Savings,0.0,500.0,Unknown
CUST_12514,2025-06-26,Savings,0.0,594.0,Healthcare
CUST_12515,2025-03-20,Savings,7659.05,621.0,Education
CUST_12516,2025-05-25,Checking,6506.67,628.0,Unemployed
CUST_12517,2025-03-28,Savings,14174.54,689.0,Tech
CUST_12518,2025-03-29,Savings,23662.21,583.0,Healthcare
CUST_12519,2025-06-22,Investment,5430.0,475.0,Unknown
CUST_12520,2025-03-10,Credit Card,6015.96,648.0,Unemployed
CUST_12521,2025-06-09,Savings,21693.26,731.0,Retail
CUST_12522,2025-06-21,Checking,8465.23,681.0,Tech
CUST_12523,2025-03-28,Savings,0.0,571.0,Education
CUST_12524,2025-04-11,Credit Card,0.0,791.0,Education
CUST_12525,2025-01-08,Checking,0.0,846.0,Retail
CUST_12526,2025-03-18,Savings,0.0,630.0,Healthcare
CUST_12527,2025-03-28,Credit Card,0.0,457.0,NA
CUST_12528,2025-02-12,Savings,10265.02,731.0,Healthcare
CUST_12529,2025-05-09,Savings,23172.95,624.0,Education
CUST_12530,2025-04-19,Savings,0.0,415.0,Finance
CUST_12531,2025-06-28,Checking,0.0,819.0,Unemployed
CUST_12532,2025-06-01,Savings,19147.13,734.0,Unknown
CUST_12533,2025-06-01,Savings,0.0,821.0,Unemployed
CUST_12534,2025-01-17,Savings,8851.21,565.0,Unemployed
CUST_12535,2025-05-13,Savings,16147.0,697.0,Education
CUST_12536,2025-05-28,Credit Card,0.0,401.0,Unemployed
CUST_12537,2025-01-21,Savings,0.0,362.0,Education
CUST_12538,2025-02-27,Savings,0.0,,Tech
CUST_12539,2025-06-08,Checking,0.0,,Retail
CUST_12540,2025-04-20,Credit Card,12300.15,735.0,Tech
CUST_12541,2025-05-19,Credit Card,14013.03,489.0,Education
CUST_12542,2025-06-29,Checking,6195.33,633.0,Tech
CUST_12543,2025-05-23,Savings,25395.15,600.0,Healthcare
CUST_12544,2025-05-15,Credit Card,1082.22,650.0,Education
CUST_12545,2025-01-28,Checking,14263.85,414.0,Healthcare
CUST_12546,2025-02-20,Savings,12287.52,821.0,Healthcare
CUST_12547,2025-01-05,Investment,0.0,666.0,Retail
CUST_12548,2025-01-05,Savings,22323.0,568.0,Healthcare
CUST_12549,2025-04-04,Investment,6922.63,385.0,Tech
CUST_12550,2025-04-06,Credit Card,19619.14,677.0,Tech
CUST_12551,2025-01-08,Checking,0.0,446.0,Unemployed
CUST_12552,2025-03-05,Investment,6646.3,417.0,Finance
CUST_12553,2025-05-18,Credit Card,0.0,434.0,Retail
CUST_12554,2025-02-07,Savings,0.0,826.0,Unemployed
CUST_12555,2025-04-21,Checking,26142.47,505.0,Unemployed
CUST_12556,2025-04-22,Savings,7929.45,532.0,Unemployed
CUST_12557,2025-03-22,Savings,0.0,365.0,Finance
CUST_12558,2025-05-16,Credit Card,0.0,303.0,Healthcare
CUST_12559,2025-04-14,Savings,19085.78,302.0,Unemployed
CUST_12560,2025-06-02,Savings,0.0,558.0,Education
CUST_12561,2025-03-14,Checking,0.0,624.0,Tech
CUST_12562,2025-06-27,Credit Card,2794.33,539.0,Education
CUST_12563,2025-02-18,Savings,12039.62,834.0,Finance
CUST_12564,2025-02-05,Savings,0.0,617.0,Unemployed
CUST_12565,2025-05-06,Savings,10860.82,350.0,Unknown
CUST_12566,2025-03-09,Checking,5522.93,769.0,Unknown
CUST_12567,2025-03-19,Savings,7346.54,342.0,Unknown
CUST_12568,2025-04-15,Checking,0.0,503.0,Finance
CUST_12569,2025-06-18,Savings,5238.72,646.0,Tech
CUST_12570,2025-05-02,Savings,1239.64,357.0,Unknown
CUST_12571,2025-04-29,Investment,10855.23,358.0,Unemployed
CUST_12572,2025-04-24,Savings,0.0,810.0,Finance
CUST_12573,2025-01-10,Checking,0.0,617.0,NA
CUST_12574,2025-05-29,Savings,12996.55,732.0,Finance
CUST_12575,2025-06-13,Checking,26685.77,671.0,Education
CUST_12576,2025-05-20,Checking,0.0,506.0,Unknown
CUST_12577,2025-04-01,Savings,12697.21,410.0,Unemployed
CUST_12578,2025-01-02,Savings,23298.99,322.0,Healthcare
CUST_12579,2025-04-28,Savings,15420.57,727.0,Unemployed
CUST_12580,2025-01-13,Checking,22288.06,310.0,Retail
CUST_12581,2025-06-09,Credit Card,0.0,814.0,Tech
CUST_12582,2025-04-05,Checking,23551.58,443.0,Finance
CUST_12583,2025-05-24,Checking,0.0,820.0,Unknown
CUST_12584,2025-02-01,Savings,5826.92,593.0,Unemployed
CUST_12585,2025-02-01,Savings,0.0,624.0,Tech
CUST_12586,2025-05-04,Savings,0.0,492.0,Finance
CUST_12587,2025-01-11,Savings,0.0,590.0,Unknown
CUST_12588,2025-01-10,Savings,0.0,718.0,Healthcare
CUST_12589,2025-01-15,Checking,22651.75,759.0,Unknown
CUST_12590,2025-01-17,Checking,0.0,347.0,Unknown
CUST_12591,2025-06-17,Investment,8756.64,406.0,Education
CUST_12592,2025-05-26,Savings,0.0,563.0,Tech
CUST_12593,2025-06-02,Checking,0.0,552.0,Healthcare
CUST_12594,2025-02-28,Credit Card,15264.54,838.0,Healthcare
CUST_12595,2025-03-19,Checking,7430.51,820.0,Retail
CUST_12596,2025-05-04,Savings,3092.89,457.0,Healthcare
CUST_12597,2025-04-24,Savings,22169.81,825.0,Retail
CUST_12598,2025-01-22,Savings,654.88,,Unknown
CUST_12599,2025-06-07,Savings,23449.66,837.0,Healthcare
CUST_12600,2025-06-21,Credit Card,0.0,442.0,Unknown
CUST_12601,2025-02-01,Savings,0.0,517.0,Education
CUST_12602,2025-06-28,Savings,2927.48,366.0,Healthcare
CUST_12603,2025-06-23,Credit Card,5049.14,443.0,Unemployed
CUST_12604,2025-04-23,Credit Card,0.0,440.0,Education
CUST_12605,2025-04-30,Checking,858.42,645.0,Finance
CUST_12606,2025-05-29,Checking,25471.47,764.0,Healthcare
CUST_12607,2025-05-02,Savings,0.0,395.0,Unknown
CUST_12608,2025-02-01,Savings,0.0,707.0,Healthcare
CUST_12609,2025-04-29,Savings,0.0,,Finance
CUST_12610,2025-02-08,Checking,36299.38,743.0,Unknown
CUST_12611,2025-01-12,Investment,26758.64,679.0,Retail
CUST_12612,2025-06-24,Savings,0.0,577.0,Education
CUST_12613,2025-01-18,Checking,17158.91,660.0,Finance
CUST_12614,2025-05-29,Savings,8906.28,669.0,Finance
CUST_12615,2025-05-21,Checking,24057.58,511.0,Unemployed
CUST_12616,2025-05-29,Savings,0.0,558.0,Unknown
CUST_12617,2025-05-06,Savings,0.0,396.0,Tech
CUST_12618,2025-05-16,Credit Card,24790.53,509.0,Finance
CUST_12619,2025-02-15,Checking,0.0,847.0,Retail
CUST_12620,2025-04-14,Checking,6047.04,320.0,Retail
CUST_12621,2025-05-15,Savings,4329.46,732.0,Retail
CUST_12622,2025-05-31,Savings,16763.92,670.0,Unknown
CUST_12623,2025-03-27,Savings,7098.17,692.0,Education
CUST_12624,2025-05-30,Credit Card,3019.4,518.0,Education
CUST_12625,2025-03-30,Investment,0.0,803.0,Unknown
CUST_12626,2025-01-22,Checking,0.0,395.0,Healthcare
CUST_12627,2025-04-02,Savings,2508.53,731.0,Finance
CUST_12628,2025-01-29,Credit Card,22476.49,487.0,Unemployed
CUST_12629,2025-01-13,Checking,711.0,800.0,Retail
CUST_12630,2025-01-02,Checking,26093.9,674.0,Finance
CUST_12631,2025-01-29,Savings,15965.06,733.0,Unknown
CUST_12632,2025-06-29,Credit Card,12148.69,722.0,Healthcare
CUST_12633,2025-01-27,Checking,2572.65,443.0,Unknown
CUST_12634,2025-02-19,Credit Card,0.0,839.0,Healthcare
CUST_12635,2025-04-05,Credit Card,30223.83,798.0,Retail
CUST_12636,2025-05-31,Savings,16903.76,305.0,Finance
CUST_12637,2025-03-29,Credit Card,2909.29,616.0,Healthcare
CUST_12638,2025-02-13,Credit Card,30486.73,529.0,Tech
CUST_12639,2025-01-22,Savings,14435.57,421.0,Education
CUST_12640,2025-06-20,Savings,0.0,794.0,Finance
CUST_12641,2025-06-14,Savings,0.0,774.0,Retail
CUST_12642,2025-04-07,Checking,15906.61,807.0,Healthcare
CUST_12643,2025-01-03,Savings,27613.51,474.0,Healthcare
CUST_12644,2025-04-28,Checking,40419.52,820.0,Healthcare
CUST_12645,2025-01-19,Savings,5383.52,570.0,Education
CUST_12646,2025-01-23,Credit Card,14243.66,485.0,Finance
CUST_12647,2025-06-06,Savings,0.0,393.0,Healthcare
CUST_12648,2025-01-30,Savings,0.0,813.0,Unemployed
CUST_12649,2025-02-08,Checking,0.0,477.0,Education
CUST_12650,2025-04-18,Checking,10849.98,594.0,Tech
CUST_12651,2025-04-21,Savings,23967.62,530.0,Finance
CUST_12652,2025-01-25,Savings,16638.22,535.0,Retail
CUST_12653,2025-05-08,Savings,6307.04,392.0,Finance
CUST_12654,2025-04-21,Credit Card,23354.16,786.0,Healthcare
CUST_12655,2025-05-16,Credit Card,49261.47,343.0,Unknown
CUST_12656,2025-04-16,Checking,0.0,838.0,Retail
CUST_12657,2025-05-24,Credit Card,0.0,774.0,Unemployed
CUST_12658,2025-03-13,Credit Card,10135.99,338.0,Finance
CUST_12659,2025-05-09,Savings,21237.66,684.0,Retail
CUST_12660,2025-04-18,Investment,0.0,734.0,Finance
CUST_12661,2025-01-05,Credit Card,17491.23,588.0,Unemployed
CUST_12662,2025-01-03,Savings,-56.6,547.0,Tech
CUST_12663,2025-05-12,Savings,10052.65,658.0,Tech
CUST_12664,2025-04-14,Savings,0.0,737.0,Tech
CUST_12665,2025-03-05,Savings,0.0,508.0,Finance
CUST_12666,2025-04-16,Credit Card,0.0,423.0,Retail
CUST_12667,2025-04-08,Checking,15012.63,702.0,Tech
CUST_12668,2025-01-10,Credit Card,0.0,583.0,Education
CUST_12669,2025-05-29,Credit Card,9046.23,540.0,Education
CUST_12670,2025-05-08,Checking,5442.63,466.0,Tech
CUST_12671,2025-02-15,Checking,0.0,447.0,Tech
CUST_12672,2025-06-04,Savings,6141.25,564.0,Healthcare
CUST_12673,2025-03-07,Savings,8555.07,800.0,Unknown
CUST_12674,2025-06-18,Checking,20939.48,578.0,Education
CUST_12675,2025-04-22,Savings,27415.05,458.0,Unknown
CUST_12676,2025-01-13,Savings,0.0,359.0,Education
CUST_12677,2025-05-17,Credit Card,10322.4,798.0,Tech
CUST_12678,2025-06-13,Checking,0.0,616.0,Unemployed
CUST_12679,2025-03-27,Savings,17768.5,787.0,Healthcare
CUST_12680,2025-03-31,Checking,21459.52,764.0,Retail
CUST_12681,2025-02-27,Credit Card,0.0,527.0,Healthcare
CUST_12682,2025-02-23,Savings,-88.2,655.0,Healthcare
CUST_12683,2025-01-12,Savings,0.0,765.0,Education
CUST_12684,2025-01-14,Investment,-126.71,526.0,Tech
CUST_12685,2025-05-01,Savings,0.0,468.0,Tech
CUST_12686,2025-06-11,Savings,4345.6,583.0,Unknown
CUST_12687,2025-05-01,Checking,19809.81,561.0,Tech
CUST_12688,2025-01-20,Credit Card,293.87,663.0,Healthcare
CUST_12689,2025-03-16,Savings,0.0,820.0,Unknown
CUST_12690,2025-05-24,Savings,2035.43,397.0,Unknown
CUST_12691,2025-03-11,Savings,1201.31,311.0,Healthcare
CUST_12692,2025-02-25,Investment,3701.08,716.0,Unemployed
CUST_12693,2025-04-11,Savings,0.0,800.0,Finance
CUST_12694,2025-05-12,Checking,10439.42,434.0,Retail
CUST_12695,2025-04-21,Investment,24401.4,,Finance
CUST_12696,2025-05-05,Savings,0.0,816.0,Unemployed
CUST_12697,2025-05-12,Investment,11760.73,593.0,Retail
CUST_12698,2025-01-20,Investment,19395.94,739.0,Unknown
CUST_12699,2025-05-18,Credit Card,0.0,450.0,Finance
CUST_12700,2025-01-24,Savings,23783.01,780.0,Finance
CUST_12701,2025-06-03,Checking,4091.35,557.0,Finance
CUST_12702,2025-02-06,Credit Card,0.0,448.0,Finance
CUST_12703,2025-02-23,Investment,0.0,441.0,Healthcare
CUST_12704,2025-04-13,Savings,16772.14,550.0,Retail
CUST_12705,2025-05-29,Credit Card,15392.87,346.0,Unemployed
CUST_12706,2025-02-07,Savings,28464.35,671.0,Finance
CUST_12707,2025-06-23,Savings,15060.77,393.0,Finance
CUST_12708,2025-01-04,Checking,3507.91,655.0,Unemployed
CUST_12709,2025-02-26,Credit Card,12234.63,831.0,Tech
CUST_12710,2025-06-22,Checking,6081.31,571.0,Healthcare
CUST_12711,2025-01-20,Checking,11.4,728.0,Education
CUST_12712,2025-01-17,Investment,0.0,363.0,Tech
CUST_12713,2025-04-29,Savings,0.0,463.0,Unemployed
CUST_12714,2025-03-12,Checking,0.0,688.0,Education
CUST_12715,2025-01-04,Savings,4705.25,768.0,Finance
CUST_12716,2025-01-14,Savings,0.0,849.0,Retail
CUST_12717,2025-01-03,Checking,0.0,830.0,Unknown
CUST_12718,2025-03-21,Investment,18808.61,316.0,Education
CUST_12719,2025-02-24,Checking,25148.43,600.0,Unknown
CUST_12720,2025-05-12,Credit Card,0.0,387.0,Unknown
CUST_12721,2025-04-30,Savings,0.0,544.0,Education
CUST_12722,2025-01-24,Savings,0.0,766.0,Education
CUST_12723,2025-06-11,Checking,0.0,741.0,Unknown
CUST_12724,2025-06-07,Savings,22139.73,412.0,Retail
CUST_12725,2025-03-23,Savings,29438.12,741.0,Tech
CUST_12726,2025-05-27,Checking,0.0,307.0,Healthcare
CUST_12727,2025-06-08,Savings,0.0,848.0,Retail
CUST_12728,2025-03-01,Savings,0.0,399.0,Tech
CUST_12729,2025-05-27,Checking,4570.48,644.0,Finance
CUST_12730,2025-02-18,Checking,0.0,780.0,Tech
CUST_12731,2025-03-04,Investment,10383.81,641.0,Education
CUST_12732,2025-04-20,Checking,14948.28,533.0,Tech
CUST_12733,2025-05-30,Checking,13283.93,534.0,Unknown
CUST_12734,2025-06-01,Investment,0.0,425.0,Tech
CUST_12735,2025-04-19,Credit Card,4614.47,776.0,Unknown
CUST_12736,2025-03-17,Savings,0.0,671.0,Finance
CUST_12737,2025-01-30,Savings,31053.09,419.0,Finance
CUST_12738,2025-02-27,Checking,-320.16,841.0,Tech
CUST_12739,2025-04-27,Checking,0.0,478.0,Retail
CUST_12740,2025-06-08,Credit Card,0.0,393.0,Unknown
CUST_12741,2025-04-10,Credit Card,8118.24,601.0,Finance
CUST_12742,2025-01-19,Checking,15998.73,717.0,Education
CUST_12743,2025-06-25,Investment,24504.64,751.0,Unknown
CUST_12744,2025-06-22,Checking,5943.65,716.0,Retail
CUST_12745,2025-04-04,Savings,-7.48,421.0,Unemployed
CUST_12746,2025-04-23,Credit Card,15276.04,356.0,Tech
CUST_12747,2025-05-26,Savings,14864.53,438.0,Unemployed
CUST_12748,2025-03-04,Credit Card,6781.68,498.0,Unknown
CUST_12749,2025-04-26,Investment,17144.34,660.0,Education
CUST_12750,2025-04-23,Checking,0.0,709.0,Education
CUST_12751,2025-02-16,Checking,4639.65,827.0,Retail
CUST_12752,2025-02-26,Checking,0.0,542.0,Tech
CUST_12753,2025-04-28,Savings,25848.02,389.0,Education
CUST_12754,2025-02-14,Savings,0.0,815.0,Unemployed
CUST_12755,2025-06-10,Checking,25933.46,361.0,Unknown
CUST_12756,2025-05-25,Credit Card,0.0,511.0,Unemployed
CUST_12757,2025-01-04,Checking,9533.36,547.0,Finance
CUST_12758,2025-05-28,Savings,5821.16,796.0,Finance
CUST_12759,2025-02-16,Checking,0.0,355.0,Retail
CUST_12760,2025-05-23,Credit Card,12194.13,,Unknown
CUST_12761,2025-02-16,Checking,24154.24,588.0,Unknown
CUST_12762,2025-03-19,Checking,31846.86,842.0,Unknown
CUST_12763,2025-05-04,Credit Card,16140.85,769.0,Finance
CUST_12764,2025-03-16,Checking,0.0,688.0,Unknown
CUST_12765,2025-04-13,Checking,0.0,720.0,Healthcare
CUST_12766,2025-05-17,Credit Card,22084.04,812.0,Tech
CUST_12767,2025-03-31,Savings,0.0,,Education
CUST_12768,2025-05-24,Investment,14239.33,,Education
CUST_12769,2025-03-10,Savings,7009.1,586.0,Retail
CUST_12770,2025-03-02,Savings,24780.52,583.0,Retail
CUST_12771,2025-05-18,Credit Card,12649.28,790.0,Education
CUST_12772,2025-02-19,Savings,4541.32,687.0,Finance
CUST_12773,2025-01-03,Credit Card,35918.68,707.0,Retail
CUST_12774,2025-04-17,Credit Card,17348.71,626.0,Healthcare
CUST_12775,2025-04-23,Credit Card,13320.98,475.0,Retail
CUST_12776,2025-04-04,Investment,0.0,820.0,Finance
CUST_12777,2025-04-28,Savings,0.0,682.0,Tech
CUST_12778,2025-03-22,Credit Card,1107.98,557.0,Healthcare
CUST_12779,2025-04-19,Savings,0.0,646.0,Retail
CUST_12780,2025-02-20,Checking,170.35,571.0,Tech
CUST_12781,2025-05-27,Credit Card,17014.3,560.0,Tech
CUST_12782,2025-06-19,Savings,19726.85,695.0,Unemployed
CUST_12783,2025-02-04,Checking,-130.06,453.0,Education
CUST_12784,2025-02-15,Checking,49039.62,826.0,Finance
CUST_12785,2025-06-03,Checking,24100.11,366.0,Education
CUST_12786,2025-03-10,Investment,4550.46,647.0,Unemployed
CUST_12787,2025-04-03,Savings,22121.35,362.0,Finance
CUST_12788,2025-03-05,Checking,0.0,655.0,Unemployed
CUST_12789,2025-06-14,Credit Card,8808.74,580.0,Tech
CUST_12790,2025-02-18,Checking,-408.5,340.0,Retail
CUST_12791,2025-05-29,Savings,0.0,839.0,Finance
CUST_12792,2025-03-15,Checking,12989.47,666.0,Finance
CUST_12793,2025-01-05,Savings,4911.47,576.0,Tech
CUST_12794,2025-04-10,Savings,6024.25,520.0,Healthcare
CUST_12795,2025-03-11,Credit Card,4592.97,360.0,Tech
CUST_12796,2025-03-31,Checking,0.0,402.0,Unemployed
CUST_12797,2025-01-04,Investment,28825.07,484.0,Tech
CUST_12798,2025-05-06,Credit Card,8731.07,446.0,Finance
CUST_12799,2025-02-08,Checking,995.51,374.0,Tech
CUST_12800,2025-06-12,Savings,0.0,772.0,Education
CUST_12801,2025-05-09,Checking,26050.71,300.0,Tech
CUST_12802,2025-01-24,Savings,18759.77,715.0,Retail
CUST_12803,2025-02-26,Investment,5022.64,768.0,Unknown
CUST_12804,2025-04-10,Savings,0.0,664.0,Tech
CUST_12805,2025-03-11,Savings,29883.97,316.0,Tech
CUST_12806,2025-02-10,Checking,-471.86,809.0,Unknown
CUST_12807,2025-06-23,Savings,0.0,738.0,Retail
CUST_12808,2025-03-01,Savings,4263.16,830.0,Healthcare
CUST_12809,2025-04-18,Checking,10627.04,358.0,Healthcare
CUST_12810,2025-02-26,Savings,2470.51,414.0,Healthcare
CUST_12811,2025-01-31,Savings,0.0,502.0,Education
CUST_12812,2025-03-25,Savings,8744.39,842.0,Retail
CUST_12813,2025-06-01,Credit Card,18838.73,493.0,Education
CUST_12814,2025-02-05,Checking,0.0,771.0,Education
CUST_12815,2025-06-07,Checking,28408.29,405.0,Unemployed
CUST_12816,2025-06-01,Checking,18123.06,425.0,Education
CUST_12817,2025-04-18,Savings,12031.63,713.0,Retail
CUST_12818,2025-04-16,Investment,0.0,809.0,Finance
CUST_12819,2025-06-07,Savings,9183.03,800.0,Finance
CUST_12820,2025-03-27,Checking,10323.95,420.0,Healthcare
CUST_12821,2025-05-15,Credit Card,3771.15,507.0,Education
CUST_12822,2025-06-12,Credit Card,18370.09,649.0,Unknown
CUST_12823,2025-01-14,Savings,-410.96,492.0,Healthcare
CUST_12824,2025-04-30,Savings,925.58,692.0,Education
CUST_12825,2025-05-18,Credit Card,0.0,796.0,Healthcare
CUST_12826,2025-03-21,Savings,0.0,691.0,Tech
CUST_12827,2025-05-24,Credit Card,2750.14,408.0,Retail
CUST_12828,2025-04-16,Credit Card,2208.36,769.0,Education
CUST_12829,2025-03-11,Credit Card,1534.45,649.0,Unemployed
CUST_12830,2025-02-13,Savings,18861.47,448.0,Education
CUST_12831,2025-03-14,Credit Card,27540.47,555.0,Education
CUST_12832,2025-02-14,Checking,0.0,688.0,Retail
CUST_12833,2025-04-17,Credit Card,27191.92,498.0,Tech
CUST_12834,2025-03-25,Savings,15116.98,742.0,Finance
CUST_12835,2025-03-23,Savings,0.0,485.0,Retail
CUST_12836,2025-04-17,Savings,51.74,643.0,Tech
CUST_12837,2025-01-21,Savings,9259.82,,Healthcare
CUST_12838,2025-06-27,Checking,0.0,379.0,Education
CUST_12839,2025-06-10,Investment,3698.83,552.0,Unknown
CUST_12840,2025-01-07,Savings,12883.19,324.0,Education
CUST_12841,2025-03-11,Credit Card,0.0,582.0,Finance
CUST_12842,2025-05-07,Savings,0.0,537.0,Healthcare
CUST_12843,2025-05-23,Savings,7979.65,615.0,Tech
CUST_12844,2025-06-09,Savings,38123.76,762.0,Healthcare
CUST_12845,2025-05-28,Savings,0.0,,Healthcare
CUST_12846,2025-05-23,Investment,0.0,764.0,Finance
CUST_12847,2025-06-25,Savings,1992.59,449.0,Tech
CUST_12848,2025-05-29,Checking,28545.91,651.0,Finance
CUST_12849,2025-06-19,Checking,0.0,741.0,Tech
CUST_12850,2025-06-03,Investment,16547.36,694.0,Retail
CUST_12851,2025-04-30,Savings,0.0,664.0,NA
CUST_12852,2025-05-08,Savings,0.0,305.0,Unknown
CUST_12853,2025-05-22,Savings,0.0,833.0,Education
CUST_12854,2025-02-26,Checking,1265.43,519.0,NA
CUST_12855,2025-06-14,Savings,0.0,311.0,Retail
CUST_12856,2025-02-27,Credit Card,0.0,684.0,Unknown
CUST_12857,2025-01-21,Checking,0.0,757.0,Unemployed
CUST_12858,2025-03-23,Checking,0.0,524.0,Healthcare
CUST_12859,2025-03-10,Checking,10050.84,635.0,Healthcare
CUST_12860,2025-05-11,Savings,23933.4,466.0,Retail
CUST_12861,2025-03-28,Checking,53447.44,615.0,Finance
CUST_12862,2025-06-14,Investment,18868.3,415.0,Education
CUST_12863,2025-02-18,Credit Card,0.0,797.0,Unknown
CUST_12864,2025-05-27,Credit Card,0.0,447.0,Healthcare
CUST_12865,2025-04-25,Credit Card,13096.5,335.0,Education
CUST_12866,2025-03-30,Savings,0.0,706.0,Healthcare
CUST_12867,2025-03-26,Savings,0.0,684.0,Unknown
CUST_12868,2025-05-08,Savings,18290.41,710.0,Tech
CUST_12869,2025-05-20,Savings,9413.08,,Retail
CUST_12870,2025-06-18,Savings,0.0,539.0,Finance
CUST_12871,2025-06-10,Checking,0.0,666.0,Healthcare
CUST_12872,2025-06-27,Checking,8183.65,603.0,Retail
CUST_12873,2025-04-27,Credit Card,10035.45,466.0,Education
CUST_12874,2025-05-07,Credit Card,27557.93,600.0,Finance
CUST_12875,2025-03-12,Investment,0.0,504.0,Finance
CUST_12876,2025-03-27,Savings,6773.27,494.0,Retail
CUST_12877,2025-02-02,Savings,18751.52,470.0,Retail
CUST_12878,2025-03-22,Checking,0.0,701.0,Unknown
CUST_12879,2025-06-01,Savings,0.0,338.0,Retail
CUST_12880,2025-03-02,Savings,0.0,551.0,Tech
CUST_12881,2025-03-02,Savings,5561.23,582.0,Tech
CUST_12882,2025-04-08,Savings,0.0,506.0,Finance
CUST_12883,2025-01-28,Checking,9558.32,799.0,Retail
CUST_12884,2025-02-12,Checking,24190.29,442.0,Unemployed
CUST_12885,2025-06-18,Checking,0.0,,Unemployed
CUST_12886,2025-06-16,Checking,23295.89,319.0,Tech
CUST_12887,2025-03-27,Savings,3265.2,747.0,Finance
CUST_12888,2025-06-26,Savings,10083.94,525.0,Healthcare
CUST_12889,2025-01-17,Savings,3243.44,400.0,Unknown
CUST_12890,2025-04-08,Savings,10472.43,593.0,Unemployed
CUST_12891,2025-04-08,Credit Card,13081.11,849.0,Retail
CUST_12892,2025-03-06,Credit Card,14627.16,364.0,Tech
CUST_12893,2025-03-15,Checking,5048.67,798.0,Finance
CUST_12894,2025-03-26,Savings,0.0,375.0,Retail
CUST_12895,2025-01-05,Checking,13933.07,424.0,Finance
CUST_12896,2025-01-02,Checking,0.0,,Healthcare
CUST_12897,2025-01-22,Checking,0.0,575.0,Unemployed
CUST_12898,2025-04-22,Checking,0.0,382.0,Finance
CUST_12899,2025-02-26,Checking,30478.3,785.0,Unknown
CUST_12900,2025-03-07,Checking,11259.55,762.0,Unknown
CUST_12901,2025-03-15,Credit Card,112.82,305.0,Finance
CUST_12902,2025-04-08,Savings,26283.56,667.0,Healthcare
CUST_12903,2025-05-24,Credit Card,12980.43,,Education
CUST_12904,2025-04-22,Savings,6868.86,748.0,Unknown
CUST_12905,2025-06-28,Savings,10927.16,669.0,Retail
CUST_12906,2025-05-05,Investment,0.0,639.0,Healthcare
CUST_12907,2025-06-16,Investment,0.0,577.0,Unknown
CUST_12908,2025-03-27,Savings,19413.38,639.0,Unemployed
CUST_12909,2025-03-17,Checking,3935.46,379.0,Healthcare
CUST_12910,2025-03-29,Savings,0.0,366.0,Unemployed
CUST_12911,2025-06-17,Checking,12610.65,514.0,Retail
CUST_12912,2025-02-07,Credit Card,5612.85,715.0,Unemployed
CUST_12913,2025-02-28,Investment,30497.29,444.0,Finance
CUST_12914,2025-05-18,Checking,9027.98,585.0,Tech
CUST_12915,2025-04-09,Savings,0.0,839.0,Retail
CUST_12916,2025-03-04,Checking,0.0,346.0,Healthcare
CUST_12917,2025-02-18,Savings,23964.42,536.0,Finance
CUST_12918,2025-02-01,Investment,4045.64,416.0,Unemployed
CUST_12919,2025-05-15,Credit Card,0.0,450.0,Education
CUST_12920,2025-01-21,Checking,0.0,382.0,Finance
CUST_12921,2025-01-20,Savings,24475.16,356.0,Tech
CUST_12922,2025-06-03,Savings,12077.14,684.0,Finance
CUST_12923,2025-05-07,Savings,21457.66,519.0,Unknown
CUST_12924,2025-03-09,Credit Card,8678.22,584.0,Tech
CUST_12925,2025-04-20,Checking,0.0,733.0,Education
CUST_12926,2025-04-26,Savings,31798.66,619.0,Education
CUST_12927,2025-05-23,Checking,0.0,541.0,Finance
CUST_12928,2025-04-30,Credit Card,17066.16,764.0,Retail
CUST_12929,2025-03-20,Savings,21263.23,502.0,Retail
CUST_12930,2025-04-26,Credit Card,5093.99,848.0,Retail
CUST_12931,2025-04-02,Credit Card,0.0,744.0,Unemployed
CUST_12932,2025-01-14,Investment,0.0,434.0,Unemployed
CUST_12933,2025-06-04,Savings,15157.75,840.0,Education
CUST_12934,2025-05-05,Savings,13007.3,786.0,Unknown
CUST_12935,2025-06-17,Savings,24509.95,785.0,Tech
CUST_12936,2025-02-27,Savings,22089.41,704.0,Unemployed
CUST_12937,2025-01-28,Savings,0.0,732.0,NA
CUST_12938,2025-01-26,Checking,26654.62,847.0,Healthcare
CUST_12939,2025-04-23,Checking,0.0,549.0,Finance
CUST_12940,2025-03-07,Credit Card,13921.92,379.0,Unemployed
CUST_12941,2025-06-02,Savings,41321.98,314.0,Unemployed
CUST_12942,2025-05-11,Checking,9687.27,339.0,Tech
CUST_12943,2025-02-13,Credit Card,0.0,380.0,Healthcare
CUST_12944,2025-04-07,Credit Card,111.54,,Education
CUST_12945,2025-02-11,Credit Card,37622.57,606.0,Healthcare
CUST_12946,2025-01-06,Credit Card,1893.55,696.0,Unknown
CUST_12947,2025-06-16,Investment,24904.91,503.0,Education
CUST_12948,2025-06-29,Savings,0.0,510.0,Education
CUST_12949,2025-01-23,Checking,-335.16,698.0,Unemployed
CUST_12950,2025-03-30,Savings,1764.44,672.0,Unemployed
CUST_12951,2025-05-03,Savings,34263.71,688.0,Unemployed
CUST_12952,2025-06-27,Savings,410.9,557.0,Tech
CUST_12953,2025-06-20,Savings,0.0,414.0,Retail
CUST_12954,2025-05-27,Savings,40729.74,633.0,Unknown
CUST_12955,2025-02-20,Savings,8412.01,648.0,Retail
CUST_12956,2025-01-11,Savings,14819.96,532.0,Tech
CUST_12957,2025-01-12,Investment,0.0,808.0,Finance
CUST_12958,2025-03-15,Savings,8866.47,748.0,Education
CUST_12959,2025-01-08,Credit Card,5286.45,376.0,Finance
CUST_12960,2025-06-01,Savings,0.0,397.0,Unknown
CUST_12961,2025-02-10,Investment,15019.34,761.0,Education
CUST_12962,2025-06-13,Credit Card,0.0,799.0,Unemployed
CUST_12963,2025-03-26,Checking,0.0,337.0,Education
CUST_12964,2025-03-13,Checking,23179.31,657.0,NA
CUST_12965,2025-02-24,Savings,0.0,541.0,Retail
CUST_12966,2025-05-17,Investment,0.0,350.0,Unknown
CUST_12967,2025-02-16,Credit Card,6350.0,724.0,Retail
CUST_12968,2025-05-23,Credit Card,0.0,426.0,Education
CUST_12969,2025-06-25,Checking,15363.31,402.0,Unknown
CUST_12970,2025-04-14,Savings,7639.67,776.0,Unknown
CUST_12971,2025-02-11,Credit Card,0.0,528.0,Unemployed
CUST_12972,2025-03-01,Savings,0.0,735.0,Retail
CUST_12973,2025-01-12,Checking,0.0,684.0,Retail
CUST_12974,2025-05-10,Savings,0.0,384.0,Unemployed
CUST_12975,2025-01-07,Investment,6679.65,658.0,Healthcare
CUST_12976,2025-03-21,Savings,9594.31,326.0,Unknown
CUST_12977,2025-05-11,Savings,0.0,371.0,Unknown
CUST_12978,2025-04-19,Checking,20375.89,394.0,Healthcare
CUST_12979,2025-01-03,Credit Card,3636.98,725.0,Unemployed
CUST_12980,2025-01-27,Checking,0.0,305.0,Education
CUST_12981,2025-04-24,Savings,19284.81,389.0,Unknown
CUST_12982,2025-04-17,Savings,0.0,521.0,Retail
CUST_12983,2025-02-09,Credit Card,0.0,451.0,Unknown
CUST_12984,2025-06-10,Investment,36937.34,511.0,Unknown
CUST_12985,2025-05-09,Credit Card,7194.59,562.0,Healthcare
CUST_12986,2025-01-08,Checking,0.0,681.0,Finance
CUST_12987,2025-04-11,Investment,6627.48,356.0,Education
CUST_12988,2025-06-09,Checking,2276.46,,Education
CUST_12989,2025-05-04,Checking,5536.63,441.0,Unknown
CUST_12990,2025-06-25,Checking,12337.02,823.0,Finance
CUST_12991,2025-04-17,Checking,2029.63,314.0,Education
CUST_12992,2025-04-11,Credit Card,10320.36,307.0,Retail
CUST_12993,2025-01-04,Checking,2629.63,530.0,Unknown
CUST_12994,2025-04-20,Savings,0.0,485.0,Healthcare
CUST_12995,2025-01-19,Savings,0.0,352.0,Tech
CUST_12996,2025-02-01,Savings,24786.14,436.0,Unknown
CUST_12997,2025-05-17,Checking,14711.11,473.0,Healthcare
CUST_12998,2025-01-12,Savings,20555.93,518.0,Unemployed
CUST_12999,2025-05-19,Savings,5056.5,562.0,Finance
CUST_13000,2025-02-15,Checking,8385.06,554.0,Tech
CUST_13001,2025-04-29,Checking,2324.53,569.0,Unemployed
CUST_13002,2025-01-16,Credit Card,22362.36,523.0,Unemployed
CUST_13003,2025-05-09,Checking,-172.69,433.0,Retail
CUST_13004,2025-03-04,Credit Card,0.0,462.0,Retail
CUST_13005,2025-04-19,Investment,12819.16,372.0,Unknown
CUST_13006,2025-04-29,Credit Card,2717.96,842.0,Unknown
CUST_13007,2025-01-21,Checking,8748.78,783.0,Healthcare
CUST_13008,2025-06-07,Savings,15666.89,554.0,Unknown
CUST_13009,2025-01-13,Investment,0.0,497.0,Education
CUST_13010,2025-06-11,Savings,1716.17,726.0,Unemployed
CUST_13011,2025-01-04,Savings,343.83,792.0,Education
CUST_13012,2025-06-05,Checking,24301.87,381.0,Finance
CUST_13013,2025-04-12,Savings,5214.79,607.0,Education
CUST_13014,2025-02-28,Investment,7345.66,673.0,Retail
CUST_13015,2025-05-08,Checking,0.0,758.0,Tech
CUST_13016,2025-01-27,Checking,15961.92,800.0,Unemployed
CUST_13017,2025-03-10,Checking,11421.61,656.0,Healthcare
CUST_13018,2025-01-25,Checking,0.0,595.0,Unknown
CUST_13019,2025-05-11,Savings,33844.9,599.0,Healthcare
CUST_13020,2025-04-07,Checking,10057.92,642.0,Healthcare
CUST_13021,2025-01-25,Credit Card,0.0,419.0,Education
CUST_13022,2025-05-28,Checking,4957.22,485.0,Tech
CUST_13023,2025-06-11,Credit Card,0.0,457.0,Education
CUST_13024,2025-06-03,Savings,28158.16,527.0,Education
CUST_13025,2025-05-06,Savings,18997.71,607.0,Unemployed
CUST_13026,2025-05-13,Savings,11810.53,533.0,Retail
CUST_13027,2025-01-09,Savings,30752.69,310.0,Unemployed
CUST_13028,2025-04-26,Credit Card,0.0,474.0,Unknown
CUST_13029,2025-06-27,Credit Card,16638.46,301.0,Retail
CUST_13030,2025-05-14,Savings,13208.76,481.0,Unemployed
CUST_13031,2025-03-01,Checking,1543.21,649.0,NA
CUST_13032,2025-06-21,Credit Card,1610.19,681.0,Education
CUST_13033,2025-05-01,Savings,18847.67,596.0,Unemployed
CUST_13034,2025-05-19,Savings,17748.33,496.0,Finance
CUST_13035,2025-06-24,Investment,0.0,585.0,Unknown
CUST_13036,2025-04-18,Checking,32246.31,821.0,Unknown
CUST_13037,2025-04-18,Investment,22141.38,524.0,Finance
CUST_13038,2025-05-11,Savings,776.92,585.0,Finance
CUST_13039,2025-03-17,Credit Card,0.0,630.0,Unemployed
CUST_13040,2025-01-30,Savings,21656.69,462.0,Education
CUST_13041,2025-01-21,Savings,12446.01,492.0,NA
CUST_13042,2025-06-05,Checking,15746.11,444.0,Tech
CUST_13043,2025-06-10,Savings,13562.82,837.0,Finance
CUST_13044,2025-06-12,Savings,23218.21,569.0,Retail
CUST_13045,2025-06-29,Savings,17839.05,350.0,Healthcare
CUST_13046,2025-02-03,Savings,0.0,826.0,Healthcare
CUST_13047,2025-02-10,Credit Card,0.0,427.0,Education
CUST_13048,2025-02-20,Checking,10339.27,345.0,Healthcare
CUST_13049,2025-06-24,Savings,39346.2,533.0,Unknown
CUST_13050,2025-03-23,Savings,2753.21,747.0,Education
CUST_13051,2025-02-27,Savings,10446.83,742.0,Healthcare
CUST_13052,2025-03-16,Checking,18418.92,802.0,Tech
CUST_13053,2025-01-23,Savings,0.0,584.0,Tech
CUST_13054,2025-06-25,Credit Card,16962.26,431.0,Tech
CUST_13055,2025-05-08,Savings,5209.68,775.0,Tech
CUST_13056,2025-05-30,Savings,23748.45,843.0,Finance
CUST_13057,2025-01-17,Credit Card,0.0,655.0,Unknown
CUST_13058,2025-03-10,Credit Card,39708.31,336.0,Retail
CUST_13059,2025-04-18,Savings,312.63,437.0,Tech
CUST_13060,2025-05-19,Credit Card,12821.98,721.0,Unemployed
CUST_13061,2025-04-04,Checking,5073.22,744.0,Finance
CUST_13062,2025-01-15,Credit Card,0.0,541.0,Education
CUST_13063,2025-04-01,Checking,17498.83,544.0,Healthcare
CUST_13064,2025-06-12,Checking,1035.32,838.0,Healthcare
CUST_13065,2025-02-02,Investment,12885.8,508.0,Finance
CUST_13066,2025-05-05,Savings,0.0,756.0,Unemployed
CUST_13067,2025-01-16,Checking,1102.75,398.0,Unemployed
CUST_13068,2025-06-11,Checking,583.26,801.0,Healthcare
CUST_13069,2025-03-07,Savings,13259.22,436.0,Unemployed
CUST_13070,2025-06-17,Savings,9617.66,486.0,Tech
CUST_13071,2025-06-05,Savings,2351.09,335.0,Unknown
CUST_13072,2025-02-16,Checking,0.0,778.0,Healthcare
CUST_13073,2025-06-16,Checking,9723.65,354.0,Tech
CUST_13074,2025-05-28,Checking,7965.73,770.0,Tech
CUST_13075,2025-05-04,Savings,6933.85,383.0,Healthcare
CUST_13076,2025-01-01,Checking,34540.11,305.0,Unknown
CUST_13077,2025-03-28,Investment,13279.05,662.0,Finance
CUST_13078,2025-05-08,Savings,33860.5,469.0,Education
CUST_13079,2025-03-08,Checking,3957.41,548.0,Finance
CUST_13080,2025-01-04,Credit Card,4273.8,509.0,Retail
CUST_13081,2025-06-02,Credit Card,0.0,543.0,Retail
CUST_13082,2025-02-16,Checking,9528.61,440.0,Tech
CUST_13083,2025-02-07,Credit Card,115.05,479.0,Tech
CUST_13084,2025-05-23,Savings,0.0,316.0,Finance
CUST_13085,2025-01-21,Credit Card,0.0,315.0,Unknown
CUST_13086,2025-02-26,Savings,26987.68,684.0,Finance
CUST_13087,2025-04-27,Savings,0.0,640.0,Tech
CUST_13088,2025-02-15,Savings,27124.57,345.0,Unemployed
CUST_13089,2025-05-22,Credit Card,3556.29,803.0,Education
CUST_13090,2025-05-25,Checking,14668.77,,Education
CUST_13091,2025-02-08,Savings,6114.48,584.0,Retail
CUST_13092,2025-05-17,Savings,11220.51,654.0,Unemployed
CUST_13093,2025-04-09,Investment,0.0,824.0,Education
CUST_13094,2025-03-18,Credit Card,22735.25,346.0,Healthcare
CUST_13095,2025-04-25,Checking,0.0,827.0,Tech
CUST_13096,2025-05-14,Checking,18885.15,406.0,Finance
CUST_13097,2025-05-31,Checking,0.0,302.0,Tech
CUST_13098,2025-04-01,Savings,0.0,394.0,Healthcare
CUST_13099,2025-04-08,Investment,10576.73,432.0,Education
CUST_13100,2025-04-30,Savings,2545.51,,Tech
CUST_13101,2025-02-15,Checking,11852.95,553.0,Healthcare
CUST_13102,2025-02-07,Savings,8113.75,482.0,Unemployed
CUST_13103,2025-05-22,Checking,32419.15,449.0,Education
CUST_13104,2025-04-10,Checking,13105.17,848.0,Unknown
CUST_13105,2025-03-13,Checking,0.0,789.0,NA
CUST_13106,2025-02-04,Savings,0.0,804.0,Unemployed
CUST_13107,2025-05-27,Checking,23061.92,712.0,Retail
CUST_13108,2025-01-30,Savings,0.0,807.0,Retail
CUST_13109,2025-03-19,Savings,13387.92,703.0,Unemployed
CUST_13110,2025-03-25,Savings,0.0,535.0,Healthcare
CUST_13111,2025-04-23,Credit Card,21638.41,844.0,Healthcare
CUST_13112,2025-01-25,Checking,0.0,841.0,Finance
CUST_13113,2025-06-17,Checking,12893.54,733.0,Finance
CUST_13114,2025-03-29,Credit Card,5557.9,845.0,Retail
CUST_13115,2025-01-14,Checking,0.0,507.0,Tech
CUST_13116,2025-06-03,Checking,14604.8,439.0,Education
CUST_13117,2025-04-12,Savings,0.0,606.0,Finance
CUST_13118,2025-05-30,Savings,17027.76,397.0,Education
CUST_13119,2025-06-25,Checking,0.0,424.0,Unemployed
CUST_13120,2025-03-24,Checking,8630.98,648.0,Tech
CUST_13121,2025-04-20,Credit Card,5585.97,433.0,Retail
CUST_13122,2025-06-28,Credit Card,0.0,525.0,Unknown
CUST_13123,2025-05-11,Savings,25696.25,848.0,Education
CUST_13124,2025-06-19,Savings,5503.13,638.0,Unemployed
CUST_13125,2025-01-19,Checking,0.0,621.0,Retail
CUST_13126,2025-01-28,Savings,9481.33,386.0,Unknown
CUST_13127,2025-06-22,Savings,0.0,394.0,Education
CUST_13128,2025-03-12,Credit Card,41775.48,495.0,Tech
CUST_13129,2025-03-04,Savings,0.0,491.0,Finance
CUST_13130,2025-03-14,Investment,13276.87,821.0,Healthcare
CUST_13131,2025-05-04,Credit Card,5916.76,312.0,Retail
CUST_13132,2025-04-29,Credit Card,22706.43,553.0,Finance
CUST_13133,2025-05-01,Savings,7668.82,380.0,Education
CUST_13134,2025-01-19,Savings,0.0,672.0,Unemployed
CUST_13135,2025-06-24,Checking,0.0,693.0,Unemployed
CUST_13136,2025-05-22,Savings,0.0,717.0,Finance
CUST_13137,2025-04-30,Savings,1429.71,358.0,Healthcare
CUST_13138,2025-06-15,Savings,25555.14,427.0,Retail
CUST_13139,2025-03-02,Savings,0.0,840.0,Retail
CUST_13140,2025-06-13,Savings,32740.53,632.0,Finance
CUST_13141,2025-06-17,Credit Card,21304.07,581.0,Tech
CUST_13142,2025-01-30,Savings,0.0,506.0,Education
CUST_13143,2025-01-09,Savings,0.0,571.0,Finance
CUST_13144,2025-03-05,Checking,0.0,608.0,Tech
CUST_13145,2025-06-10,Investment,9489.31,702.0,Retail
CUST_13146,2025-04-30,Savings,4156.75,474.0,Education
CUST_13147,2025-02-21,Savings,3595.58,517.0,Retail
CUST_13148,2025-03-30,Checking,0.0,625.0,Healthcare
CUST_13149,2025-05-22,Investment,7672.84,552.0,Unemployed
CUST_13150,2025-02-22,Credit Card,17557.0,753.0,Unknown
CUST_13151,2025-03-19,Checking,3077.03,488.0,Tech
CUST_13152,2025-02-10,Savings,0.0,742.0,Healthcare
CUST_13153,2025-03-09,Checking,19881.61,429.0,Healthcare
CUST_13154,2025-01-08,Savings,1679.78,784.0,Healthcare
CUST_13155,2025-01-02,Checking,13279.54,302.0,Tech
CUST_13156,2025-04-15,Credit Card,3501.54,650.0,Education
CUST_13157,2025-05-05,Investment,21275.63,432.0,Unknown
CUST_13158,2025-04-20,Savings,23498.64,793.0,Retail
CUST_13159,2025-03-27,Savings,22974.51,565.0,Education
CUST_13160,2025-06-18,Checking,0.0,323.0,Unemployed
CUST_13161,2025-04-30,Credit Card,0.0,833.0,Education
CUST_13162,2025-05-07,Credit Card,18106.08,302.0,Education
CUST_13163,2025-01-16,Savings,4031.33,726.0,Retail
CUST_13164,2025-03-03,Savings,4486.96,303.0,Retail
CUST_13165,2025-04-23,Checking,0.0,802.0,Tech
CUST_13166,2025-06-25,Savings,26141.4,531.0,Unemployed
CUST_13167,2025-06-07,Credit Card,20607.39,371.0,Finance
CUST_13168,2025-01-12,Checking,3215.28,387.0,Retail
CUST_13169,2025-02-04,Credit Card,0.0,827.0,Retail
CUST_13170,2025-01-11,Checking,0.0,749.0,Unemployed
CUST_13171,2025-03-05,Credit Card,6998.57,738.0,Finance
CUST_13172,2025-02-19,Savings,10801.55,831.0,Retail
CUST_13173,2025-05-29,Credit Card,0.0,734.0,Education
CUST_13174,2025-03-10,Savings,0.0,383.0,Unemployed
CUST_13175,2025-02-17,Checking,6194.81,638.0,NA
CUST_13176,2025-01-20,Savings,17969.94,425.0,Tech
CUST_13177,2025-04-11,Checking,6107.49,317.0,Retail
CUST_13178,2025-06-21,Savings,1259.48,839.0,Finance
CUST_13179,2025-06-10,Savings,0.0,644.0,Education
CUST_13180,2025-05-17,Investment,0.0,767.0,Finance
CUST_13181,2025-03-09,Savings,18176.19,440.0,Unemployed
CUST_13182,2025-02-04,Credit Card,0.0,305.0,Retail
CUST_13183,2025-03-06,Investment,31590.85,840.0,Retail
CUST_13184,2025-01-08,Savings,6276.07,364.0,Unknown
CUST_13185,2025-02-14,Checking,0.0,355.0,Tech
CUST_13186,2025-03-28,Savings,12548.56,395.0,Education
CUST_13187,2025-06-24,Savings,11753.32,514.0,Retail
CUST_13188,2025-06-17,Checking,0.0,357.0,Unknown
CUST_13189,2025-03-17,Investment,19089.55,791.0,Tech
CUST_13190,2025-03-17,Savings,0.0,704.0,Tech
CUST_13191,2025-06-23,Checking,14479.81,483.0,Finance
CUST_13192,2025-02-16,Checking,4478.3,581.0,Education
CUST_13193,2025-01-15,Credit Card,746.19,462.0,Healthcare
CUST_13194,2025-04-15,Savings,25144.93,388.0,Unemployed
CUST_13195,2025-05-27,Checking,19753.19,396.0,Unknown
CUST_13196,2025-01-26,Checking,0.0,387.0,Tech
CUST_13197,2025-02-21,Checking,10704.53,817.0,Healthcare
CUST_13198,2025-04-03,Investment,33401.78,362.0,Finance
CUST_13199,2025-05-30,Credit Card,25533.27,840.0,Tech
CUST_13200,2025-01-21,Savings,0.0,490.0,Unemployed
CUST_13201,2025-02-20,Checking,28939.7,577.0,Education
CUST_13202,2025-02-07,Savings,18950.56,838.0,Healthcare
CUST_13203,2025-01-20,Savings,0.0,384.0,Education
CUST_13204,2025-06-06,Checking,8115.12,634.0,Healthcare
CUST_13205,2025-06-28,Savings,12164.93,740.0,Unknown
CUST_13206,2025-05-12,Checking,0.0,471.0,Finance
CUST_13207,2025-02-24,Investment,15591.41,638.0,Tech
CUST_13208,2025-04-02,Savings,41446.34,,Tech
CUST_13209,2025-01-28,Investment,25478.39,478.0,Finance
CUST_13210,2025-01-04,Checking,7429.83,546.0,Unemployed
CUST_13211,2025-05-30,Checking,779.44,616.0,Unemployed
CUST_13212,2025-03-17,Credit Card,9925.83,585.0,Retail
CUST_13213,2025-06-22,Savings,0.0,375.0,Healthcare
CUST_13214,2025-03-08,Checking,0.0,751.0,Unemployed
CUST_13215,2025-03-27,Checking,0.0,503.0,Unemployed
CUST_13216,2025-06-11,Savings,11518.39,723.0,Healthcare
CUST_13217,2025-04-01,Investment,-62.51,492.0,Retail
CUST_13218,2025-04-15,Credit Card,14270.77,592.0,Finance
CUST_13219,2025-01-01,Savings,6796.55,712.0,Education
CUST_13220,2025-03-13,Savings,0.0,738.0,Education
CUST_13221,2025-03-28,Checking,8007.34,600.0,Finance
CUST_13222,2025-06-15,Savings,0.0,559.0,Education
CUST_13223,2025-01-06,Checking,29831.5,491.0,Finance
CUST_13224,2025-06-02,Savings,0.0,570.0,Healthcare
CUST_13225,2025-05-25,Checking,0.0,731.0,Unknown
CUST_13226,2025-03-02,Savings,0.0,516.0,Healthcare
CUST_13227,2025-01-12,Savings,0.0,390.0,Unknown
CUST_13228,2025-01-06,Checking,5450.94,497.0,Retail
CUST_13229,2025-01-27,Checking,0.0,698.0,Unknown
CUST_13230,2025-05-16,Investment,2181.59,338.0,Unemployed
CUST_13231,2025-05-04,Credit Card,11450.33,770.0,Finance
CUST_13232,2025-04-16,Savings,0.0,378.0,Unemployed
CUST_13233,2025-04-03,Savings,0.0,393.0,Education
CUST_13234,2025-04-19,Credit Card,25009.42,342.0,Finance
CUST_13235,2025-04-09,Investment,8998.75,431.0,Tech
CUST_13236,2025-06-17,Credit Card,9178.61,376.0,Retail
CUST_13237,2025-05-22,Savings,1519.06,531.0,Tech
CUST_13238,2025-02-04,Investment,17163.4,338.0,Retail
CUST_13239,2025-06-25,Savings,19069.93,450.0,Retail
CUST_13240,2025-03-25,Credit Card,20569.56,718.0,Retail
CUST_13241,2025-02-25,Investment,9030.84,485.0,Unknown
CUST_13242,2025-06-26,Savings,0.0,617.0,Tech
CUST_13243,2025-05-21,Investment,11077.59,763.0,Retail
CUST_13244,2025-02-18,Savings,9011.5,731.0,Finance
CUST_13245,2025-02-15,Investment,0.0,434.0,Finance
CUST_13246,2025-04-23,Savings,0.0,802.0,Tech
CUST_13247,2025-05-16,Investment,13145.58,568.0,Unknown
CUST_13248,2025-02-12,Savings,3862.45,736.0,Unknown
CUST_13249,2025-05-28,Credit Card,0.0,797.0,Healthcare
CUST_13250,2025-05-04,Checking,30086.09,639.0,Healthcare
CUST_13251,2025-04-07,Checking,15073.13,541.0,Tech
CUST_13252,2025-03-31,Savings,11518.05,520.0,NA
CUST_13253,2025-02-08,Credit Card,23276.48,660.0,Retail
CUST_13254,2025-03-26,Savings,9955.68,489.0,Retail
CUST_13255,2025-06-26,Checking,0.0,712.0,Retail
CUST_13256,2025-03-03,Savings,0.0,628.0,Tech
CUST_13257,2025-04-16,Investment,15979.14,521.0,Retail
CUST_13258,2025-04-17,Savings,14372.58,391.0,Finance
CUST_13259,2025-02-23,Savings,11694.7,739.0,Retail
CUST_13260,2025-05-06,Savings,0.0,405.0,Tech
CUST_13261,2025-01-09,Checking,17200.34,544.0,Retail
CUST_13262,2025-03-29,Savings,4024.79,604.0,Finance
CUST_13263,2025-02-06,Checking,13999.12,396.0,Unemployed
CUST_13264,2025-02-18,Credit Card,0.0,776.0,Tech
CUST_13265,2025-02-10,Credit Card,34490.51,565.0,Healthcare
CUST_13266,2025-01-17,Checking,8712.44,402.0,Tech
CUST_13267,2025-03-29,Savings,0.0,553.0,Education
CUST_13268,2025-01-21,Checking,14692.79,754.0,Healthcare
CUST_13269,2025-02-20,Savings,17870.87,812.0,Healthcare
CUST_13270,2025-02-28,Credit Card,14511.15,792.0,Tech
CUST_13271,2025-06-16,Savings,0.0,,Education
CUST_13272,2025-02-10,Checking,22140.01,334.0,Healthcare
CUST_13273,2025-02-08,Savings,-172.9,680.0,Unemployed
CUST_13274,2025-05-21,Credit Card,4758.58,696.0,Retail
CUST_13275,2025-01-11,Savings,0.0,326.0,Education
CUST_13276,2025-05-27,Checking,0.0,605.0,Education
CUST_13277,2025-05-19,Savings,0.0,464.0,Unemployed
CUST_13278,2025-03-18,Credit Card,11759.12,557.0,Unemployed
CUST_13279,2025-05-07,Investment,0.0,401.0,Tech
CUST_13280,2025-02-15,Checking,0.0,754.0,Tech
CUST_13281,2025-02-14,Checking,8657.66,492.0,Tech
CUST_13282,2025-01-01,Investment,1243.56,598.0,Education
CUST_13283,2025-06-17,Checking,0.0,320.0,Finance
CUST_13284,2025-04-18,Checking,6312.9,344.0,Tech
CUST_13285,2025-01-19,Checking,0.0,779.0,Finance
CUST_13286,2025-03-17,Checking,14306.9,795.0,Healthcare
CUST_13287,2025-03-13,Savings,2257.96,522.0,Retail
CUST_13288,2025-04-19,Credit Card,990.48,598.0,Unemployed
CUST_13289,2025-01-12,Checking,19292.0,780.0,Retail
CUST_13290,2025-06-10,Savings,0.0,323.0,Finance
CUST_13291,2025-02-14,Credit Card,8879.84,637.0,Unemployed
CUST_13292,2025-03-31,Savings,3057.25,383.0,Education
CUST_13293,2025-04-13,Savings,53239.21,359.0,Unknown
CUST_13294,2025-01-08,Checking,12325.99,587.0,Retail
CUST_13295,2025-06-02,Credit Card,0.0,816.0,Finance
CUST_13296,2025-04-01,Credit Card,31283.17,453.0,Tech
CUST_13297,2025-06-23,Investment,20644.9,580.0,Finance
CUST_13298,2025-03-28,Credit Card,5674.43,733.0,Healthcare
CUST_13299,2025-06-07,Savings,0.0,641.0,Unemployed
CUST_13300,2025-06-24,Savings,0.0,385.0,Finance
CUST_13301,2025-06-26,Credit Card,11458.07,490.0,Tech
CUST_13302,2025-06-24,Savings,0.0,551.0,Unknown
CUST_13303,2025-03-25,Checking,0.0,367.0,Finance
CUST_13304,2025-03-23,Checking,16631.14,445.0,Tech
CUST_13305,2025-05-26,Savings,28173.57,554.0,Unemployed
CUST_13306,2025-03-09,Investment,0.0,430.0,Tech
CUST_13307,2025-06-10,Checking,17088.4,676.0,Healthcare
CUST_13308,2025-05-07,Checking,8183.29,831.0,Healthcare
CUST_13309,2025-06-13,Investment,10382.43,498.0,Retail
CUST_13310,2025-03-23,Checking,0.0,520.0,Unknown
CUST_13311,2025-05-27,Savings,1814.77,709.0,Tech
CUST_13312,2025-06-05,Checking,0.0,470.0,Tech
CUST_13313,2025-06-17,Credit Card,0.0,444.0,Unknown
CUST_13314,2025-03-25,Credit Card,12774.13,787.0,Unknown
CUST_13315,2025-04-23,Credit Card,0.0,653.0,Tech
CUST_13316,2025-03-17,Credit Card,0.0,480.0,Retail
CUST_13317,2025-05-02,Savings,0.0,460.0,Education
CUST_13318,2025-05-23,Credit Card,0.0,,Healthcare
CUST_13319,2025-02-10,Credit Card,0.0,359.0,Healthcare
CUST_13320,2025-06-16,Savings,6664.17,514.0,Tech
CUST_13321,2025-01-02,Savings,0.0,491.0,Retail
CUST_13322,2025-01-29,Investment,12069.79,787.0,Tech
CUST_13323,2025-04-15,Credit Card,11964.12,524.0,Healthcare
CUST_13324,2025-02-20,Credit Card,3513.13,691.0,Unemployed
CUST_13325,2025-03-16,Credit Card,6112.01,460.0,Retail
CUST_13326,2025-01-10,Checking,719.6,754.0,Finance
CUST_13327,2025-05-22,Checking,8377.88,410.0,Healthcare
CUST_13328,2025-02-20,Checking,8203.5,358.0,Finance
CUST_13329,2025-04-28,Savings,24522.67,844.0,Education
CUST_13330,2025-05-01,Credit Card,27992.44,328.0,Finance
CUST_13331,2025-02-08,Checking,27532.91,484.0,Retail
CUST_13332,2025-01-28,Checking,0.0,523.0,Finance
CUST_13333,2025-01-03,Checking,16365.88,656.0,Education
CUST_13334,2025-03-25,Checking,12590.96,791.0,Healthcare
CUST_13335,2025-06-04,Savings,0.0,413.0,Education
CUST_13336,2025-04-27,Savings,0.0,677.0,Retail
CUST_13337,2025-01-02,Savings,0.0,584.0,Unemployed
CUST_13338,2025-04-03,Savings,0.0,396.0,Unemployed
CUST_13339,2025-06-15,Investment,0.0,423.0,Finance
CUST_13340,2025-05-11,Savings,12460.73,455.0,Finance
CUST_13341,2025-05-24,Savings,5490.99,409.0,Retail
CUST_13342,2025-04-04,Checking,5413.8,352.0,Tech
CUST_13343,2025-02-09,Checking,18900.45,473.0,Retail
CUST_13344,2025-01-02,Savings,2061.88,613.0,Unknown
CUST_13345,2025-03-22,Credit Card,17455.5,689.0,Unknown
CUST_13346,2025-06-18,Credit Card,0.0,344.0,Retail
CUST_13347,2025-01-12,Savings,0.0,416.0,Education
CUST_13348,2025-06-12,Savings,5209.82,421.0,Education
CUST_13349,2025-03-06,Investment,36819.74,781.0,Retail
CUST_13350,2025-02-24,Credit Card,24281.04,469.0,Healthcare
CUST_13351,2025-02-14,Checking,21470.35,699.0,Finance
CUST_13352,2025-04-11,Savings,0.0,799.0,Retail
CUST_13353,2025-03-03,Checking,7176.56,373.0,Tech
CUST_13354,2025-02-18,Checking,17316.6,448.0,Finance
CUST_13355,2025-05-07,Savings,36279.92,836.0,Unknown
CUST_13356,2025-06-02,Checking,0.0,360.0,Healthcare
CUST_13357,2025-01-23,Checking,15964.39,353.0,Retail
CUST_13358,2025-06-01,Savings,20965.6,522.0,Unemployed
CUST_13359,2025-02-07,Credit Card,11776.13,772.0,Healthcare
CUST_13360,2025-01-28,Credit Card,0.0,615.0,Unemployed
CUST_13361,2025-01-21,Savings,8798.88,469.0,Finance
CUST_13362,2025-04-17,Credit Card,11432.34,331.0,Tech
CUST_13363,2025-05-26,Savings,7666.77,352.0,Finance
CUST_13364,2025-06-13,Credit Card,0.0,438.0,Unemployed
CUST_13365,2025-04-09,Savings,0.0,673.0,Unemployed
CUST_13366,2025-06-22,Savings,11842.49,346.0,Finance
CUST_13367,2025-04-29,Checking,0.0,389.0,NA
CUST_13368,2025-03-14,Checking,0.0,335.0,Retail
CUST_13369,2025-05-02,Investment,2905.35,524.0,Unknown
CUST_13370,2025-01-30,Savings,7396.55,568.0,Unknown
CUST_13371,2025-04-18,Savings,20581.02,485.0,Finance
CUST_13372,2025-04-08,Checking,0.0,670.0,Retail
CUST_13373,2025-02-01,Checking,0.0,534.0,Retail
CUST_13374,2025-06-05,Savings,0.0,421.0,Unemployed
CUST_13375,2025-06-21,Checking,0.0,723.0,Unemployed
CUST_13376,2025-03-20,Credit Card,13798.39,688.0,Unknown
CUST_13377,2025-02-10,Credit Card,0.0,416.0,Unknown
CUST_13378,2025-03-04,Investment,15610.6,765.0,Healthcare
CUST_13379,2025-01-23,Savings,21635.11,728.0,Unemployed
CUST_13380,2025-04-14,Credit Card,8895.62,741.0,Unknown
CUST_13381,2025-03-16,Savings,0.0,338.0,Tech
CUST_13382,2025-02-17,Checking,6591.87,461.0,Retail
CUST_13383,2025-06-09,Checking,0.0,825.0,Education
CUST_13384,2025-02-26,Investment,0.0,465.0,Unemployed
CUST_13385,2025-04-28,Credit Card,13691.5,744.0,Unemployed
CUST_13386,2025-04-10,Investment,16502.91,742.0,Healthcare
CUST_13387,2025-05-04,Credit Card,24285.39,630.0,Retail
CUST_13388,2025-06-10,Investment,728.14,634.0,Unknown
CUST_13389,2025-06-01,Credit Card,7579.12,411.0,Retail
CUST_13390,2025-06-16,Checking,29980.38,438.0,Healthcare
CUST_13391,2025-02-03,Savings,36429.33,465.0,Finance
CUST_13392,2025-06-05,Savings,21205.56,713.0,Retail
CUST_13393,2025-06-14,Savings,-249.37,468.0,NA
CUST_13394,2025-01-07,Checking,5108.83,423.0,Retail
CUST_13395,2025-06-14,Checking,2327.07,849.0,Healthcare
CUST_13396,2025-02-25,Checking,15584.47,397.0,Education
CUST_13397,2025-03-06,Investment,0.0,359.0,Healthcare
CUST_13398,2025-02-16,Investment,9820.0,318.0,Healthcare
CUST_13399,2025-05-28,Savings,9895.67,423.0,Tech
CUST_13400,2025-01-19,Savings,10756.26,525.0,Finance
CUST_13401,2025-06-06,Checking,0.0,623.0,Unknown
CUST_13402,2025-05-26,Savings,8708.05,316.0,NA
CUST_13403,2025-06-12,Credit Card,31539.47,379.0,Unknown
CUST_13404,2025-06-20,Checking,0.0,755.0,Tech
CUST_13405,2025-05-06,Checking,8896.07,840.0,Retail
CUST_13406,2025-05-19,Credit Card,0.0,677.0,Education
CUST_13407,2025-02-18,Credit Card,8793.42,490.0,Healthcare
CUST_13408,2025-04-23,Savings,8248.54,790.0,Tech
CUST_13409,2025-02-07,Credit Card,6747.11,704.0,Unknown
CUST_13410,2025-03-05,Checking,15955.47,571.0,Tech
CUST_13411,2025-03-10,Savings,814.45,729.0,Unemployed
CUST_13412,2025-05-16,Savings,22646.02,819.0,Finance
CUST_13413,2025-06-11,Checking,0.0,683.0,Finance
CUST_13414,2025-06-25,Savings,26649.25,491.0,Unemployed
CUST_13415,2025-04-26,Savings,8189.83,734.0,Education
CUST_13416,2025-03-06,Checking,3925.39,362.0,Healthcare
CUST_13417,2025-01-31,Credit Card,0.0,515.0,Tech
CUST_13418,2025-05-12,Savings,0.0,433.0,Retail
CUST_13419,2025-04-23,Savings,10262.59,460.0,Unemployed
CUST_13420,2025-04-19,Credit Card,0.0,557.0,Finance
CUST_13421,2025-06-27,Savings,19925.79,724.0,Tech
CUST_13422,2025-03-10,Investment,9311.54,827.0,Retail
CUST_13423,2025-06-07,Checking,0.0,657.0,Tech
CUST_13424,2025-04-30,Savings,16416.3,674.0,Education
CUST_13425,2025-03-29,Savings,2563.83,308.0,Unemployed
CUST_13426,2025-03-08,Savings,4313.6,496.0,Education
CUST_13427,2025-03-16,Savings,20668.78,416.0,Retail
CUST_13428,2025-02-14,Savings,0.0,309.0,Finance
CUST_13429,2025-01-04,Checking,0.0,818.0,Unemployed
CUST_13430,2025-06-03,Savings,9883.69,648.0,Education
CUST_13431,2025-06-04,Checking,0.0,703.0,Finance
CUST_13432,2025-06-23,Checking,0.0,303.0,Retail
CUST_13433,2025-04-17,Savings,19676.9,627.0,Unemployed
CUST_13434,2025-02-20,Savings,3369.06,811.0,Unknown
CUST_13435,2025-02-19,Savings,0.0,429.0,Retail
CUST_13436,2025-01-06,Savings,7836.46,783.0,Tech
CUST_13437,2025-02-28,Credit Card,0.0,657.0,Retail
CUST_13438,2025-05-05,Savings,0.0,684.0,Tech
CUST_13439,2025-05-23,Credit Card,58346.87,553.0,Finance
CUST_13440,2025-01-30,Checking,13622.42,466.0,Unknown
CUST_13441,2025-06-19,Checking,748.07,768.0,Unemployed
CUST_13442,2025-05-02,Checking,18474.58,792.0,Unknown
CUST_13443,2025-05-05,Credit Card,635.2,637.0,Tech
CUST_13444,2025-02-06,Savings,0.0,350.0,Unemployed
CUST_13445,2025-06-19,Savings,9491.69,355.0,Finance
CUST_13446,2025-05-04,Checking,12630.35,372.0,Education
CUST_13447,2025-04-11,Savings,18886.17,351.0,Finance
CUST_13448,2025-02-04,Checking,26354.98,424.0,Unknown
CUST_13449,2025-03-28,Checking,22812.58,561.0,Healthcare
CUST_13450,2025-05-14,Checking,17848.55,847.0,Tech
CUST_13451,2025-01-18,Checking,19389.01,820.0,Education
CUST_13452,2025-04-23,Checking,22770.5,629.0,Finance
CUST_13453,2025-01-29,Credit Card,15647.39,622.0,Retail
CUST_13454,2025-03-18,Credit Card,0.0,540.0,Unknown
CUST_13455,2025-02-28,Checking,12464.67,584.0,Tech
CUST_13456,2025-06-24,Checking,25654.66,563.0,Finance
CUST_13457,2025-05-06,Credit Card,0.0,598.0,Education
CUST_13458,2025-05-25,Checking,0.0,504.0,Unemployed
CUST_13459,2025-04-19,Checking,4098.46,590.0,Unknown
CUST_13460,2025-01-22,Credit Card,7851.56,510.0,Unknown
CUST_13461,2025-03-09,Checking,0.0,665.0,Retail
CUST_13462,2025-03-10,Savings,5858.93,763.0,Unemployed
CUST_13463,2025-06-14,Credit Card,12698.78,621.0,Tech
CUST_13464,2025-02-18,Savings,0.0,657.0,Unknown
CUST_13465,2025-05-21,Credit Card,6121.65,393.0,Education
CUST_13466,2025-06-11,Credit Card,0.0,468.0,Unknown
CUST_13467,2025-04-19,Investment,0.0,596.0,Retail
CUST_13468,2025-03-27,Savings,13463.0,815.0,Unemployed
CUST_13469,2025-02-22,Checking,9669.37,397.0,Healthcare
CUST_13470,2025-05-03,Checking,7473.94,649.0,Retail
CUST_13471,2025-03-28,Savings,14157.28,700.0,Unemployed
CUST_13472,2025-06-28,Savings,9818.75,750.0,Tech
CUST_13473,2025-05-11,Checking,0.0,774.0,Healthcare
CUST_13474,2025-02-11,Checking,15844.74,718.0,Finance
CUST_13475,2025-04-08,Savings,18413.56,303.0,Healthcare
CUST_13476,2025-06-09,Checking,0.0,623.0,Healthcare
CUST_13477,2025-04-19,Credit Card,18207.72,668.0,Healthcare
CUST_13478,2025-02-20,Credit Card,746.9,694.0,Unknown
CUST_13479,2025-03-26,Investment,14192.32,418.0,Unknown
CUST_13480,2025-06-23,Checking,7279.28,,Retail
CUST_13481,2025-05-07,Investment,2419.64,715.0,NA
CUST_13482,2025-01-21,Credit Card,13088.15,405.0,Healthcare
CUST_13483,2025-02-13,Savings,2.99,464.0,Unknown
CUST_13484,2025-05-19,Savings,21204.39,645.0,Finance
CUST_13485,2025-04-13,Checking,23670.97,397.0,Healthcare
CUST_13486,2025-03-09,Checking,0.0,785.0,Unemployed
CUST_13487,2025-05-09,Checking,2491.58,630.0,Retail
CUST_13488,2025-04-02,Checking,0.0,669.0,Education
CUST_13489,2025-01-24,Credit Card,10628.83,741.0,Unknown
CUST_13490,2025-05-05,Checking,24650.84,419.0,Education
CUST_13491,2025-05-21,Savings,0.0,598.0,Retail
CUST_13492,2025-04-21,Credit Card,0.0,442.0,Retail
CUST_13493,2025-04-08,Savings,3747.11,392.0,Healthcare
CUST_13494,2025-05-19,Investment,7788.95,596.0,Retail
CUST_13495,2025-06-28,Savings,0.0,746.0,Healthcare
CUST_13496,2025-01-17,Investment,7711.1,779.0,Tech
CUST_13497,2025-04-09,Savings,0.0,557.0,Finance
CUST_13498,2025-03-23,Savings,0.0,821.0,Finance
CUST_13499,2025-04-14,Savings,24044.44,674.0,Finance
CUST_13500,2025-06-01,Credit Card,-147.0,726.0,Unknown
CUST_13501,2025-01-19,Credit Card,-410.87,400.0,Tech
CUST_13502,2025-06-14,Checking,6976.43,543.0,Finance
CUST_13503,2025-03-26,Investment,21384.36,322.0,Healthcare
CUST_13504,2025-01-08,Checking,4354.67,653.0,Unemployed
CUST_13505,2025-01-28,Checking,0.0,765.0,Education
CUST_13506,2025-01-05,Credit Card,13686.88,524.0,Finance
CUST_13507,2025-05-25,Savings,17191.03,,Unknown
CUST_13508,2025-04-11,Savings,22169.92,568.0,Finance
CUST_13509,2025-06-13,Investment,4465.06,832.0,Healthcare
CUST_13510,2025-04-28,Investment,12127.63,613.0,Unemployed
CUST_13511,2025-05-27,Investment,16855.87,419.0,Healthcare
CUST_13512,2025-03-05,Investment,7727.94,780.0,Finance
CUST_13513,2025-04-01,Savings,24791.62,419.0,Retail
CUST_13514,2025-04-27,Credit Card,14770.76,435.0,Tech
CUST_13515,2025-04-08,Checking,33242.99,376.0,Unknown
CUST_13516,2025-01-11,Investment,18765.66,653.0,Education
CUST_13517,2025-02-23,Checking,0.0,357.0,Education
CUST_13518,2025-06-22,Checking,0.0,385.0,Unknown
CUST_13519,2025-02-16,Checking,0.0,300.0,Tech
CUST_13520,2025-05-20,Savings,0.0,376.0,Unknown
CUST_13521,2025-05-29,Savings,0.0,821.0,NA
CUST_13522,2025-05-19,Credit Card,18030.89,743.0,Finance
CUST_13523,2025-01-05,Credit Card,0.0,447.0,Finance
CUST_13524,2025-01-20,Savings,25913.12,824.0,Finance
CUST_13525,2025-06-18,Credit Card,0.0,485.0,Finance
CUST_13526,2025-02-15,Checking,672.83,821.0,Unemployed
CUST_13527,2025-01-12,Checking,0.0,461.0,Education
CUST_13528,2025-03-11,Savings,26668.22,589.0,Finance
CUST_13529,2025-01-17,Credit Card,28675.05,720.0,Healthcare
CUST_13530,2025-04-25,Credit Card,3018.13,495.0,Retail
CUST_13531,2025-05-27,Checking,0.0,333.0,Finance
CUST_13532,2025-06-03,Checking,1877.19,707.0,Unemployed
CUST_13533,2025-02-17,Savings,8482.32,596.0,Healthcare
CUST_13534,2025-04-18,Checking,0.0,836.0,Education
CUST_13535,2025-02-21,Savings,40262.78,335.0,Healthcare
CUST_13536,2025-04-06,Savings,32380.12,563.0,NA
CUST_13537,2025-03-11,Checking,0.0,681.0,Tech
CUST_13538,2025-04-12,Investment,0.0,413.0,Healthcare
CUST_13539,2025-03-16,Checking,11880.84,742.0,Finance
CUST_13540,2025-06-10,Savings,0.0,462.0,Finance
CUST_13541,2025-05-31,Checking,7743.58,337.0,Unemployed
CUST_13542,2025-05-23,Credit Card,5160.56,391.0,Finance
CUST_13543,2025-06-04,Credit Card,4406.48,400.0,Unemployed
CUST_13544,2025-06-28,Credit Card,20282.0,806.0,Healthcare
CUST_13545,2025-03-23,Checking,32111.29,478.0,Tech
CUST_13546,2025-04-02,Credit Card,10941.16,583.0,Tech
CUST_13547,2025-06-28,Savings,0.0,654.0,Education
CUST_13548,2025-06-24,Savings,7158.28,596.0,Unknown
CUST_13549,2025-01-04,Savings,0.0,834.0,Unemployed
CUST_13550,2025-05-15,Checking,34884.1,787.0,Unknown
CUST_13551,2025-04-19,Investment,15397.42,578.0,Tech
CUST_13552,2025-06-12,Credit Card,11037.79,843.0,Tech
CUST_13553,2025-02-17,Savings,14744.09,654.0,Retail
CUST_13554,2025-03-14,Savings,4424.55,618.0,Tech
CUST_13555,2025-03-13,Savings,23780.83,494.0,Healthcare
CUST_13556,2025-04-26,Savings,0.0,392.0,Unemployed
CUST_13557,2025-06-22,Checking,19400.56,732.0,Finance
CUST_13558,2025-03-22,Investment,28880.04,326.0,Healthcare
CUST_13559,2025-03-22,Investment,0.0,714.0,Unemployed
CUST_13560,2025-04-23,Checking,10064.85,461.0,Finance
CUST_13561,2025-04-06,Credit Card,11248.31,400.0,Finance
CUST_13562,2025-03-13,Checking,0.0,772.0,Education
CUST_13563,2025-05-27,Savings,0.0,457.0,Unemployed
CUST_13564,2025-03-04,Checking,0.0,,Tech
CUST_13565,2025-02-07,Checking,4218.87,308.0,Education
CUST_13566,2025-03-08,Credit Card,11283.0,511.0,Finance
CUST_13567,2025-03-10,Savings,0.0,738.0,Unknown
CUST_13568,2025-01-13,Savings,33959.63,410.0,Retail
CUST_13569,2025-06-24,Savings,20392.64,502.0,Retail
CUST_13570,2025-01-31,Investment,11790.19,364.0,Unknown
CUST_13571,2025-04-24,Checking,0.0,460.0,Unemployed
CUST_13572,2025-01-22,Credit Card,6047.47,713.0,Education
CUST_13573,2025-04-03,Credit Card,21523.32,565.0,Education
CUST_13574,2025-06-20,Savings,18800.21,504.0,Tech
CUST_13575,2025-03-08,Checking,18637.98,455.0,Education
CUST_13576,2025-02-23,Credit Card,445.01,472.0,Unknown
CUST_13577,2025-05-18,Checking,0.0,607.0,Education
CUST_13578,2025-02-11,Investment,0.0,749.0,Healthcare
CUST_13579,2025-03-05,Savings,12928.18,361.0,Education
CUST_13580,2025-05-06,Savings,0.0,672.0,Unemployed
CUST_13581,2025-01-21,Credit Card,4767.34,759.0,Education
CUST_13582,2025-06-18,Credit Card,0.0,774.0,Unemployed
CUST_13583,2025-06-01,Investment,8336.97,680.0,Unknown
CUST_13584,2025-02-04,Checking,22483.3,385.0,Unemployed
CUST_13585,2025-01-30,Investment,25304.76,442.0,Healthcare
CUST_13586,2025-02-26,Credit Card,15535.79,306.0,Finance
CUST_13587,2025-02-16,Credit Card,0.0,594.0,Unemployed
CUST_13588,2025-06-12,Checking,4664.99,818.0,Unknown
CUST_13589,2025-01-19,Savings,0.0,825.0,Unknown
CUST_13590,2025-04-24,Investment,0.0,333.0,Finance
CUST_13591,2025-01-08,Checking,12236.27,628.0,Healthcare
CUST_13592,2025-01-26,Checking,0.0,333.0,Tech
CUST_13593,2025-04-23,Checking,0.0,705.0,Education
CUST_13594,2025-03-12,Checking,0.0,317.0,Unemployed
CUST_13595,2025-01-30,Checking,14874.46,729.0,Tech
CUST_13596,2025-05-15,Savings,-408.24,727.0,Retail
CUST_13597,2025-03-08,Credit Card,0.0,592.0,Tech
CUST_13598,2025-03-06,Checking,29504.61,379.0,Unknown
CUST_13599,2025-02-05,Checking,20200.66,385.0,Education
CUST_13600,2025-01-25,Savings,0.0,347.0,Finance
CUST_13601,2025-02-06,Savings,16022.47,383.0,Education
CUST_13602,2025-01-01,Savings,27840.45,607.0,Unemployed
CUST_13603,2025-05-23,Credit Card,2203.1,551.0,Education
CUST_13604,2025-02-06,Savings,7235.47,780.0,Education
CUST_13605,2025-05-21,Investment,219.26,479.0,Tech
CUST_13606,2025-05-16,Savings,12796.09,609.0,Unknown
CUST_13607,2025-05-13,Savings,20497.61,725.0,Finance
CUST_13608,2025-05-08,Savings,0.0,785.0,Finance
CUST_13609,2025-05-07,Savings,0.0,338.0,Unemployed
CUST_13610,2025-01-01,Credit Card,6524.71,578.0,Tech
CUST_13611,2025-06-13,Credit Card,9653.28,675.0,Tech
CUST_13612,2025-02-04,Checking,11111.84,,Tech
CUST_13613,2025-04-14,Savings,2112.2,346.0,Retail
CUST_13614,2025-01-23,Savings,0.0,783.0,Retail
CUST_13615,2025-01-09,Checking,19778.93,484.0,Education
CUST_13616,2025-02-03,Investment,0.0,371.0,Unemployed
CUST_13617,2025-06-23,Savings,0.0,641.0,Retail
CUST_13618,2025-05-08,Credit Card,5267.19,542.0,Unknown
CUST_13619,2025-01-04,Checking,12277.08,627.0,Tech
CUST_13620,2025-06-07,Savings,621.94,452.0,Tech
CUST_13621,2025-04-12,Checking,16296.13,554.0,Tech
CUST_13622,2025-03-16,Savings,23761.83,723.0,Finance
CUST_13623,2025-04-09,Credit Card,0.0,531.0,Unemployed
CUST_13624,2025-03-13,Savings,10873.58,828.0,Unknown
CUST_13625,2025-01-03,Credit Card,8692.56,795.0,Finance
CUST_13626,2025-05-22,Savings,-115.03,475.0,Retail
CUST_13627,2025-06-22,Investment,0.0,442.0,Unknown
CUST_13628,2025-02-03,Savings,10312.84,316.0,Healthcare
CUST_13629,2025-02-14,Credit Card,11960.97,548.0,Healthcare
CUST_13630,2025-03-02,Credit Card,21309.22,334.0,Tech
CUST_13631,2025-03-24,Investment,-25.59,445.0,Finance
CUST_13632,2025-05-03,Checking,0.0,464.0,Unemployed
CUST_13633,2025-04-12,Credit Card,0.0,,Education
CUST_13634,2025-01-16,Savings,0.0,373.0,Retail
CUST_13635,2025-03-07,Savings,0.0,653.0,Finance
CUST_13636,2025-06-17,Checking,46497.46,573.0,Tech
CUST_13637,2025-05-25,Savings,24064.12,578.0,Tech
CUST_13638,2025-04-29,Investment,0.0,330.0,Healthcare
CUST_13639,2025-06-11,Savings,0.0,825.0,Unemployed
CUST_13640,2025-05-04,Checking,0.0,834.0,Unknown
CUST_13641,2025-05-24,Checking,25977.98,809.0,Unemployed
CUST_13642,2025-04-12,Checking,38368.02,813.0,Tech
CUST_13643,2025-03-07,Checking,6346.94,477.0,Unknown
CUST_13644,2025-01-13,Savings,8955.04,628.0,Tech
CUST_13645,2025-04-21,Checking,12805.89,471.0,Education
CUST_13646,2025-06-08,Savings,4762.17,695.0,Retail
CUST_13647,2025-02-03,Investment,9229.76,334.0,Education
CUST_13648,2025-02-08,Credit Card,5722.6,596.0,Unknown
CUST_13649,2025-05-16,Investment,12169.55,768.0,Healthcare
CUST_13650,2025-04-30,Savings,0.0,794.0,Finance
CUST_13651,2025-05-06,Savings,0.0,534.0,Unemployed
CUST_13652,2025-02-24,Savings,0.0,338.0,Healthcare
CUST_13653,2025-01-27,Savings,15351.42,518.0,Unemployed
CUST_13654,2025-04-28,Savings,0.0,516.0,Tech
CUST_13655,2025-02-22,Checking,0.0,719.0,Retail
CUST_13656,2025-02-08,Savings,0.0,473.0,Tech
CUST_13657,2025-03-06,Checking,11740.65,412.0,Retail
CUST_13658,2025-05-25,Credit Card,0.0,473.0,Retail
CUST_13659,2025-06-07,Checking,2927.29,373.0,Retail
CUST_13660,2025-01-13,Savings,28743.2,835.0,Finance
CUST_13661,2025-01-21,Savings,10627.73,331.0,Healthcare
CUST_13662,2025-05-27,Checking,0.0,553.0,Unknown
CUST_13663,2025-02-22,Savings,0.0,796.0,Unemployed
CUST_13664,2025-01-19,Checking,11524.57,412.0,Unemployed
CUST_13665,2025-02-26,Savings,3063.46,494.0,Finance
CUST_13666,2025-01-25,Credit Card,13678.78,827.0,Unknown
CUST_13667,2025-01-31,Credit Card,0.0,740.0,Finance
CUST_13668,2025-03-22,Checking,22061.81,788.0,Finance
CUST_13669,2025-01-23,Savings,0.0,796.0,Education
CUST_13670,2025-02-01,Savings,0.0,323.0,NA
CUST_13671,2025-03-15,Credit Card,25849.78,589.0,Education
CUST_13672,2025-01-10,Checking,0.0,607.0,Unknown
CUST_13673,2025-02-23,Savings,3697.94,603.0,Finance
CUST_13674,2025-02-21,Savings,878.56,337.0,Tech
CUST_13675,2025-05-28,Savings,4568.59,685.0,Unknown
CUST_13676,2025-06-09,Credit Card,10343.01,381.0,Education
CUST_13677,2025-04-24,Savings,5226.16,417.0,Education
CUST_13678,2025-01-14,Checking,0.0,349.0,Unknown
CUST_13679,2025-06-27,Checking,6459.59,373.0,Unknown
CUST_13680,2025-06-05,Checking,4725.4,405.0,Finance
CUST_13681,2025-04-20,Credit Card,4096.79,625.0,Healthcare
CUST_13682,2025-02-22,Credit Card,36290.08,655.0,Tech
CUST_13683,2025-06-01,Checking,25061.39,767.0,Retail
CUST_13684,2025-03-20,Savings,32407.35,583.0,Unknown
CUST_13685,2025-01-22,Checking,10161.42,484.0,Retail
CUST_13686,2025-01-30,Checking,31780.09,453.0,Unemployed
CUST_13687,2025-01-04,Checking,0.0,417.0,Unknown
CUST_13688,2025-02-28,Checking,-388.55,566.0,Tech
CUST_13689,2025-01-08,Savings,0.0,684.0,Finance
CUST_13690,2025-01-12,Checking,0.0,554.0,Unknown
CUST_13691,2025-04-29,Savings,5619.52,540.0,Healthcare
CUST_13692,2025-06-08,Credit Card,8059.48,470.0,Healthcare
CUST_13693,2025-02-03,Savings,11464.87,847.0,Retail
CUST_13694,2025-03-23,Credit Card,31169.83,484.0,Healthcare
CUST_13695,2025-04-08,Savings,0.0,709.0,Retail
CUST_13696,2025-05-07,Checking,0.0,445.0,Unemployed
CUST_13697,2025-03-16,Credit Card,0.0,337.0,Education
CUST_13698,2025-04-15,Savings,0.0,789.0,Unemployed
CUST_13699,2025-02-18,Credit Card,0.0,561.0,Finance
CUST_13700,2025-03-20,Checking,0.0,425.0,Healthcare
CUST_13701,2025-04-03,Checking,0.0,644.0,Finance
CUST_13702,2025-06-03,Savings,6336.11,560.0,Education
CUST_13703,2025-01-18,Checking,0.0,742.0,Tech
CUST_13704,2025-04-06,Checking,0.0,407.0,Tech
CUST_13705,2025-02-07,Checking,7265.84,736.0,Tech
CUST_13706,2025-03-28,Checking,0.0,813.0,Retail
CUST_13707,2025-03-29,Checking,22347.92,389.0,Retail
CUST_13708,2025-02-19,Savings,2545.59,514.0,Tech
CUST_13709,2025-01-08,Savings,-249.47,618.0,Education
CUST_13710,2025-06-18,Savings,8923.13,356.0,Unemployed
CUST_13711,2025-05-14,Savings,0.0,701.0,Unknown
CUST_13712,2025-03-10,Credit Card,23203.29,521.0,Retail
CUST_13713,2025-06-21,Credit Card,16773.5,774.0,Unemployed
CUST_13714,2025-05-01,Savings,0.0,407.0,Unemployed
CUST_13715,2025-03-05,Investment,0.0,479.0,Tech
CUST_13716,2025-06-06,Checking,0.0,476.0,Finance
CUST_13717,2025-06-05,Investment,0.0,786.0,Tech
CUST_13718,2025-05-19,Credit Card,0.0,713.0,Unknown
CUST_13719,2025-05-01,Credit Card,0.0,336.0,Tech
CUST_13720,2025-03-06,Savings,0.0,567.0,Unknown
CUST_13721,2025-04-17,Savings,-454.15,687.0,Finance
CUST_13722,2025-05-27,Savings,2951.65,653.0,Unemployed
CUST_13723,2025-05-17,Credit Card,24216.15,569.0,Retail
CUST_13724,2025-06-04,Savings,19806.27,568.0,Unemployed
CUST_13725,2025-06-11,Credit Card,0.0,741.0,Finance
CUST_13726,2025-06-21,Savings,1285.17,604.0,Unknown
CUST_13727,2025-04-10,Credit Card,21546.38,545.0,Retail
CUST_13728,2025-03-23,Savings,0.0,477.0,Education
CUST_13729,2025-05-23,Savings,7558.82,366.0,Retail
CUST_13730,2025-02-20,Savings,0.0,576.0,Unknown
CUST_13731,2025-05-21,Checking,5588.57,507.0,Unknown
CUST_13732,2025-03-24,Savings,6255.35,606.0,Healthcare
CUST_13733,2025-06-26,Credit Card,-233.83,849.0,Retail
CUST_13734,2025-04-22,Savings,20988.65,837.0,Healthcare
CUST_13735,2025-02-25,Savings,0.0,817.0,Retail
CUST_13736,2025-06-28,Credit Card,6730.1,573.0,Unknown
CUST_13737,2025-06-14,Savings,31752.5,532.0,Finance
CUST_13738,2025-05-25,Investment,9669.48,413.0,Retail
CUST_13739,2025-06-06,Investment,0.0,433.0,Tech
CUST_13740,2025-06-10,Savings,10212.74,724.0,Retail
CUST_13741,2025-03-01,Savings,41480.4,324.0,Finance
CUST_13742,2025-04-30,Savings,5588.41,579.0,Finance
CUST_13743,2025-05-18,Credit Card,16904.31,642.0,Retail
CUST_13744,2025-06-24,Checking,5077.74,371.0,Unknown
CUST_13745,2025-01-23,Checking,9131.77,500.0,Retail
CUST_13746,2025-05-29,Credit Card,3826.17,625.0,Retail
CUST_13747,2025-01-13,Savings,0.0,332.0,Unemployed
CUST_13748,2025-04-11,Credit Card,10609.37,396.0,Unemployed
CUST_13749,2025-06-10,Credit Card,0.0,562.0,Education
CUST_13750,2025-01-24,Checking,313.4,369.0,Unknown
CUST_13751,2025-04-18,Credit Card,33675.48,592.0,Healthcare
CUST_13752,2025-01-11,Credit Card,3920.52,506.0,Retail
CUST_13753,2025-01-17,Savings,0.0,471.0,Retail
CUST_13754,2025-06-24,Checking,8613.28,694.0,Healthcare
CUST_13755,2025-01-25,Checking,0.0,555.0,Tech
CUST_13756,2025-04-04,Savings,6629.17,563.0,Education
CUST_13757,2025-01-21,Investment,0.0,563.0,Education
CUST_13758,2025-03-25,Savings,16695.13,816.0,Tech
CUST_13759,2025-05-20,Checking,6869.59,,Healthcare
CUST_13760,2025-02-06,Checking,0.0,570.0,Unknown
CUST_13761,2025-02-11,Savings,10395.84,611.0,Healthcare
CUST_13762,2025-05-25,Investment,34027.66,669.0,Finance
CUST_13763,2025-04-11,Credit Card,0.0,690.0,Healthcare
CUST_13764,2025-02-17,Checking,16364.43,414.0,Unemployed
CUST_13765,2025-04-13,Savings,11269.02,643.0,Unknown
CUST_13766,2025-01-28,Savings,11049.48,709.0,Education
CUST_13767,2025-02-10,Savings,18503.89,845.0,Unknown
CUST_13768,2025-04-09,Savings,844.98,677.0,Unemployed
CUST_13769,2025-02-16,Checking,7285.03,755.0,Finance
CUST_13770,2025-05-26,Investment,6473.89,722.0,Retail
CUST_13771,2025-04-15,Checking,0.0,743.0,Retail
CUST_13772,2025-05-04,Credit Card,11881.96,496.0,Retail
CUST_13773,2025-01-13,Checking,-436.63,662.0,Finance
CUST_13774,2025-05-21,Checking,32453.28,,Education
CUST_13775,2025-04-10,Credit Card,0.0,693.0,Healthcare
CUST_13776,2025-01-31,Checking,0.0,808.0,Finance
CUST_13777,2025-05-10,Credit Card,21806.24,593.0,Unknown
CUST_13778,2025-01-16,Savings,0.0,324.0,Education
CUST_13779,2025-05-17,Savings,0.0,536.0,Unknown
CUST_13780,2025-03-14,Credit Card,10812.92,760.0,Healthcare
CUST_13781,2025-06-15,Checking,24987.42,620.0,Tech
CUST_13782,2025-02-23,Credit Card,16060.22,399.0,Education
CUST_13783,2025-04-10,Investment,0.0,707.0,Unemployed
CUST_13784,2025-04-19,Savings,6928.38,454.0,Unemployed
CUST_13785,2025-03-28,Checking,689.43,733.0,Tech
CUST_13786,2025-06-22,Savings,29912.82,733.0,Unknown
CUST_13787,2025-06-11,Checking,0.0,442.0,Retail
CUST_13788,2025-05-17,Credit Card,6484.97,828.0,Unknown
CUST_13789,2025-01-08,Savings,7538.72,584.0,Retail
CUST_13790,2025-01-07,Checking,0.0,304.0,Education
CUST_13791,2025-02-05,Credit Card,2106.24,822.0,Unemployed
CUST_13792,2025-01-18,Savings,2350.97,735.0,Tech
CUST_13793,2025-01-03,Credit Card,25652.56,717.0,Finance
CUST_13794,2025-01-28,Checking,7927.1,380.0,Healthcare
CUST_13795,2025-03-11,Investment,0.0,844.0,Retail
CUST_13796,2025-06-21,Savings,2823.22,676.0,Retail
CUST_13797,2025-05-29,Savings,3995.61,458.0,Retail
CUST_13798,2025-01-28,Checking,4416.29,516.0,Retail
CUST_13799,2025-02-23,Savings,18911.45,344.0,Unemployed
CUST_13800,2025-03-06,Investment,19680.59,514.0,Education
CUST_13801,2025-04-10,Savings,0.0,810.0,Unemployed
CUST_13802,2025-01-21,Credit Card,21019.4,427.0,Education
CUST_13803,2025-01-13,Checking,16270.21,553.0,Tech
CUST_13804,2025-02-26,Savings,4209.12,849.0,Finance
CUST_13805,2025-02-18,Savings,0.0,651.0,Tech
CUST_13806,2025-04-28,Checking,8189.64,840.0,Unemployed
CUST_13807,2025-02-23,Checking,-309.14,463.0,Unemployed
CUST_13808,2025-05-18,Savings,13323.23,834.0,Finance
CUST_13809,2025-02-22,Investment,14699.05,430.0,Education
CUST_13810,2025-02-13,Savings,24786.13,803.0,Retail
CUST_13811,2025-02-16,Checking,0.0,723.0,Tech
CUST_13812,2025-02-22,Checking,37075.51,483.0,Finance
CUST_13813,2025-03-15,Savings,18429.31,822.0,Healthcare
CUST_13814,2025-02-15,Investment,15713.76,534.0,Finance
CUST_13815,2025-01-13,Savings,33746.13,430.0,Tech
CUST_13816,2025-06-14,Savings,9767.56,313.0,Unknown
CUST_13817,2025-04-12,Savings,20504.71,679.0,Education
CUST_13818,2025-01-24,Checking,7546.57,359.0,Retail
CUST_13819,2025-01-02,Checking,17612.28,591.0,Healthcare
CUST_13820,2025-03-22,Checking,22424.1,459.0,Unknown
CUST_13821,2025-04-10,Savings,20883.92,746.0,Tech
CUST_13822,2025-05-22,Savings,0.0,837.0,Education
CUST_13823,2025-05-18,Credit Card,0.0,685.0,Finance
CUST_13824,2025-06-12,Savings,22577.03,369.0,Education
CUST_13825,2025-06-02,Credit Card,12472.04,681.0,Education
CUST_13826,2025-05-11,Savings,4258.56,524.0,Retail
CUST_13827,2025-04-21,Credit Card,12614.75,807.0,Tech
CUST_13828,2025-04-12,Savings,0.0,339.0,Unemployed
CUST_13829,2025-01-17,Checking,16797.18,445.0,Education
CUST_13830,2025-01-12,Savings,10571.89,665.0,Finance
CUST_13831,2025-04-26,Savings,6278.75,547.0,Unknown
CUST_13832,2025-01-24,Savings,2316.32,311.0,Unknown
CUST_13833,2025-01-29,Savings,8465.87,835.0,Finance
CUST_13834,2025-06-20,Savings,885.9,809.0,Retail
CUST_13835,2025-06-02,Checking,141.77,544.0,Education
CUST_13836,2025-05-02,Checking,31833.0,470.0,Finance
CUST_13837,2025-03-31,Credit Card,0.0,331.0,Unemployed
CUST_13838,2025-03-06,Checking,0.0,728.0,Finance
CUST_13839,2025-03-25,Checking,16722.77,334.0,Retail
CUST_13840,2025-04-29,Checking,0.0,504.0,Education
CUST_13841,2025-06-05,Checking,0.0,683.0,Retail
CUST_13842,2025-01-16,Checking,20214.0,565.0,Unknown
CUST_13843,2025-06-24,Credit Card,23901.04,742.0,Education
CUST_13844,2025-04-14,Savings,0.0,784.0,Finance
CUST_13845,2025-04-02,Savings,0.0,769.0,Unemployed
CUST_13846,2025-01-27,Checking,0.0,565.0,Tech
CUST_13847,2025-06-19,Savings,0.0,408.0,Finance
CUST_13848,2025-06-24,Credit Card,33708.69,788.0,Tech
CUST_13849,2025-06-11,Credit Card,0.0,477.0,Education
CUST_13850,2025-06-14,Savings,17477.87,548.0,Education
CUST_13851,2025-05-14,Savings,15826.51,304.0,Healthcare
CUST_13852,2025-05-15,Checking,24836.32,456.0,Education
CUST_13853,2025-06-02,Checking,0.0,529.0,Unknown
CUST_13854,2025-02-02,Savings,4847.09,560.0,Education
CUST_13855,2025-02-24,Credit Card,1712.01,620.0,Healthcare
CUST_13856,2025-01-07,Checking,13069.93,426.0,Tech
CUST_13857,2025-02-26,Savings,23238.26,327.0,Education
CUST_13858,2025-05-06,Savings,37676.24,809.0,Retail
CUST_13859,2025-01-12,Credit Card,0.0,527.0,Education
CUST_13860,2025-01-16,Savings,7120.71,840.0,NA
CUST_13861,2025-02-12,Credit Card,18000.77,478.0,Finance
CUST_13862,2025-04-27,Checking,14176.53,587.0,Education
CUST_13863,2025-05-15,Checking,30726.32,793.0,Unknown
CUST_13864,2025-04-21,Credit Card,3382.08,564.0,Education
CUST_13865,2025-02-20,Credit Card,0.0,766.0,Retail
CUST_13866,2025-06-09,Savings,25644.44,694.0,Healthcare
CUST_13867,2025-03-16,Savings,9545.76,731.0,Healthcare
CUST_13868,2025-01-08,Credit Card,13103.61,734.0,Healthcare
CUST_13869,2025-02-14,Checking,3909.76,687.0,Finance
CUST_13870,2025-02-28,Savings,18906.46,836.0,Education
CUST_13871,2025-05-12,Investment,0.0,444.0,Tech
CUST_13872,2025-04-14,Savings,0.0,474.0,Tech
CUST_13873,2025-06-06,Savings,0.0,819.0,Retail
CUST_13874,2025-06-06,Savings,0.0,613.0,Finance
CUST_13875,2025-04-08,Checking,18973.69,428.0,Unemployed
CUST_13876,2025-06-05,Checking,5696.25,813.0,Finance
CUST_13877,2025-03-20,Savings,0.0,309.0,Education
CUST_13878,2025-05-04,Savings,26441.97,646.0,Unemployed
CUST_13879,2025-06-21,Savings,7077.66,416.0,Tech
CUST_13880,2025-01-04,Checking,30406.26,710.0,Finance
CUST_13881,2025-03-31,Savings,17850.32,696.0,Retail
CUST_13882,2025-04-14,Investment,7823.03,310.0,Unknown
CUST_13883,2025-05-17,Savings,32525.07,697.0,Tech
CUST_13884,2025-04-29,Investment,0.0,392.0,Unknown
CUST_13885,2025-05-13,Savings,0.0,401.0,Finance
CUST_13886,2025-02-25,Credit Card,28990.26,397.0,Education
CUST_13887,2025-04-06,Savings,14067.95,581.0,Education
CUST_13888,2025-06-27,Savings,25907.04,720.0,Unknown
CUST_13889,2025-03-16,Credit Card,18220.47,663.0,Unemployed
CUST_13890,2025-05-23,Credit Card,29652.14,510.0,Education
CUST_13891,2025-02-01,Checking,0.0,807.0,Education
CUST_13892,2025-01-28,Credit Card,2170.48,375.0,Tech
CUST_13893,2025-01-22,Checking,2012.45,622.0,Tech
CUST_13894,2025-01-17,Credit Card,2214.73,751.0,Finance
CUST_13895,2025-02-28,Savings,0.0,317.0,Retail
CUST_13896,2025-03-31,Checking,7451.56,590.0,Unknown
CUST_13897,2025-04-16,Checking,16866.13,497.0,Healthcare
CUST_13898,2025-01-26,Savings,0.0,461.0,Healthcare
CUST_13899,2025-01-25,Credit Card,0.0,716.0,Education
CUST_13900,2025-05-18,Savings,2960.78,683.0,Finance
CUST_13901,2025-02-14,Savings,16768.17,499.0,Healthcare
CUST_13902,2025-03-24,Checking,0.0,797.0,Healthcare
CUST_13903,2025-01-11,Checking,40029.17,342.0,Healthcare
CUST_13904,2025-04-14,Savings,0.0,381.0,Healthcare
CUST_13905,2025-03-09,Savings,0.0,838.0,Unknown
CUST_13906,2025-04-05,Investment,22011.2,603.0,Unknown
CUST_13907,2025-06-05,Savings,19512.98,498.0,Unemployed
CUST_13908,2025-03-06,Checking,18199.81,705.0,Healthcare
CUST_13909,2025-02-18,Credit Card,0.0,726.0,Unemployed
CUST_13910,2025-06-24,Checking,0.0,760.0,Unemployed
CUST_13911,2025-02-21,Investment,0.0,779.0,Finance
CUST_13912,2025-04-12,Credit Card,197.1,423.0,Healthcare
CUST_13913,2025-02-26,Checking,10741.19,827.0,Healthcare
CUST_13914,2025-02-16,Checking,0.0,825.0,Unemployed
CUST_13915,2025-06-08,Checking,0.0,338.0,Finance
CUST_13916,2025-06-23,Checking,22538.29,498.0,Unknown
CUST_13917,2025-01-26,Credit Card,2297.51,407.0,Tech
CUST_13918,2025-04-24,Savings,16221.3,567.0,Tech
CUST_13919,2025-01-05,Savings,362.85,652.0,Tech
CUST_13920,2025-03-25,Savings,13141.94,610.0,Healthcare
CUST_13921,2025-02-21,Savings,39892.84,689.0,Finance
CUST_13922,2025-04-15,Savings,0.0,339.0,Tech
CUST_13923,2025-02-23,Credit Card,0.0,451.0,Education
CUST_13924,2025-06-10,Checking,0.0,486.0,Education
CUST_13925,2025-06-27,Checking,36562.69,729.0,Finance
CUST_13926,2025-06-15,Checking,4728.86,756.0,Healthcare
CUST_13927,2025-06-04,Credit Card,18312.16,526.0,Unemployed
CUST_13928,2025-01-15,Checking,0.0,727.0,Tech
CUST_13929,2025-03-02,Credit Card,10616.88,503.0,Healthcare
CUST_13930,2025-05-02,Savings,-412.15,417.0,Unemployed
CUST_13931,2025-01-21,Investment,25829.15,693.0,Unknown
CUST_13932,2025-02-15,Checking,14881.41,521.0,Tech
CUST_13933,2025-05-14,Savings,0.0,362.0,Retail
CUST_13934,2025-02-07,Checking,28697.29,695.0,Retail
CUST_13935,2025-03-03,Checking,30074.43,304.0,Healthcare
CUST_13936,2025-03-27,Savings,27585.33,633.0,NA
CUST_13937,2025-03-19,Checking,16437.39,591.0,Healthcare
CUST_13938,2025-02-15,Savings,840.75,807.0,Tech
CUST_13939,2025-05-21,Savings,8481.14,444.0,Healthcare
CUST_13940,2025-01-03,Investment,0.0,,Healthcare
CUST_13941,2025-01-06,Checking,8319.57,310.0,Tech
CUST_13942,2025-04-03,Credit Card,0.0,368.0,Education
CUST_13943,2025-01-08,Checking,2454.8,843.0,Retail
CUST_13944,2025-06-21,Savings,37153.23,501.0,Unemployed
CUST_13945,2025-04-18,Checking,9664.11,565.0,Tech
CUST_13946,2025-06-10,Checking,0.0,407.0,Healthcare
CUST_13947,2025-03-16,Investment,0.0,353.0,Finance
CUST_13948,2025-03-18,Savings,3502.9,637.0,Healthcare
CUST_13949,2025-02-19,Credit Card,16180.38,489.0,Unemployed
CUST_13950,2025-01-11,Investment,7050.58,538.0,Healthcare
CUST_13951,2025-04-05,Checking,4190.56,642.0,Finance
CUST_13952,2025-06-05,Investment,11383.49,590.0,Unemployed
CUST_13953,2025-03-11,Savings,10914.34,622.0,Healthcare
CUST_13954,2025-06-18,Investment,15579.25,620.0,Finance
CUST_13955,2025-01-16,Credit Card,15978.89,341.0,Unknown
CUST_13956,2025-03-09,Savings,3671.45,497.0,Healthcare
CUST_13957,2025-04-09,Investment,2921.09,583.0,Education
CUST_13958,2025-02-17,Checking,5012.31,481.0,Unemployed
CUST_13959,2025-03-05,Checking,13404.06,310.0,Retail
CUST_13960,2025-03-31,Checking,21817.33,741.0,Education
CUST_13961,2025-03-17,Savings,-53.1,723.0,Tech
CUST_13962,2025-05-19,Checking,2544.08,799.0,Tech
CUST_13963,2025-04-11,Credit Card,0.0,687.0,Healthcare
CUST_13964,2025-03-30,Savings,0.0,753.0,Unknown
CUST_13965,2025-01-18,Savings,0.0,301.0,Tech
CUST_13966,2025-01-19,Savings,0.0,541.0,Unknown
CUST_13967,2025-02-24,Checking,0.0,359.0,Tech
CUST_13968,2025-04-12,Credit Card,11898.23,667.0,Unknown
CUST_13969,2025-04-28,Credit Card,0.0,339.0,Healthcare
CUST_13970,2025-06-03,Investment,5265.25,614.0,Healthcare
CUST_13971,2025-05-14,Checking,17567.62,597.0,Retail
CUST_13972,2025-01-04,Savings,0.0,749.0,Finance
CUST_13973,2025-04-18,Investment,0.0,694.0,Healthcare
CUST_13974,2025-04-25,Credit Card,0.0,,Unknown
CUST_13975,2025-01-29,Checking,0.0,832.0,Retail
CUST_13976,2025-02-28,Checking,25549.05,687.0,Education
CUST_13977,2025-05-05,Investment,12574.88,680.0,Tech
CUST_13978,2025-04-08,Credit Card,37243.33,730.0,Unknown
CUST_13979,2025-01-17,Savings,0.0,834.0,Unknown
CUST_13980,2025-04-17,Credit Card,27626.35,515.0,Finance
CUST_13981,2025-02-12,Savings,0.0,576.0,Unknown
CUST_13982,2025-03-21,Savings,0.0,493.0,Unknown
CUST_13983,2025-06-11,Checking,45834.66,478.0,Unknown
CUST_13984,2025-01-08,Savings,0.0,442.0,Unemployed
CUST_13985,2025-05-21,Savings,28800.03,837.0,Education
CUST_13986,2025-04-16,Savings,4520.13,517.0,Healthcare
CUST_13987,2025-01-08,Checking,0.0,,Education
CUST_13988,2025-04-06,Credit Card,0.0,358.0,Unemployed
CUST_13989,2025-04-04,Investment,6577.75,645.0,Retail
CUST_13990,2025-03-06,Savings,0.0,718.0,Healthcare
CUST_13991,2025-06-20,Checking,566.83,523.0,NA
CUST_13992,2025-02-08,Investment,0.0,649.0,Unknown
CUST_13993,2025-03-22,Savings,10316.18,376.0,Healthcare
CUST_13994,2025-03-25,Credit Card,0.0,507.0,Finance
CUST_13995,2025-03-29,Credit Card,4098.72,458.0,Retail
CUST_13996,2025-03-27,Savings,0.0,823.0,Tech
CUST_13997,2025-04-03,Credit Card,23388.19,524.0,Education
CUST_13998,2025-03-27,Credit Card,0.0,657.0,Unemployed
CUST_13999,2025-02-13,Savings,755.83,683.0,Finance
CUST_14000,2025-05-17,Savings,13391.12,843.0,Unemployed
CUST_14001,2025-06-14,Savings,10383.28,803.0,Finance
CUST_14002,2025-03-15,Savings,0.0,749.0,Unknown
CUST_14003,2025-02-05,Checking,0.0,541.0,Healthcare
CUST_14004,2025-04-11,Checking,16720.87,668.0,Education
CUST_14005,2025-06-05,Savings,3144.92,770.0,Finance
CUST_14006,2025-06-19,Investment,0.0,587.0,Healthcare
CUST_14007,2025-06-20,Savings,17266.96,698.0,Healthcare
CUST_14008,2025-06-19,Savings,0.0,403.0,Retail
CUST_14009,2025-04-14,Savings,0.0,610.0,Healthcare
CUST_14010,2025-03-07,Checking,0.0,426.0,Tech
CUST_14011,2025-02-24,Checking,0.0,339.0,Unknown
CUST_14012,2025-06-25,Savings,0.0,371.0,Retail
CUST_14013,2025-04-01,Savings,9924.61,546.0,Retail
CUST_14014,2025-01-22,Credit Card,28259.54,546.0,Tech
CUST_14015,2025-04-11,Investment,0.0,611.0,Tech
CUST_14016,2025-06-04,Savings,-115.1,333.0,Unemployed
CUST_14017,2025-05-01,Savings,2539.2,428.0,Unknown
CUST_14018,2025-04-03,Checking,11968.44,309.0,Finance
CUST_14019,2025-04-18,Credit Card,19824.85,467.0,Unknown
CUST_14020,2025-05-21,Savings,2609.57,515.0,Unemployed
CUST_14021,2025-06-22,Investment,0.0,707.0,Unknown
CUST_14022,2025-01-10,Checking,13671.06,825.0,Finance
CUST_14023,2025-01-09,Checking,0.0,317.0,Unemployed
CUST_14024,2025-06-04,Checking,0.0,639.0,Tech
CUST_14025,2025-02-03,Investment,43855.62,389.0,Finance
CUST_14026,2025-05-09,Credit Card,0.0,584.0,Tech
CUST_14027,2025-06-09,Savings,0.0,833.0,Tech
CUST_14028,2025-03-30,Savings,13157.24,,Unemployed
CUST_14029,2025-04-03,Checking,10204.91,732.0,Healthcare
CUST_14030,2025-03-12,Savings,18278.57,351.0,Finance
CUST_14031,2025-03-08,Credit Card,19064.45,366.0,Retail
CUST_14032,2025-05-28,Credit Card,0.0,549.0,Retail
CUST_14033,2025-04-27,Credit Card,24039.21,630.0,Finance
CUST_14034,2025-04-04,Investment,12660.65,714.0,Finance
CUST_14035,2025-06-12,Savings,10670.23,422.0,Finance
CUST_14036,2025-04-09,Credit Card,11337.77,501.0,Finance
CUST_14037,2025-04-23,Credit Card,0.0,305.0,Healthcare
CUST_14038,2025-04-13,Savings,1851.16,785.0,Tech
CUST_14039,2025-04-01,Credit Card,0.0,498.0,Finance
CUST_14040,2025-03-31,Savings,0.0,312.0,Unemployed
CUST_14041,2025-01-17,Credit Card,0.0,305.0,Finance
CUST_14042,2025-01-18,Checking,17381.78,710.0,Tech
CUST_14043,2025-06-22,Savings,9307.9,420.0,Tech
CUST_14044,2025-04-26,Checking,11562.12,661.0,Tech
CUST_14045,2025-04-03,Checking,0.0,837.0,Unemployed
CUST_14046,2025-04-01,Savings,10644.47,303.0,Education
CUST_14047,2025-03-23,Savings,2014.26,583.0,Retail
CUST_14048,2025-03-09,Checking,19236.85,658.0,Unemployed
CUST_14049,2025-04-24,Checking,15434.89,581.0,Finance
CUST_14050,2025-01-01,Credit Card,7397.26,648.0,Healthcare
CUST_14051,2025-02-27,Investment,0.0,329.0,Healthcare
CUST_14052,2025-06-03,Checking,9094.85,816.0,Unknown
CUST_14053,2025-04-19,Credit Card,8636.79,673.0,Tech
CUST_14054,2025-05-28,Checking,6790.01,423.0,Healthcare
CUST_14055,2025-04-26,Credit Card,0.0,745.0,Retail
CUST_14056,2025-03-28,Savings,0.0,693.0,Finance
CUST_14057,2025-01-10,Savings,9835.56,355.0,Unknown
CUST_14058,2025-02-28,Checking,0.0,431.0,Healthcare
CUST_14059,2025-02-10,Savings,1223.45,421.0,Retail
CUST_14060,2025-04-15,Credit Card,13803.02,501.0,Retail
CUST_14061,2025-05-13,Credit Card,11622.32,564.0,Education
CUST_14062,2025-05-02,Savings,0.0,339.0,Education
CUST_14063,2025-05-25,Checking,9477.87,412.0,Healthcare
CUST_14064,2025-01-22,Credit Card,35478.22,638.0,NA
CUST_14065,2025-04-08,Credit Card,15133.93,361.0,Tech
CUST_14066,2025-06-18,Savings,881.18,526.0,Education
CUST_14067,2025-03-09,Savings,24612.42,473.0,Retail
CUST_14068,2025-05-19,Checking,37987.82,433.0,Education
CUST_14069,2025-02-25,Checking,17950.35,584.0,Finance
CUST_14070,2025-06-28,Savings,0.0,407.0,Unknown
CUST_14071,2025-05-29,Savings,14252.2,442.0,Retail
CUST_14072,2025-04-09,Credit Card,25231.81,593.0,Retail
CUST_14073,2025-03-17,Checking,0.0,576.0,Unemployed
CUST_14074,2025-01-26,Investment,19056.73,791.0,Finance
CUST_14075,2025-04-25,Credit Card,1953.17,770.0,Unemployed
CUST_14076,2025-05-27,Investment,24731.58,575.0,Education
CUST_14077,2025-04-19,Savings,3932.66,533.0,Finance
CUST_14078,2025-02-16,Credit Card,10148.39,541.0,Unknown
CUST_14079,2025-03-12,Savings,10399.89,557.0,Healthcare
CUST_14080,2025-06-03,Checking,15711.66,331.0,Tech
CUST_14081,2025-02-09,Checking,11706.56,666.0,Education
CUST_14082,2025-05-13,Savings,0.0,647.0,Unknown
CUST_14083,2025-05-29,Credit Card,1053.13,431.0,Retail
CUST_14084,2025-05-12,Credit Card,4901.29,667.0,Healthcare
CUST_14085,2025-01-23,Savings,23455.37,564.0,Education
CUST_14086,2025-04-16,Checking,12264.88,514.0,Unknown
CUST_14087,2025-03-25,Savings,0.0,514.0,Unknown
CUST_14088,2025-05-23,Checking,0.0,581.0,Tech
CUST_14089,2025-04-26,Credit Card,14821.21,829.0,Retail
CUST_14090,2025-04-19,Savings,0.0,301.0,Finance
CUST_14091,2025-05-16,Investment,16297.91,812.0,Tech
CUST_14092,2025-02-10,Savings,4163.21,763.0,Unemployed
CUST_14093,2025-04-22,Checking,26901.59,746.0,Education
CUST_14094,2025-05-27,Checking,0.0,662.0,Retail
CUST_14095,2025-04-22,Savings,26581.45,515.0,Education
CUST_14096,2025-04-13,Savings,19752.15,463.0,Tech
CUST_14097,2025-02-15,Credit Card,0.0,837.0,Unknown
CUST_14098,2025-06-05,Credit Card,0.0,810.0,Retail
CUST_14099,2025-03-09,Savings,33915.32,520.0,Unknown
CUST_14100,2025-05-02,Checking,0.0,582.0,Tech
CUST_14101,2025-01-15,Savings,9595.74,370.0,Education
CUST_14102,2025-06-14,Savings,10180.35,673.0,Unemployed
CUST_14103,2025-05-09,Checking,5150.07,558.0,Retail
CUST_14104,2025-04-21,Savings,16720.15,744.0,Unknown
CUST_14105,2025-01-24,Credit Card,0.0,500.0,Unknown
CUST_14106,2025-01-27,Credit Card,33995.98,679.0,Unknown
CUST_14107,2025-02-09,Investment,0.0,714.0,Unknown
CUST_14108,2025-06-13,Checking,2841.0,364.0,Retail
CUST_14109,2025-01-24,Investment,0.0,677.0,Unknown
CUST_14110,2025-01-24,Checking,20691.7,401.0,Unknown
CUST_14111,2025-01-04,Checking,33321.66,341.0,Retail
CUST_14112,2025-03-08,Investment,35122.13,495.0,Education
CUST_14113,2025-02-03,Checking,22020.82,659.0,Healthcare
CUST_14114,2025-06-26,Savings,0.0,398.0,Unemployed
CUST_14115,2025-04-26,Credit Card,5025.79,687.0,Education
CUST_14116,2025-01-23,Investment,156.43,364.0,Finance
CUST_14117,2025-04-19,Credit Card,0.0,596.0,Healthcare
CUST_14118,2025-03-10,Checking,567.79,726.0,Education
CUST_14119,2025-04-05,Checking,18631.42,522.0,Finance
CUST_14120,2025-03-03,Investment,0.0,448.0,Unknown
CUST_14121,2025-06-18,Savings,0.0,808.0,Tech
CUST_14122,2025-02-26,Checking,0.0,741.0,Finance
CUST_14123,2025-02-23,Savings,17273.27,713.0,Unemployed
CUST_14124,2025-03-11,Checking,0.0,415.0,Retail
CUST_14125,2025-04-11,Checking,0.0,752.0,Unemployed
CUST_14126,2025-02-26,Savings,0.0,619.0,Healthcare
CUST_14127,2025-05-18,Savings,8870.01,750.0,Education
CUST_14128,2025-06-17,Checking,8519.07,378.0,Unknown
CUST_14129,2025-05-15,Savings,11003.28,656.0,Unemployed
CUST_14130,2025-04-13,Savings,2769.81,418.0,Education
CUST_14131,2025-06-15,Credit Card,0.0,820.0,Retail
CUST_14132,2025-03-26,Savings,18521.03,578.0,Healthcare
CUST_14133,2025-03-02,Checking,0.0,344.0,Healthcare
CUST_14134,2025-01-03,Investment,16718.86,524.0,Unemployed
CUST_14135,2025-05-08,Savings,22161.39,827.0,Retail
CUST_14136,2025-06-28,Savings,40051.2,540.0,Healthcare
CUST_14137,2025-03-27,Checking,0.0,781.0,Retail
CUST_14138,2025-02-16,Credit Card,0.0,394.0,Finance
CUST_14139,2025-03-17,Investment,5799.92,664.0,Unemployed
CUST_14140,2025-02-07,Investment,4681.04,484.0,Unknown
CUST_14141,2025-06-13,Credit Card,17519.35,435.0,Retail
CUST_14142,2025-06-18,Savings,12836.96,324.0,Education
CUST_14143,2025-05-21,Savings,-278.23,617.0,Tech
CUST_14144,2025-03-28,Savings,3528.72,632.0,Finance
CUST_14145,2025-02-27,Savings,18999.81,399.0,Unemployed
CUST_14146,2025-02-19,Credit Card,0.0,669.0,NA
CUST_14147,2025-01-30,Checking,1494.52,311.0,Unemployed
CUST_14148,2025-04-11,Savings,13320.85,376.0,Education
CUST_14149,2025-01-25,Credit Card,0.0,647.0,Finance
CUST_14150,2025-04-22,Savings,0.0,742.0,Education
CUST_14151,2025-06-04,Checking,26698.65,387.0,Unknown
CUST_14152,2025-06-28,Checking,4692.9,764.0,Healthcare
CUST_14153,2025-05-06,Checking,0.0,793.0,Retail
CUST_14154,2025-05-03,Checking,18806.29,521.0,Education
CUST_14155,2025-02-16,Savings,1875.38,814.0,Education
CUST_14156,2025-04-28,Checking,0.0,417.0,Unknown
CUST_14157,2025-02-08,Credit Card,10545.93,435.0,Healthcare
CUST_14158,2025-01-16,Investment,5773.3,486.0,Unknown
CUST_14159,2025-01-22,Checking,0.0,841.0,Tech
CUST_14160,2025-02-23,Checking,0.0,610.0,Unknown
CUST_14161,2025-05-29,Credit Card,0.0,678.0,Tech
CUST_14162,2025-01-16,Investment,16033.28,711.0,Retail
CUST_14163,2025-02-28,Savings,0.0,720.0,Healthcare
CUST_14164,2025-01-31,Checking,0.0,516.0,Unknown
CUST_14165,2025-06-19,Credit Card,6517.31,370.0,Unknown
CUST_14166,2025-02-01,Checking,26883.25,409.0,Finance
CUST_14167,2025-06-11,Savings,6993.5,584.0,Education
CUST_14168,2025-01-09,Checking,13822.6,597.0,Retail
CUST_14169,2025-05-19,Savings,6533.13,798.0,Tech
CUST_14170,2025-01-10,Checking,18596.55,829.0,Finance
CUST_14171,2025-01-17,Checking,34063.44,497.0,Unemployed
CUST_14172,2025-03-09,Credit Card,0.0,806.0,Healthcare
CUST_14173,2025-02-17,Checking,5210.61,788.0,Unemployed
CUST_14174,2025-06-29,Savings,7602.92,326.0,Education
CUST_14175,2025-04-21,Savings,12947.15,417.0,Unemployed
CUST_14176,2025-06-02,Credit Card,6986.22,353.0,Unemployed
CUST_14177,2025-05-03,Savings,0.0,803.0,Education
CUST_14178,2025-05-29,Checking,4893.56,451.0,Tech
CUST_14179,2025-04-11,Savings,41475.09,778.0,Unemployed
CUST_14180,2025-04-12,Credit Card,9708.26,461.0,Unknown
CUST_14181,2025-03-06,Checking,0.0,515.0,Tech
CUST_14182,2025-02-20,Savings,0.0,719.0,Retail
CUST_14183,2025-02-05,Savings,5200.93,647.0,Unemployed
CUST_14184,2025-03-22,Credit Card,2891.38,639.0,Unemployed
CUST_14185,2025-05-07,Checking,3973.42,651.0,Education
CUST_14186,2025-03-29,Credit Card,9294.01,674.0,Education
CUST_14187,2025-04-14,Credit Card,12629.17,836.0,Unemployed
CUST_14188,2025-01-15,Investment,8882.55,602.0,Unemployed
CUST_14189,2025-04-06,Savings,19259.37,541.0,Unknown
CUST_14190,2025-06-16,Investment,0.0,677.0,Education
CUST_14191,2025-05-03,Savings,1210.14,688.0,Education
CUST_14192,2025-01-01,Savings,11514.01,586.0,Finance
CUST_14193,2025-05-31,Credit Card,8842.45,458.0,Healthcare
CUST_14194,2025-05-02,Savings,0.0,653.0,Finance
CUST_14195,2025-06-16,Savings,0.0,754.0,Unemployed
CUST_14196,2025-05-06,Savings,0.0,540.0,Healthcare
CUST_14197,2025-02-26,Checking,19650.0,511.0,Finance
CUST_14198,2025-03-22,Checking,0.0,662.0,Retail
CUST_14199,2025-06-11,Credit Card,0.0,,Healthcare
CUST_14200,2025-06-18,Credit Card,11279.63,808.0,Education
CUST_14201,2025-03-14,Checking,13147.63,576.0,Healthcare
CUST_14202,2025-05-21,Savings,0.0,564.0,Education
CUST_14203,2025-03-11,Investment,14396.6,659.0,Retail
CUST_14204,2025-01-06,Savings,7707.57,435.0,Unknown
CUST_14205,2025-03-25,Savings,12734.94,727.0,Unemployed
CUST_14206,2025-02-21,Savings,6086.8,328.0,Unknown
CUST_14207,2025-01-03,Checking,11382.07,629.0,Healthcare
CUST_14208,2025-03-22,Savings,11900.42,333.0,Tech
CUST_14209,2025-03-04,Savings,12078.66,803.0,Education
CUST_14210,2025-02-18,Savings,8660.99,403.0,Healthcare
CUST_14211,2025-03-17,Savings,3716.57,793.0,Finance
CUST_14212,2025-04-22,Checking,3805.37,670.0,Unknown
CUST_14213,2025-06-24,Credit Card,8452.49,687.0,Healthcare
CUST_14214,2025-04-19,Credit Card,17381.21,536.0,Education
CUST_14215,2025-03-06,Savings,34471.12,389.0,Tech
CUST_14216,2025-03-22,Savings,12927.02,632.0,Tech
CUST_14217,2025-01-15,Investment,10661.11,676.0,Unknown
CUST_14218,2025-04-10,Savings,23231.45,539.0,Finance
CUST_14219,2025-02-01,Credit Card,10946.9,481.0,Retail
CUST_14220,2025-04-06,Savings,0.0,556.0,Tech
CUST_14221,2025-05-08,Investment,0.0,488.0,Unemployed
CUST_14222,2025-05-26,Savings,32433.8,714.0,Retail
CUST_14223,2025-04-23,Checking,0.0,554.0,Education
CUST_14224,2025-03-24,Credit Card,13552.21,344.0,Healthcare
CUST_14225,2025-02-12,Checking,0.0,500.0,Retail
CUST_14226,2025-04-26,Savings,24264.41,658.0,Unemployed
CUST_14227,2025-06-12,Checking,0.0,642.0,Education
CUST_14228,2025-03-19,Credit Card,6241.69,511.0,Education
CUST_14229,2025-02-27,Savings,1576.39,597.0,Unknown
CUST_14230,2025-02-02,Savings,12573.0,454.0,Education
CUST_14231,2025-01-14,Checking,7573.18,496.0,Unemployed
CUST_14232,2025-06-11,Savings,18649.46,781.0,Finance
CUST_14233,2025-05-12,Checking,14829.0,678.0,Unemployed
CUST_14234,2025-02-28,Savings,9227.47,666.0,Finance
CUST_14235,2025-06-06,Checking,14770.8,836.0,Retail
CUST_14236,2025-03-24,Savings,15505.54,370.0,Education
CUST_14237,2025-05-14,Checking,0.0,327.0,Retail
CUST_14238,2025-05-01,Savings,0.0,692.0,Tech
CUST_14239,2025-06-26,Savings,28281.43,822.0,Retail
CUST_14240,2025-06-17,Savings,15594.25,648.0,Healthcare
CUST_14241,2025-03-24,Investment,11065.99,417.0,Education
CUST_14242,2025-01-27,Savings,0.0,,Retail
CUST_14243,2025-03-21,Credit Card,0.0,507.0,Finance
CUST_14244,2025-05-14,Savings,609.97,722.0,Healthcare
CUST_14245,2025-01-13,Savings,0.0,392.0,Retail
CUST_14246,2025-03-05,Checking,345.12,440.0,Retail
CUST_14247,2025-05-27,Checking,17792.85,654.0,Unknown
CUST_14248,2025-03-21,Investment,27911.14,822.0,Retail
CUST_14249,2025-05-03,Investment,21641.99,368.0,Unemployed
CUST_14250,2025-02-12,Credit Card,0.0,423.0,Unemployed
CUST_14251,2025-03-30,Checking,13072.61,718.0,Unemployed
CUST_14252,2025-05-28,Checking,0.0,822.0,Finance
CUST_14253,2025-04-05,Savings,0.0,640.0,Retail
CUST_14254,2025-06-21,Investment,3853.11,604.0,Unemployed
CUST_14255,2025-05-31,Checking,23910.88,456.0,Tech
CUST_14256,2025-01-02,Checking,-20.42,387.0,Tech
CUST_14257,2025-04-30,Savings,17498.37,527.0,Tech
CUST_14258,2025-01-22,Savings,0.0,664.0,Retail
CUST_14259,2025-04-25,Investment,15327.48,565.0,Healthcare
CUST_14260,2025-02-26,Savings,1346.01,383.0,Unknown
CUST_14261,2025-03-13,Checking,27850.53,511.0,Unknown
CUST_14262,2025-01-07,Savings,300.16,517.0,Finance
CUST_14263,2025-04-29,Credit Card,0.0,450.0,Tech
CUST_14264,2025-04-24,Savings,27072.31,439.0,Tech
CUST_14265,2025-01-16,Credit Card,0.0,354.0,Unemployed
CUST_14266,2025-03-24,Savings,8192.49,440.0,Healthcare
CUST_14267,2025-06-28,Credit Card,0.0,373.0,Tech
CUST_14268,2025-03-13,Credit Card,18861.45,434.0,Finance
CUST_14269,2025-05-04,Savings,24453.2,325.0,Healthcare
CUST_14270,2025-04-23,Checking,0.0,787.0,Education
CUST_14271,2025-01-12,Savings,13195.08,734.0,Finance
CUST_14272,2025-05-06,Savings,14587.35,361.0,Finance
CUST_14273,2025-02-22,Credit Card,6893.01,499.0,Retail
CUST_14274,2025-03-16,Checking,27883.87,789.0,Education
CUST_14275,2025-05-13,Savings,27770.39,792.0,Education
CUST_14276,2025-01-27,Savings,0.0,767.0,Unknown
CUST_14277,2025-05-20,Savings,23129.87,415.0,Healthcare
CUST_14278,2025-05-25,Credit Card,12599.23,670.0,Tech
CUST_14279,2025-05-14,Savings,8660.11,531.0,Education
CUST_14280,2025-04-07,Investment,1517.12,747.0,Healthcare
CUST_14281,2025-01-05,Investment,0.0,513.0,Education
CUST_14282,2025-02-26,Savings,9245.32,507.0,Unemployed
CUST_14283,2025-06-05,Savings,9618.01,401.0,Finance
CUST_14284,2025-03-19,Credit Card,34921.01,309.0,Unemployed
CUST_14285,2025-03-10,Savings,0.0,772.0,Education
CUST_14286,2025-04-28,Savings,0.0,422.0,Tech
CUST_14287,2025-04-30,Savings,0.0,303.0,Healthcare
CUST_14288,2025-02-28,Checking,28868.35,766.0,Tech
CUST_14289,2025-02-02,Credit Card,0.0,558.0,Retail
CUST_14290,2025-03-03,Savings,25457.38,586.0,Tech
CUST_14291,2025-02-19,Savings,5093.85,330.0,Tech
CUST_14292,2025-04-22,Investment,0.0,820.0,Healthcare
CUST_14293,2025-01-19,Credit Card,35019.77,423.0,Unemployed
CUST_14294,2025-05-03,Checking,24766.65,429.0,Finance
CUST_14295,2025-02-16,Credit Card,2307.25,,Unemployed
CUST_14296,2025-06-16,Checking,19951.97,779.0,Education
CUST_14297,2025-02-02,Credit Card,6845.94,841.0,Education
CUST_14298,2025-05-21,Savings,11563.81,376.0,Unknown
CUST_14299,2025-03-25,Savings,31434.82,482.0,Healthcare
CUST_14300,2025-05-15,Credit Card,0.0,665.0,Healthcare
CUST_14301,2025-03-20,Checking,-379.58,591.0,Unemployed
CUST_14302,2025-01-14,Investment,5438.17,688.0,Unknown
CUST_14303,2025-05-27,Savings,10017.4,456.0,Finance
CUST_14304,2025-05-08,Investment,0.0,399.0,Finance
CUST_14305,2025-02-23,Investment,18753.94,409.0,Retail
CUST_14306,2025-05-28,Savings,0.0,569.0,Education
CUST_14307,2025-01-29,Credit Card,0.0,437.0,Education
CUST_14308,2025-01-24,Checking,1238.22,363.0,Unknown
CUST_14309,2025-03-23,Investment,33432.54,806.0,Retail
CUST_14310,2025-03-04,Checking,43124.62,649.0,Healthcare
CUST_14311,2025-04-15,Credit Card,12327.83,446.0,Unknown
CUST_14312,2025-02-26,Checking,1427.03,634.0,Education
CUST_14313,2025-05-16,Savings,7344.69,831.0,Tech
CUST_14314,2025-03-03,Savings,10023.65,706.0,Healthcare
CUST_14315,2025-06-06,Checking,26995.98,643.0,Unknown
CUST_14316,2025-01-17,Credit Card,0.0,820.0,Healthcare
CUST_14317,2025-03-07,Checking,22916.97,435.0,NA
CUST_14318,2025-01-06,Checking,0.0,338.0,Unemployed
CUST_14319,2025-02-27,Savings,0.0,619.0,Unknown
CUST_14320,2025-03-10,Checking,4961.44,586.0,Retail
CUST_14321,2025-06-05,Savings,11167.19,762.0,Unemployed
CUST_14322,2025-03-03,Credit Card,4945.93,651.0,Unemployed
CUST_14323,2025-06-18,Investment,7625.98,304.0,Healthcare
CUST_14324,2025-03-23,Checking,5606.6,535.0,Finance
CUST_14325,2025-06-18,Savings,0.0,535.0,Tech
CUST_14326,2025-06-26,Savings,13627.03,800.0,Tech
CUST_14327,2025-06-26,Checking,17169.58,404.0,Education
CUST_14328,2025-03-12,Checking,25139.8,506.0,Retail
CUST_14329,2025-05-11,Credit Card,32706.01,538.0,Retail
CUST_14330,2025-01-10,Savings,11162.51,351.0,Finance
CUST_14331,2025-04-08,Credit Card,26172.68,407.0,Education
CUST_14332,2025-03-30,Checking,5271.5,656.0,Unemployed
CUST_14333,2025-02-04,Savings,0.0,332.0,Retail
CUST_14334,2025-01-02,Checking,19416.29,321.0,Education
CUST_14335,2025-05-04,Savings,16092.85,606.0,Finance
CUST_14336,2025-01-24,Checking,5009.4,310.0,Education
CUST_14337,2025-03-15,Credit Card,4065.77,741.0,Unknown
CUST_14338,2025-06-15,Checking,12169.99,497.0,Healthcare
CUST_14339,2025-01-22,Credit Card,-63.5,828.0,Healthcare
CUST_14340,2025-06-03,Checking,11633.86,343.0,Healthcare
CUST_14341,2025-06-20,Savings,0.0,484.0,Healthcare
CUST_14342,2025-02-08,Checking,0.0,688.0,Tech
CUST_14343,2025-06-06,Checking,0.0,806.0,Unemployed
CUST_14344,2025-01-20,Savings,38660.88,741.0,Tech
CUST_14345,2025-02-10,Savings,6096.23,795.0,Retail
CUST_14346,2025-05-28,Checking,23123.85,804.0,Tech
CUST_14347,2025-04-18,Savings,0.0,436.0,Unemployed
CUST_14348,2025-05-27,Savings,2274.7,578.0,Unknown
CUST_14349,2025-03-25,Checking,13272.48,463.0,Education
CUST_14350,2025-04-21,Savings,27068.93,842.0,Education
CUST_14351,2025-03-07,Investment,0.0,322.0,Tech
CUST_14352,2025-06-07,Savings,0.0,806.0,NA
CUST_14353,2025-02-22,Credit Card,0.0,809.0,Unemployed
CUST_14354,2025-02-03,Checking,3190.8,743.0,Retail
CUST_14355,2025-05-30,Credit Card,0.0,441.0,Finance
CUST_14356,2025-03-08,Savings,0.0,580.0,Tech
CUST_14357,2025-05-14,Investment,8880.19,506.0,Healthcare
CUST_14358,2025-01-27,Checking,15058.95,601.0,Education
CUST_14359,2025-01-10,Credit Card,0.0,696.0,Education
CUST_14360,2025-03-14,Savings,0.0,617.0,Finance
CUST_14361,2025-04-06,Savings,3500.79,347.0,Retail
CUST_14362,2025-02-17,Checking,30601.29,689.0,Unknown
CUST_14363,2025-03-11,Savings,0.0,678.0,Education
CUST_14364,2025-04-10,Checking,11674.57,516.0,Healthcare
CUST_14365,2025-02-28,Savings,15188.8,550.0,NA
CUST_14366,2025-01-02,Checking,0.0,733.0,Unknown
CUST_14367,2025-06-06,Investment,-238.44,583.0,Education
CUST_14368,2025-03-06,Checking,9994.85,782.0,Unemployed
CUST_14369,2025-03-24,Credit Card,4555.48,566.0,Unemployed
CUST_14370,2025-06-03,Checking,30485.91,545.0,Healthcare
CUST_14371,2025-01-10,Checking,6539.68,457.0,Unknown
CUST_14372,2025-02-22,Investment,17918.35,656.0,Unemployed
CUST_14373,2025-03-20,Credit Card,11753.87,847.0,Education
CUST_14374,2025-02-28,Credit Card,15411.78,535.0,Healthcare
CUST_14375,2025-05-30,Savings,0.0,759.0,Unemployed
CUST_14376,2025-06-28,Checking,8017.84,399.0,Unknown
CUST_14377,2025-02-17,Savings,4016.54,418.0,Finance
CUST_14378,2025-05-29,Checking,0.0,653.0,Unknown
CUST_14379,2025-05-03,Checking,18875.26,387.0,Unknown
CUST_14380,2025-01-22,Credit Card,0.0,335.0,Retail
CUST_14381,2025-04-10,Credit Card,25204.31,613.0,Tech
CUST_14382,2025-04-08,Checking,0.0,839.0,Unemployed
CUST_14383,2025-06-07,Savings,2694.1,621.0,Tech
CUST_14384,2025-01-25,Credit Card,19117.43,726.0,Retail
CUST_14385,2025-01-28,Savings,0.0,816.0,Education
CUST_14386,2025-04-23,Checking,11356.1,308.0,Finance
CUST_14387,2025-02-14,Savings,9734.33,658.0,Healthcare
CUST_14388,2025-03-09,Savings,9899.48,777.0,Unknown
CUST_14389,2025-01-07,Investment,-230.52,356.0,Finance
CUST_14390,2025-02-18,Savings,0.0,582.0,Retail
CUST_14391,2025-05-17,Checking,0.0,744.0,Education
CUST_14392,2025-06-13,Savings,3440.25,760.0,Education
CUST_14393,2025-03-24,Investment,18762.66,789.0,Unknown
CUST_14394,2025-05-09,Credit Card,0.0,658.0,Retail
CUST_14395,2025-05-18,Savings,0.0,364.0,Finance
CUST_14396,2025-06-13,Savings,28844.92,728.0,Tech
CUST_14397,2025-03-14,Checking,2547.52,756.0,Finance
CUST_14398,2025-02-15,Savings,10282.4,435.0,Unemployed
CUST_14399,2025-04-16,Checking,13035.78,347.0,Education
CUST_14400,2025-06-09,Savings,2537.73,493.0,Education
CUST_14401,2025-02-01,Savings,15218.84,416.0,Unknown
CUST_14402,2025-01-06,Checking,19841.02,463.0,Unemployed
CUST_14403,2025-06-25,Savings,18553.57,778.0,Unknown
CUST_14404,2025-06-15,Credit Card,20230.72,586.0,Unemployed
CUST_14405,2025-05-25,Savings,0.0,835.0,Unknown
CUST_14406,2025-03-15,Savings,0.0,793.0,Retail
CUST_14407,2025-04-24,Investment,0.0,704.0,Finance
CUST_14408,2025-01-27,Checking,0.0,395.0,Tech
CUST_14409,2025-02-23,Credit Card,0.0,796.0,Finance
CUST_14410,2025-06-27,Savings,18343.46,553.0,Unemployed
CUST_14411,2025-06-12,Checking,6603.71,713.0,Education
CUST_14412,2025-03-26,Credit Card,2947.22,670.0,Finance
CUST_14413,2025-05-07,Savings,1616.56,542.0,Education
CUST_14414,2025-06-02,Credit Card,0.0,672.0,Education
CUST_14415,2025-06-05,Checking,1371.0,338.0,Healthcare
CUST_14416,2025-04-21,Savings,25813.85,652.0,Unknown
CUST_14417,2025-01-15,Checking,0.0,725.0,Tech
CUST_14418,2025-05-12,Checking,24116.72,376.0,Retail
CUST_14419,2025-04-03,Savings,39405.16,809.0,Unemployed
CUST_14420,2025-05-03,Checking,24002.65,816.0,Tech
CUST_14421,2025-03-14,Savings,0.0,439.0,Finance
CUST_14422,2025-06-04,Checking,0.0,551.0,Unemployed
CUST_14423,2025-06-03,Credit Card,20499.49,616.0,Unemployed
CUST_14424,2025-05-27,Checking,1270.16,719.0,Healthcare
CUST_14425,2025-04-02,Investment,0.0,374.0,Education
CUST_14426,2025-01-17,Savings,3485.29,328.0,Tech
CUST_14427,2025-02-12,Checking,0.0,340.0,Education
CUST_14428,2025-05-01,Credit Card,3046.13,840.0,Education
CUST_14429,2025-02-10,Checking,0.0,791.0,Healthcare
CUST_14430,2025-06-19,Checking,15837.11,399.0,Unemployed
CUST_14431,2025-06-27,Savings,0.0,619.0,Unemployed
CUST_14432,2025-06-17,Savings,5772.54,822.0,Unknown
CUST_14433,2025-02-08,Savings,0.0,488.0,Tech
CUST_14434,2025-04-23,Investment,10730.76,749.0,Healthcare
CUST_14435,2025-05-31,Savings,17335.01,393.0,Unknown
CUST_14436,2025-04-21,Credit Card,9297.48,480.0,Education
CUST_14437,2025-06-29,Checking,0.0,620.0,Tech
CUST_14438,2025-02-16,Savings,0.0,582.0,Unemployed
CUST_14439,2025-03-04,Checking,40398.5,690.0,Education
CUST_14440,2025-04-20,Credit Card,19227.71,620.0,Education
CUST_14441,2025-03-10,Credit Card,2032.13,324.0,Tech
CUST_14442,2025-02-12,Savings,0.0,559.0,Retail
CUST_14443,2025-06-25,Savings,0.0,796.0,Healthcare
CUST_14444,2025-02-03,Savings,21923.5,512.0,Finance
CUST_14445,2025-02-09,Savings,0.0,414.0,Unemployed
CUST_14446,2025-03-02,Checking,20806.03,751.0,Education
CUST_14447,2025-06-27,Credit Card,17411.97,789.0,Unemployed
CUST_14448,2025-03-03,Savings,25292.03,827.0,Healthcare
CUST_14449,2025-02-27,Credit Card,16382.59,684.0,Healthcare
CUST_14450,2025-06-10,Checking,1852.37,717.0,Tech
CUST_14451,2025-03-16,Savings,5238.61,518.0,Tech
CUST_14452,2025-01-16,Savings,5368.03,362.0,Unknown
CUST_14453,2025-03-23,Credit Card,968.81,649.0,Tech
CUST_14454,2025-04-04,Credit Card,0.0,689.0,Healthcare
CUST_14455,2025-02-17,Checking,0.0,676.0,Tech
CUST_14456,2025-05-18,Savings,16382.44,365.0,Finance
CUST_14457,2025-03-23,Savings,2286.17,418.0,Healthcare
CUST_14458,2025-02-07,Savings,19400.59,307.0,Tech
CUST_14459,2025-05-07,Checking,0.0,326.0,Unknown
CUST_14460,2025-01-19,Credit Card,4982.76,589.0,Education
CUST_14461,2025-06-13,Savings,18942.93,327.0,Healthcare
CUST_14462,2025-03-04,Credit Card,28330.07,458.0,Retail
CUST_14463,2025-03-18,Checking,257.31,444.0,Retail
CUST_14464,2025-06-23,Checking,0.0,766.0,Healthcare
CUST_14465,2025-05-11,Investment,23195.12,407.0,Healthcare
CUST_14466,2025-04-12,Savings,693.71,738.0,Retail
CUST_14467,2025-03-06,Investment,0.0,502.0,Education
CUST_14468,2025-04-30,Savings,0.0,600.0,Education
CUST_14469,2025-04-01,Savings,0.0,737.0,Education
CUST_14470,2025-01-08,Credit Card,16606.18,310.0,Finance
CUST_14471,2025-06-28,Investment,0.0,402.0,Unemployed
CUST_14472,2025-03-14,Checking,6530.77,785.0,Unemployed
CUST_14473,2025-05-14,Checking,8745.63,409.0,Unknown
CUST_14474,2025-04-17,Credit Card,0.0,392.0,Finance
CUST_14475,2025-03-30,Credit Card,28806.99,,Unknown
CUST_14476,2025-02-08,Savings,18475.01,806.0,Education
CUST_14477,2025-04-23,Credit Card,0.0,476.0,Retail
CUST_14478,2025-01-28,Checking,3407.8,738.0,Finance
CUST_14479,2025-04-07,Checking,18414.36,810.0,Tech
CUST_14480,2025-02-06,Checking,6200.41,408.0,Unemployed
CUST_14481,2025-05-17,Checking,26023.67,371.0,Finance
CUST_14482,2025-03-23,Investment,13493.15,788.0,Retail
CUST_14483,2025-02-25,Checking,8793.25,580.0,Retail
CUST_14484,2025-03-26,Investment,8664.15,513.0,Healthcare
CUST_14485,2025-01-02,Savings,52233.45,756.0,Retail
CUST_14486,2025-02-27,Credit Card,0.0,717.0,Unknown
CUST_14487,2025-04-17,Credit Card,0.0,809.0,Education
CUST_14488,2025-05-03,Checking,1378.35,622.0,Unknown
CUST_14489,2025-06-17,Checking,26070.32,477.0,Retail
CUST_14490,2025-06-13,Checking,0.0,403.0,Finance
CUST_14491,2025-04-24,Credit Card,0.0,418.0,Finance
CUST_14492,2025-04-17,Credit Card,0.0,356.0,Finance
CUST_14493,2025-02-06,Savings,36802.4,708.0,Retail
CUST_14494,2025-03-20,Credit Card,5381.61,357.0,Education
CUST_14495,2025-04-02,Checking,0.0,416.0,Unemployed
CUST_14496,2025-01-18,Savings,17330.73,724.0,Education
CUST_14497,2025-04-08,Credit Card,29928.95,320.0,Healthcare
CUST_14498,2025-03-04,Checking,0.0,378.0,Tech
CUST_14499,2025-05-30,Credit Card,11816.08,407.0,Education
CUST_14500,2025-05-19,Savings,7351.36,570.0,Unknown
CUST_14501,2025-01-04,Savings,13583.98,775.0,Unemployed
CUST_14502,2025-05-15,Checking,0.0,369.0,Unemployed
CUST_14503,2025-03-02,Savings,14429.47,686.0,NA
CUST_14504,2025-04-17,Credit Card,17577.02,465.0,Healthcare
CUST_14505,2025-02-23,Savings,15714.49,357.0,Unemployed
CUST_14506,2025-03-29,Checking,0.0,750.0,Education
CUST_14507,2025-03-09,Savings,0.0,544.0,Education
CUST_14508,2025-05-09,Savings,0.0,344.0,Unknown
CUST_14509,2025-02-24,Credit Card,9012.31,682.0,Tech
CUST_14510,2025-01-03,Savings,13387.99,,Tech
CUST_14511,2025-06-15,Checking,0.0,847.0,Tech
CUST_14512,2025-05-01,Investment,9863.56,538.0,Education
CUST_14513,2025-05-09,Checking,19185.94,407.0,Unemployed
CUST_14514,2025-04-12,Credit Card,15020.01,507.0,Unknown
CUST_14515,2025-02-07,Savings,0.0,601.0,Education
CUST_14516,2025-03-26,Savings,0.0,729.0,Finance
CUST_14517,2025-06-06,Credit Card,0.0,647.0,Retail
CUST_14518,2025-05-13,Credit Card,31104.86,406.0,Tech
CUST_14519,2025-04-02,Checking,12110.44,827.0,Finance
CUST_14520,2025-01-21,Checking,0.0,705.0,Finance
CUST_14521,2025-04-19,Checking,23399.69,555.0,Unemployed
CUST_14522,2025-02-16,Savings,14878.23,600.0,Healthcare
CUST_14523,2025-03-25,Credit Card,22914.42,444.0,Finance
CUST_14524,2025-03-24,Checking,0.0,823.0,Tech
CUST_14525,2025-02-04,Checking,0.0,659.0,Retail
CUST_14526,2025-03-10,Credit Card,0.0,823.0,Unknown
CUST_14527,2025-05-09,Savings,36757.72,783.0,Finance
CUST_14528,2025-05-20,Savings,0.0,,Unknown
CUST_14529,2025-01-27,Credit Card,0.0,595.0,Education
CUST_14530,2025-02-25,Credit Card,0.0,392.0,Education
CUST_14531,2025-01-23,Checking,122.61,429.0,Finance
CUST_14532,2025-06-02,Savings,28339.31,783.0,Tech
CUST_14533,2025-01-21,Savings,9152.59,708.0,Unemployed
CUST_14534,2025-03-02,Checking,23503.26,640.0,Unemployed
CUST_14535,2025-03-04,Savings,9279.56,513.0,Retail
CUST_14536,2025-05-02,Credit Card,2296.46,629.0,Retail
CUST_14537,2025-02-21,Investment,0.0,474.0,Tech
CUST_14538,2025-03-29,Credit Card,28910.43,743.0,Education
CUST_14539,2025-06-02,Savings,19864.42,500.0,Education
CUST_14540,2025-02-24,Credit Card,21229.22,397.0,Unemployed
CUST_14541,2025-02-15,Savings,18877.46,402.0,Unknown
CUST_14542,2025-02-01,Savings,0.0,450.0,Unemployed
CUST_14543,2025-02-24,Savings,8975.11,567.0,Healthcare
CUST_14544,2025-04-06,Savings,21302.95,651.0,Finance
CUST_14545,2025-05-13,Investment,19165.05,,Unemployed
CUST_14546,2025-02-05,Savings,7348.87,,Finance
CUST_14547,2025-04-20,Savings,34624.8,315.0,Unemployed
CUST_14548,2025-06-26,Investment,12994.66,755.0,Unknown
CUST_14549,2025-04-16,Savings,24829.88,478.0,Education
CUST_14550,2025-02-27,Credit Card,8002.18,433.0,Finance
CUST_14551,2025-02-08,Savings,0.0,557.0,Tech
CUST_14552,2025-03-21,Savings,19537.74,361.0,Retail
CUST_14553,2025-04-07,Investment,16002.78,781.0,Unemployed
CUST_14554,2025-04-23,Savings,10196.96,776.0,Healthcare
CUST_14555,2025-03-02,Checking,0.0,341.0,Tech
CUST_14556,2025-05-17,Savings,20164.42,672.0,Tech
CUST_14557,2025-01-06,Savings,0.0,672.0,Tech
CUST_14558,2025-04-19,Savings,16660.35,598.0,Finance
CUST_14559,2025-02-04,Savings,0.0,351.0,Retail
CUST_14560,2025-02-08,Savings,0.0,678.0,Unknown
CUST_14561,2025-05-30,Credit Card,9381.36,611.0,Unknown
CUST_14562,2025-06-18,Checking,13684.48,358.0,Healthcare
CUST_14563,2025-04-28,Savings,8250.31,603.0,Education
CUST_14564,2025-01-05,Checking,0.0,334.0,Tech
CUST_14565,2025-06-19,Investment,21698.15,792.0,Tech
CUST_14566,2025-03-28,Investment,7082.37,790.0,Unknown
CUST_14567,2025-03-17,Credit Card,7900.63,520.0,Tech
CUST_14568,2025-06-07,Credit Card,2637.29,422.0,Education
CUST_14569,2025-02-26,Savings,0.0,401.0,Unknown
CUST_14570,2025-05-07,Savings,21900.15,814.0,Unemployed
CUST_14571,2025-01-29,Checking,0.0,612.0,Finance
CUST_14572,2025-06-14,Checking,30461.18,805.0,Finance
CUST_14573,2025-03-28,Checking,0.0,793.0,Retail
CUST_14574,2025-05-21,Checking,9843.98,498.0,Finance
CUST_14575,2025-06-09,Investment,6043.22,812.0,Finance
CUST_14576,2025-02-15,Credit Card,3310.7,629.0,Healthcare
CUST_14577,2025-04-26,Checking,15228.85,626.0,Healthcare
CUST_14578,2025-04-22,Credit Card,16846.79,309.0,Unknown
CUST_14579,2025-05-31,Savings,13039.47,426.0,Finance
CUST_14580,2025-02-14,Savings,0.0,530.0,Healthcare
CUST_14581,2025-05-25,Savings,0.0,314.0,Unemployed
CUST_14582,2025-04-14,Checking,0.0,786.0,Retail
CUST_14583,2025-03-26,Savings,1338.72,741.0,Finance
CUST_14584,2025-05-14,Credit Card,36730.15,573.0,Healthcare
CUST_14585,2025-04-18,Savings,4262.39,302.0,Education
CUST_14586,2025-01-18,Checking,36513.74,625.0,Healthcare
CUST_14587,2025-04-04,Savings,4498.94,552.0,Healthcare
CUST_14588,2025-05-30,Savings,7399.82,833.0,Unknown
CUST_14589,2025-02-02,Credit Card,13936.58,354.0,Education
CUST_14590,2025-06-07,Checking,634.71,747.0,NA
CUST_14591,2025-05-06,Investment,8409.33,,Education
CUST_14592,2025-06-09,Investment,0.0,672.0,Retail
CUST_14593,2025-06-19,Savings,0.0,768.0,Unemployed
CUST_14594,2025-05-02,Savings,0.0,435.0,Unknown
CUST_14595,2025-05-18,Credit Card,15878.6,545.0,Education
CUST_14596,2025-04-25,Investment,0.0,369.0,Retail
CUST_14597,2025-06-13,Checking,26175.08,780.0,Retail
CUST_14598,2025-06-11,Credit Card,10340.34,829.0,Tech
CUST_14599,2025-01-28,Credit Card,19391.15,789.0,Unknown
CUST_14600,2025-01-11,Savings,0.0,802.0,Tech
CUST_14601,2025-06-16,Checking,0.0,416.0,Healthcare
CUST_14602,2025-02-16,Credit Card,-215.85,556.0,Education
CUST_14603,2025-05-07,Checking,20962.76,727.0,Retail
CUST_14604,2025-05-27,Savings,36725.78,414.0,Tech
CUST_14605,2025-04-28,Savings,12625.48,,Healthcare
CUST_14606,2025-05-23,Savings,0.0,361.0,Healthcare
CUST_14607,2025-05-06,Savings,0.0,796.0,Healthcare
CUST_14608,2025-06-05,Investment,0.0,379.0,Tech
CUST_14609,2025-06-01,Savings,3062.45,784.0,Unemployed
CUST_14610,2025-03-13,Savings,841.45,321.0,Finance
CUST_14611,2025-04-17,Savings,2950.84,623.0,Unknown
CUST_14612,2025-05-17,Checking,0.0,816.0,Unknown
CUST_14613,2025-06-24,Checking,0.0,560.0,Unemployed
CUST_14614,2025-02-02,Savings,6411.73,428.0,Unemployed
CUST_14615,2025-01-19,Savings,12266.16,583.0,Healthcare
CUST_14616,2025-03-15,Savings,0.0,346.0,Unknown
CUST_14617,2025-06-17,Checking,12105.73,487.0,Unknown
CUST_14618,2025-06-24,Savings,19201.54,318.0,Finance
CUST_14619,2025-06-06,Investment,0.0,307.0,Finance
CUST_14620,2025-06-27,Checking,28635.23,336.0,Finance
CUST_14621,2025-04-08,Savings,15533.06,371.0,Healthcare
CUST_14622,2025-05-21,Credit Card,19341.94,680.0,Retail
CUST_14623,2025-05-09,Savings,0.0,565.0,Finance
CUST_14624,2025-06-11,Checking,16807.24,366.0,Tech
CUST_14625,2025-04-03,Savings,18531.14,363.0,Tech
CUST_14626,2025-06-25,Checking,0.0,329.0,Finance
CUST_14627,2025-02-17,Credit Card,16698.12,315.0,Finance
CUST_14628,2025-06-26,Investment,2927.61,577.0,Finance
CUST_14629,2025-03-05,Savings,0.0,576.0,Unknown
CUST_14630,2025-03-02,Savings,2053.29,520.0,Tech
CUST_14631,2025-06-06,Checking,7524.09,492.0,Education
CUST_14632,2025-02-08,Investment,460.95,323.0,Retail
CUST_14633,2025-05-08,Investment,0.0,440.0,Education
CUST_14634,2025-03-29,Savings,10894.31,325.0,Tech
CUST_14635,2025-01-26,Savings,13396.68,397.0,Tech
CUST_14636,2025-01-17,Checking,7190.32,575.0,Healthcare
CUST_14637,2025-03-12,Savings,0.0,542.0,Education
CUST_14638,2025-01-13,Savings,0.0,732.0,Finance
CUST_14639,2025-03-10,Savings,0.0,308.0,Unemployed
CUST_14640,2025-01-26,Checking,30966.48,571.0,Unknown
CUST_14641,2025-02-18,Investment,6768.41,331.0,Finance
CUST_14642,2025-01-07,Investment,796.58,778.0,Tech
CUST_14643,2025-02-27,Savings,0.0,427.0,Healthcare
CUST_14644,2025-02-18,Checking,3127.16,316.0,Education
CUST_14645,2025-04-13,Credit Card,16273.0,772.0,Healthcare
CUST_14646,2025-02-22,Savings,0.0,600.0,Retail
CUST_14647,2025-03-03,Checking,8452.48,341.0,Healthcare
CUST_14648,2025-01-17,Checking,0.0,351.0,Retail
CUST_14649,2025-06-20,Savings,11460.05,487.0,Unknown
CUST_14650,2025-01-25,Checking,16986.52,450.0,Education
CUST_14651,2025-05-11,Savings,0.0,543.0,Finance
CUST_14652,2025-01-29,Checking,0.0,790.0,Retail
CUST_14653,2025-04-27,Savings,433.99,426.0,Finance
CUST_14654,2025-06-09,Savings,24306.02,708.0,Unknown
CUST_14655,2025-01-26,Savings,17534.86,643.0,Unknown
CUST_14656,2025-05-04,Credit Card,0.0,397.0,Healthcare
CUST_14657,2025-05-24,Checking,0.0,367.0,Healthcare
CUST_14658,2025-01-25,Checking,0.0,327.0,Unknown
CUST_14659,2025-02-23,Checking,0.0,328.0,Education
CUST_14660,2025-06-05,Checking,16771.61,511.0,Finance
CUST_14661,2025-03-14,Savings,19511.25,779.0,Education
CUST_14662,2025-04-30,Credit Card,0.0,371.0,Retail
CUST_14663,2025-02-25,Savings,0.0,790.0,Healthcare
CUST_14664,2025-03-06,Savings,0.0,409.0,Healthcare
CUST_14665,2025-04-03,Credit Card,0.0,412.0,Healthcare
CUST_14666,2025-03-27,Savings,0.0,696.0,Unemployed
CUST_14667,2025-03-21,Savings,2671.94,531.0,Healthcare
CUST_14668,2025-06-18,Checking,16795.95,342.0,Unknown
CUST_14669,2025-04-18,Checking,15250.38,564.0,Healthcare
CUST_14670,2025-06-28,Credit Card,0.0,345.0,Retail
CUST_14671,2025-04-28,Checking,7277.15,524.0,Retail
CUST_14672,2025-06-06,Checking,14692.27,400.0,Unknown
CUST_14673,2025-03-24,Credit Card,0.0,580.0,Education
CUST_14674,2025-05-27,Savings,7121.25,537.0,Tech
CUST_14675,2025-06-18,Savings,23204.69,545.0,Healthcare
CUST_14676,2025-06-22,Checking,1326.65,398.0,Healthcare
CUST_14677,2025-01-15,Savings,0.0,499.0,Tech
CUST_14678,2025-05-11,Investment,0.0,555.0,Education
CUST_14679,2025-05-19,Credit Card,9662.19,736.0,Retail
CUST_14680,2025-06-23,Savings,6597.75,793.0,Healthcare
CUST_14681,2025-01-30,Savings,7816.02,735.0,Education
CUST_14682,2025-02-26,Savings,12339.31,323.0,Tech
CUST_14683,2025-05-26,Savings,0.0,662.0,Retail
CUST_14684,2025-06-28,Savings,0.0,569.0,Retail
CUST_14685,2025-05-08,Checking,11345.95,527.0,Education
CUST_14686,2025-02-17,Credit Card,16037.96,427.0,Finance
CUST_14687,2025-05-16,Credit Card,1146.72,842.0,Finance
CUST_14688,2025-01-22,Savings,0.0,357.0,Unemployed
CUST_14689,2025-01-06,Savings,10099.46,624.0,Unemployed
CUST_14690,2025-04-14,Checking,5767.01,405.0,Finance
CUST_14691,2025-02-05,Credit Card,0.0,736.0,Unknown
CUST_14692,2025-03-20,Credit Card,0.0,384.0,Tech
CUST_14693,2025-04-26,Investment,13568.78,301.0,Finance
CUST_14694,2025-02-26,Checking,0.0,736.0,Education
CUST_14695,2025-02-18,Checking,7800.47,750.0,Retail
CUST_14696,2025-06-22,Savings,7243.39,740.0,Education
CUST_14697,2025-03-23,Checking,0.0,521.0,Education
CUST_14698,2025-03-07,Savings,11267.96,324.0,Healthcare
CUST_14699,2025-03-18,Checking,0.0,334.0,Tech
CUST_14700,2025-02-14,Checking,0.0,642.0,Retail
CUST_14701,2025-03-20,Savings,0.0,665.0,Healthcare
CUST_14702,2025-01-20,Savings,4951.45,635.0,Unknown
CUST_14703,2025-05-03,Savings,28911.53,732.0,Tech
CUST_14704,2025-03-08,Savings,5615.33,756.0,Retail
CUST_14705,2025-03-24,Savings,31747.38,778.0,Healthcare
CUST_14706,2025-01-03,Savings,26732.33,697.0,Unemployed
CUST_14707,2025-03-05,Savings,12744.29,642.0,Finance
CUST_14708,2025-02-09,Savings,28617.37,579.0,Education
CUST_14709,2025-02-28,Investment,26920.58,651.0,Unemployed
CUST_14710,2025-03-03,Savings,22680.44,496.0,Finance
CUST_14711,2025-05-12,Savings,0.0,524.0,Retail
CUST_14712,2025-03-01,Checking,1448.84,346.0,Unemployed
CUST_14713,2025-04-26,Credit Card,0.0,484.0,Unemployed
CUST_14714,2025-03-16,Checking,22566.96,461.0,Healthcare
CUST_14715,2025-05-02,Savings,391.24,594.0,Healthcare
CUST_14716,2025-04-17,Checking,31284.65,391.0,Healthcare
CUST_14717,2025-04-06,Credit Card,6523.43,467.0,Education
CUST_14718,2025-04-01,Credit Card,4580.72,557.0,Healthcare
CUST_14719,2025-06-07,Checking,0.0,608.0,Tech
CUST_14720,2025-05-10,Credit Card,2230.78,428.0,Tech
CUST_14721,2025-03-03,Credit Card,9031.17,849.0,Tech
CUST_14722,2025-02-18,Checking,4008.82,460.0,Unemployed
CUST_14723,2025-05-17,Checking,0.0,475.0,Finance
CUST_14724,2025-04-02,Checking,0.0,587.0,Retail
CUST_14725,2025-06-08,Credit Card,32315.3,704.0,Finance
CUST_14726,2025-05-04,Savings,34962.68,639.0,Unemployed
CUST_14727,2025-03-02,Investment,0.0,567.0,Finance
CUST_14728,2025-02-17,Savings,17734.55,517.0,Education
CUST_14729,2025-06-02,Checking,0.0,463.0,Unemployed
CUST_14730,2025-06-13,Credit Card,97.56,690.0,Finance
CUST_14731,2025-05-16,Savings,0.0,716.0,Education
CUST_14732,2025-02-27,Checking,20297.51,347.0,Unknown
CUST_14733,2025-04-11,Savings,12267.85,493.0,Tech
CUST_14734,2025-04-22,Savings,15131.71,383.0,Tech
CUST_14735,2025-06-22,Savings,18323.86,346.0,Finance
CUST_14736,2025-03-03,Savings,0.0,533.0,Finance
CUST_14737,2025-02-08,Savings,133.73,598.0,Unknown
CUST_14738,2025-02-27,Investment,11678.49,446.0,Tech
CUST_14739,2025-04-09,Investment,-183.51,495.0,Unknown
CUST_14740,2025-02-13,Savings,6041.38,321.0,Healthcare
CUST_14741,2025-01-29,Credit Card,0.0,493.0,Tech
CUST_14742,2025-02-28,Savings,24945.96,685.0,Unknown
CUST_14743,2025-03-12,Savings,19077.96,663.0,Healthcare
CUST_14744,2025-04-02,Savings,23556.17,573.0,Tech
CUST_14745,2025-01-09,Investment,14886.81,683.0,Retail
CUST_14746,2025-05-07,Investment,0.0,507.0,Education
CUST_14747,2025-05-14,Savings,0.0,574.0,Education
CUST_14748,2025-06-06,Savings,0.0,795.0,Retail
CUST_14749,2025-05-25,Savings,1140.88,838.0,Healthcare
CUST_14750,2025-05-24,Checking,20866.46,826.0,Finance
CUST_14751,2025-05-11,Checking,0.0,458.0,Finance
CUST_14752,2025-01-21,Savings,0.0,759.0,Education
CUST_14753,2025-03-05,Credit Card,0.0,693.0,Finance
CUST_14754,2025-03-31,Savings,0.0,738.0,Healthcare
CUST_14755,2025-02-05,Investment,8071.37,678.0,Unknown
CUST_14756,2025-03-03,Checking,-129.69,463.0,Finance
CUST_14757,2025-06-19,Checking,21677.25,629.0,Tech
CUST_14758,2025-03-17,Credit Card,873.15,446.0,Retail
CUST_14759,2025-06-19,Credit Card,11884.13,,Education
CUST_14760,2025-01-13,Savings,6724.78,693.0,Unknown
CUST_14761,2025-01-11,Savings,0.0,481.0,Finance
CUST_14762,2025-02-23,Investment,0.0,742.0,Unknown
CUST_14763,2025-01-16,Savings,10753.11,429.0,Healthcare
CUST_14764,2025-01-08,Savings,10069.43,702.0,Finance
CUST_14765,2025-04-14,Checking,3969.95,804.0,Unknown
CUST_14766,2025-02-28,Credit Card,24952.0,321.0,Retail
CUST_14767,2025-02-26,Credit Card,12649.62,316.0,Tech
CUST_14768,2025-02-09,Investment,28554.43,581.0,Unemployed
CUST_14769,2025-05-10,Checking,0.0,526.0,Education
CUST_14770,2025-04-04,Savings,31012.22,719.0,Education
CUST_14771,2025-05-18,Checking,0.0,672.0,Healthcare
CUST_14772,2025-02-13,Credit Card,5372.95,600.0,Tech
CUST_14773,2025-05-19,Savings,22801.58,585.0,Finance
CUST_14774,2025-03-21,Savings,0.0,415.0,Finance
CUST_14775,2025-03-22,Savings,1199.99,448.0,Unemployed
CUST_14776,2025-01-02,Checking,20132.23,703.0,Unknown
CUST_14777,2025-06-27,Credit Card,0.0,389.0,Unemployed
CUST_14778,2025-05-20,Checking,18706.11,418.0,Unknown
CUST_14779,2025-04-25,Investment,15145.73,392.0,Unemployed
CUST_14780,2025-03-31,Savings,7537.5,746.0,Healthcare
CUST_14781,2025-01-23,Investment,13983.49,611.0,Tech
CUST_14782,2025-05-26,Credit Card,24419.5,617.0,Healthcare
CUST_14783,2025-03-03,Savings,14037.51,420.0,Retail
CUST_14784,2025-04-23,Investment,18936.93,616.0,Retail
CUST_14785,2025-05-08,Savings,0.0,437.0,Finance
CUST_14786,2025-03-03,Credit Card,13729.91,583.0,Retail
CUST_14787,2025-02-07,Credit Card,12340.47,819.0,Healthcare
CUST_14788,2025-06-15,Credit Card,21858.4,804.0,Education
CUST_14789,2025-03-02,Checking,0.0,690.0,Retail
CUST_14790,2025-05-09,Savings,21104.15,304.0,Unknown
CUST_14791,2025-06-22,Checking,0.0,666.0,Healthcare
CUST_14792,2025-06-05,Savings,40109.65,791.0,Education
CUST_14793,2025-05-29,Credit Card,0.0,765.0,Unknown
CUST_14794,2025-05-02,Credit Card,0.0,534.0,Education
CUST_14795,2025-04-20,Investment,642.42,661.0,Unemployed
CUST_14796,2025-01-13,Savings,20725.47,821.0,Unknown
CUST_14797,2025-06-04,Credit Card,10325.72,541.0,NA
CUST_14798,2025-04-10,Investment,30192.53,741.0,Retail
CUST_14799,2025-05-15,Credit Card,492.55,487.0,Tech
CUST_14800,2025-01-22,Savings,0.0,703.0,Unemployed
CUST_14801,2025-03-15,Savings,0.0,726.0,Retail
CUST_14802,2025-05-12,Savings,0.0,712.0,Retail
CUST_14803,2025-01-23,Checking,0.0,813.0,Tech
CUST_14804,2025-04-29,Checking,0.0,453.0,Retail
CUST_14805,2025-03-11,Investment,0.0,502.0,Healthcare
CUST_14806,2025-03-25,Savings,15784.55,516.0,Tech
CUST_14807,2025-04-11,Savings,27202.92,,Healthcare
CUST_14808,2025-03-25,Checking,8324.59,614.0,Education
CUST_14809,2025-06-10,Credit Card,0.0,300.0,Tech
CUST_14810,2025-01-28,Investment,16164.14,802.0,Education
CUST_14811,2025-05-16,Credit Card,4411.1,577.0,Unemployed
CUST_14812,2025-01-01,Checking,20222.72,493.0,Finance
CUST_14813,2025-06-14,Checking,0.0,547.0,Unknown
CUST_14814,2025-03-04,Credit Card,0.0,387.0,Finance
CUST_14815,2025-01-22,Checking,15892.39,733.0,Healthcare
CUST_14816,2025-03-11,Savings,4696.0,,Education
CUST_14817,2025-05-05,Savings,18903.15,552.0,Education
CUST_14818,2025-05-29,Savings,0.0,728.0,Tech
CUST_14819,2025-04-06,Credit Card,11504.79,463.0,Finance
CUST_14820,2025-06-12,Savings,13197.31,794.0,Healthcare
CUST_14821,2025-03-20,Savings,0.0,461.0,Healthcare
CUST_14822,2025-01-05,Savings,4948.68,,Tech
CUST_14823,2025-03-01,Checking,0.0,564.0,Tech
CUST_14824,2025-04-30,Savings,27047.8,409.0,Unemployed
CUST_14825,2025-02-15,Checking,0.0,618.0,Healthcare
CUST_14826,2025-06-27,Savings,2166.61,431.0,Tech
CUST_14827,2025-06-25,Savings,4926.48,432.0,Unemployed
CUST_14828,2025-05-14,Checking,0.0,693.0,Education
CUST_14829,2025-02-25,Savings,32738.07,334.0,Healthcare
CUST_14830,2025-04-20,Savings,0.0,671.0,Retail
CUST_14831,2025-06-06,Savings,953.1,330.0,Finance
CUST_14832,2025-04-14,Credit Card,0.0,473.0,Finance
CUST_14833,2025-03-18,Checking,0.0,689.0,Retail
CUST_14834,2025-05-26,Savings,3365.28,405.0,Retail
CUST_14835,2025-01-02,Savings,15545.83,574.0,Unknown
CUST_14836,2025-01-08,Investment,7401.97,395.0,Education
CUST_14837,2025-03-16,Checking,0.0,329.0,Healthcare
CUST_14838,2025-05-05,Checking,4905.62,460.0,Tech
CUST_14839,2025-02-07,Credit Card,0.0,605.0,Finance
CUST_14840,2025-06-25,Credit Card,22748.92,495.0,Retail
CUST_14841,2025-01-27,Credit Card,0.0,637.0,Unknown
CUST_14842,2025-01-20,Checking,0.0,437.0,Healthcare
CUST_14843,2025-05-20,Checking,0.0,746.0,Tech
CUST_14844,2025-02-12,Savings,0.0,609.0,Unknown
CUST_14845,2025-01-31,Investment,30234.83,478.0,Finance
CUST_14846,2025-04-01,Checking,14172.82,636.0,Healthcare
CUST_14847,2025-03-02,Savings,21634.96,533.0,Finance
CUST_14848,2025-04-19,Investment,6749.16,548.0,Education
CUST_14849,2025-04-01,Investment,0.0,431.0,Unknown
CUST_14850,2025-06-12,Investment,6044.03,548.0,Finance
CUST_14851,2025-04-05,Credit Card,8018.19,754.0,Education
CUST_14852,2025-05-23,Investment,18434.59,798.0,Education
CUST_14853,2025-05-24,Savings,4448.9,362.0,Education
CUST_14854,2025-01-13,Credit Card,0.0,691.0,Tech
CUST_14855,2025-04-23,Credit Card,3511.99,,Unemployed
CUST_14856,2025-02-04,Savings,-133.9,547.0,Tech
CUST_14857,2025-05-29,Savings,12854.67,563.0,Education
CUST_14858,2025-06-07,Investment,3545.44,766.0,Healthcare
CUST_14859,2025-02-17,Savings,0.0,660.0,Unemployed
CUST_14860,2025-02-04,Credit Card,13503.5,692.0,Unemployed
CUST_14861,2025-03-27,Savings,0.0,478.0,Education
CUST_14862,2025-06-15,Savings,260.05,805.0,Unknown
CUST_14863,2025-06-08,Checking,0.0,798.0,Healthcare
CUST_14864,2025-06-01,Savings,8558.34,591.0,Finance
CUST_14865,2025-04-24,Checking,0.0,398.0,Tech
CUST_14866,2025-06-26,Checking,5481.62,480.0,Healthcare
CUST_14867,2025-04-10,Savings,21206.59,702.0,Unemployed
CUST_14868,2025-06-09,Savings,6436.57,673.0,Healthcare
CUST_14869,2025-04-09,Savings,0.0,552.0,Healthcare
CUST_14870,2025-01-03,Savings,-484.77,421.0,NA
CUST_14871,2025-03-26,Credit Card,9436.22,741.0,Tech
CUST_14872,2025-05-05,Checking,13404.46,544.0,Retail
CUST_14873,2025-05-18,Savings,27559.05,790.0,Finance
CUST_14874,2025-03-24,Checking,0.0,345.0,Healthcare
CUST_14875,2025-01-25,Savings,8951.57,751.0,Tech
CUST_14876,2025-03-09,Savings,7780.89,595.0,Unemployed
CUST_14877,2025-03-02,Savings,3998.61,440.0,Tech
CUST_14878,2025-01-29,Credit Card,10331.59,820.0,Tech
CUST_14879,2025-05-07,Investment,1556.96,365.0,Healthcare
CUST_14880,2025-01-19,Credit Card,0.0,782.0,Unemployed
CUST_14881,2025-06-20,Savings,8202.89,608.0,Education
CUST_14882,2025-03-15,Savings,14738.82,759.0,Unknown
CUST_14883,2025-03-02,Checking,4290.29,697.0,Education
CUST_14884,2025-06-20,Credit Card,20890.14,768.0,Education
CUST_14885,2025-06-02,Investment,1439.04,691.0,Retail
CUST_14886,2025-01-20,Savings,11908.49,396.0,Healthcare
CUST_14887,2025-02-17,Savings,0.0,489.0,Finance
CUST_14888,2025-03-28,Checking,38636.47,494.0,Retail
CUST_14889,2025-06-01,Credit Card,1586.31,633.0,Tech
CUST_14890,2025-05-19,Credit Card,0.0,382.0,Education
CUST_14891,2025-04-20,Checking,1013.73,550.0,Tech
CUST_14892,2025-01-28,Investment,0.0,369.0,Retail
CUST_14893,2025-02-28,Checking,0.0,591.0,Unemployed
CUST_14894,2025-05-13,Investment,5615.66,639.0,Education
CUST_14895,2025-02-20,Investment,6711.74,684.0,Healthcare
CUST_14896,2025-05-29,Credit Card,8358.14,757.0,Education
CUST_14897,2025-01-12,Savings,4490.87,440.0,Education
CUST_14898,2025-02-19,Savings,3753.68,439.0,Unemployed
CUST_14899,2025-05-12,Checking,0.0,374.0,Education
CUST_14900,2025-04-23,Checking,0.0,399.0,Retail
CUST_14901,2025-06-19,Credit Card,7419.12,474.0,Education
CUST_14902,2025-06-15,Savings,0.0,622.0,Unemployed
CUST_14903,2025-06-02,Savings,9382.53,776.0,Retail
CUST_14904,2025-01-14,Credit Card,2971.86,309.0,Tech
CUST_14905,2025-02-01,Savings,2856.2,345.0,Healthcare
CUST_14906,2025-05-19,Savings,8109.03,815.0,Education
CUST_14907,2025-05-26,Savings,12277.15,612.0,Retail
CUST_14908,2025-06-04,Checking,15620.32,537.0,Education
CUST_14909,2025-02-24,Savings,34745.64,,Education
CUST_14910,2025-04-30,Credit Card,17956.73,809.0,Unemployed
CUST_14911,2025-03-16,Checking,0.0,429.0,Education
CUST_14912,2025-01-21,Investment,0.0,684.0,Finance
CUST_14913,2025-06-21,Checking,880.3,324.0,Healthcare
CUST_14914,2025-05-13,Savings,0.0,560.0,Healthcare
CUST_14915,2025-03-28,Savings,10857.45,697.0,Retail
CUST_14916,2025-06-18,Savings,12448.89,629.0,Tech
CUST_14917,2025-02-28,Checking,0.0,448.0,Tech
CUST_14918,2025-03-30,Savings,22845.13,708.0,Tech
CUST_14919,2025-05-30,Savings,26813.0,418.0,Education
CUST_14920,2025-03-24,Checking,0.0,733.0,Unemployed
CUST_14921,2025-03-06,Savings,0.0,527.0,Retail
CUST_14922,2025-03-05,Savings,21458.6,539.0,Unknown
CUST_14923,2025-03-12,Credit Card,18047.43,531.0,Education
CUST_14924,2025-01-04,Investment,12539.78,589.0,Unemployed
CUST_14925,2025-05-23,Savings,5164.1,453.0,Finance
CUST_14926,2025-04-14,Savings,3453.25,458.0,Retail
CUST_14927,2025-05-30,Investment,13048.99,775.0,Retail
CUST_14928,2025-06-24,Savings,7647.15,,Unemployed
CUST_14929,2025-04-03,Investment,24615.84,312.0,Unknown
CUST_14930,2025-06-23,Savings,0.0,806.0,Retail
CUST_14931,2025-05-22,Credit Card,5269.93,517.0,Unemployed
CUST_14932,2025-06-27,Savings,18355.03,521.0,Finance
CUST_14933,2025-05-28,Investment,7466.27,587.0,Retail
CUST_14934,2025-06-27,Savings,15097.39,823.0,Unknown
CUST_14935,2025-04-22,Checking,14879.33,786.0,Unemployed
CUST_14936,2025-06-10,Savings,0.0,623.0,Unemployed
CUST_14937,2025-04-29,Savings,0.0,475.0,Finance
CUST_14938,2025-02-28,Credit Card,0.0,340.0,Tech
CUST_14939,2025-02-12,Checking,0.0,624.0,Unemployed
CUST_14940,2025-01-12,Investment,0.0,566.0,Unemployed
CUST_14941,2025-02-09,Checking,21376.42,692.0,Retail
CUST_14942,2025-04-28,Credit Card,0.0,412.0,Education
CUST_14943,2025-01-20,Checking,32921.9,583.0,Healthcare
CUST_14944,2025-06-15,Investment,0.0,502.0,Finance
CUST_14945,2025-05-11,Investment,824.67,443.0,Tech
CUST_14946,2025-06-05,Savings,0.0,542.0,Unknown
CUST_14947,2025-03-31,Credit Card,10768.5,334.0,Tech
CUST_14948,2025-04-04,Credit Card,1086.62,352.0,Healthcare
CUST_14949,2025-01-13,Savings,5916.46,802.0,Retail
CUST_14950,2025-03-07,Checking,0.0,655.0,Unknown
CUST_14951,2025-02-06,Savings,12212.24,449.0,Education
CUST_14952,2025-06-26,Credit Card,0.0,736.0,Healthcare
CUST_14953,2025-03-07,Savings,6181.49,749.0,Retail
CUST_14954,2025-02-05,Savings,11929.73,824.0,Unemployed
CUST_14955,2025-01-26,Checking,26769.64,566.0,Unknown
CUST_14956,2025-03-16,Checking,17088.51,385.0,Retail
CUST_14957,2025-04-18,Credit Card,6348.19,608.0,Finance
CUST_14958,2025-06-17,Investment,4880.48,564.0,Education
CUST_14959,2025-02-12,Checking,9701.18,791.0,Education
CUST_14960,2025-05-30,Savings,16500.68,316.0,Finance
CUST_14961,2025-05-28,Credit Card,0.0,488.0,Retail
CUST_14962,2025-01-08,Checking,18548.14,,Retail
CUST_14963,2025-01-29,Checking,0.0,465.0,Unknown
CUST_14964,2025-02-09,Savings,11844.7,644.0,Education
CUST_14965,2025-06-07,Checking,13121.41,518.0,Education
CUST_14966,2025-05-08,Savings,0.0,393.0,Education
CUST_14967,2025-03-25,Credit Card,0.0,457.0,Education
CUST_14968,2025-04-26,Checking,1031.46,333.0,Retail
CUST_14969,2025-05-24,Credit Card,0.0,715.0,Education
CUST_14970,2025-06-23,Checking,2324.54,805.0,Unemployed
CUST_14971,2025-03-03,Savings,0.0,789.0,Retail
CUST_14972,2025-01-07,Credit Card,51698.78,823.0,Finance
CUST_14973,2025-02-14,Checking,20880.43,532.0,Unemployed
CUST_14974,2025-06-25,Savings,6082.99,406.0,Tech
CUST_14975,2025-06-04,Checking,24986.15,492.0,Finance
CUST_14976,2025-03-29,Savings,15575.53,767.0,Finance
CUST_14977,2025-03-14,Credit Card,0.0,821.0,Healthcare
CUST_14978,2025-06-12,Checking,0.0,578.0,Finance
CUST_14979,2025-06-28,Credit Card,20442.01,427.0,Unknown
CUST_14980,2025-02-06,Savings,0.0,640.0,Healthcare
CUST_14981,2025-04-29,Savings,10929.77,358.0,Healthcare
CUST_14982,2025-02-26,Investment,15121.37,481.0,Healthcare
CUST_14983,2025-01-08,Credit Card,1090.35,813.0,Unemployed
CUST_14984,2025-04-05,Savings,7284.95,542.0,Finance
CUST_14985,2025-04-27,Savings,17476.91,527.0,Tech
CUST_14986,2025-04-20,Savings,16761.34,817.0,Unknown
CUST_14987,2025-01-20,Checking,11722.66,444.0,Unemployed
CUST_14988,2025-05-04,Credit Card,4805.68,426.0,Healthcare
CUST_14989,2025-02-22,Credit Card,13810.34,634.0,Unknown
CUST_14990,2025-04-29,Checking,0.0,707.0,Education
CUST_14991,2025-01-12,Credit Card,27133.69,420.0,Education
CUST_14992,2025-06-26,Checking,3011.64,584.0,Retail
CUST_14993,2025-01-17,Savings,0.0,541.0,Education
CUST_14994,2025-03-05,Checking,13991.96,377.0,Education
CUST_14995,2025-02-11,Investment,13571.44,749.0,Healthcare
CUST_14996,2025-04-04,Credit Card,0.0,769.0,Unemployed
CUST_14997,2025-06-06,Checking,6013.1,480.0,Finance
CUST_14998,2025-05-27,Checking,5560.03,564.0,Unemployed
CUST_14999,2025-01-11,Investment,4581.25,594.0,Unemployed
CUST_15000,2025-04-08,Checking,29360.3,546.0,Unknown
CUST_15001,2025-06-27,Savings,4697.67,723.0,Education
CUST_15002,2025-03-12,Investment,3051.43,358.0,Finance
CUST_15003,2025-04-18,Credit Card,0.0,757.0,Tech
CUST_15004,2025-02-27,Savings,0.0,310.0,Unknown
CUST_15005,2025-02-03,Checking,10880.64,646.0,NA
CUST_15006,2025-01-20,Checking,0.0,304.0,Unemployed
CUST_15007,2025-02-19,Savings,2181.06,669.0,Education
CUST_15008,2025-04-12,Investment,7972.53,,Tech
CUST_15009,2025-05-18,Checking,5955.34,544.0,Unknown
CUST_15010,2025-06-09,Credit Card,7024.42,548.0,Tech
CUST_15011,2025-02-21,Savings,6969.75,734.0,Retail
CUST_15012,2025-01-15,Checking,14369.01,719.0,Finance
CUST_15013,2025-03-25,Savings,44615.46,404.0,Finance
CUST_15014,2025-05-11,Credit Card,23439.66,541.0,Retail
CUST_15015,2025-02-06,Checking,-434.35,571.0,Unknown
CUST_15016,2025-05-06,Checking,23232.6,818.0,Healthcare
CUST_15017,2025-02-09,Savings,0.0,343.0,Unknown
CUST_15018,2025-03-13,Savings,0.0,325.0,Retail
CUST_15019,2025-02-09,Savings,15603.24,480.0,Unknown
CUST_15020,2025-02-25,Savings,15138.0,727.0,Unemployed
CUST_15021,2025-05-31,Checking,14023.04,567.0,Retail
CUST_15022,2025-04-14,Checking,0.0,,Retail
CUST_15023,2025-05-19,Checking,0.0,394.0,Tech
CUST_15024,2025-04-20,Checking,6967.27,681.0,Unknown
CUST_15025,2025-05-16,Savings,1215.65,814.0,Unknown
CUST_15026,2025-04-03,Savings,18322.64,727.0,Finance
CUST_15027,2025-04-04,Savings,839.99,724.0,Healthcare
CUST_15028,2025-02-25,Credit Card,397.81,498.0,Education
CUST_15029,2025-03-01,Checking,0.0,307.0,Education
CUST_15030,2025-05-18,Savings,18129.95,626.0,Education
CUST_15031,2025-02-08,Savings,9835.66,320.0,Healthcare
CUST_15032,2025-01-28,Credit Card,0.0,845.0,Education
CUST_15033,2025-02-18,Credit Card,11675.28,554.0,Healthcare
CUST_15034,2025-06-13,Checking,0.0,732.0,Education
CUST_15035,2025-05-05,Checking,16639.15,804.0,Education
CUST_15036,2025-01-13,Savings,3423.35,326.0,Healthcare
CUST_15037,2025-02-05,Investment,0.0,819.0,Finance
CUST_15038,2025-04-11,Credit Card,30935.71,829.0,Unemployed
CUST_15039,2025-01-26,Savings,28579.52,799.0,Unemployed
CUST_15040,2025-03-27,Credit Card,2214.81,532.0,Healthcare
CUST_15041,2025-01-04,Credit Card,10589.58,695.0,Healthcare
CUST_15042,2025-03-23,Savings,0.0,606.0,Retail
CUST_15043,2025-06-15,Checking,0.0,809.0,Tech
CUST_15044,2025-05-07,Savings,24765.47,723.0,Unknown
CUST_15045,2025-03-29,Savings,0.0,449.0,Tech
CUST_15046,2025-05-07,Credit Card,24103.11,691.0,Finance
CUST_15047,2025-04-30,Savings,15458.42,789.0,Finance
CUST_15048,2025-01-22,Credit Card,9307.39,346.0,Finance
CUST_15049,2025-05-10,Investment,4386.25,611.0,Tech
CUST_15050,2025-01-31,Savings,15521.62,438.0,Finance
CUST_15051,2025-04-29,Checking,0.0,704.0,Unemployed
CUST_15052,2025-01-11,Credit Card,25016.25,313.0,Finance
CUST_15053,2025-02-15,Credit Card,7148.12,818.0,Unknown
CUST_15054,2025-04-06,Credit Card,27425.37,484.0,Healthcare
CUST_15055,2025-01-10,Savings,3165.34,414.0,Unemployed
CUST_15056,2025-06-17,Checking,7137.56,409.0,Unemployed
CUST_15057,2025-05-08,Checking,8958.39,580.0,Healthcare
CUST_15058,2025-06-01,Investment,13640.05,842.0,Unknown
CUST_15059,2025-04-09,Savings,32163.1,385.0,Tech
CUST_15060,2025-06-21,Investment,0.0,437.0,Healthcare
CUST_15061,2025-04-22,Savings,3081.47,765.0,Finance
CUST_15062,2025-03-01,Investment,4711.47,376.0,Healthcare
CUST_15063,2025-03-28,Checking,0.0,436.0,Unemployed
CUST_15064,2025-05-25,Checking,0.0,396.0,Retail
CUST_15065,2025-03-06,Checking,0.0,830.0,Healthcare
CUST_15066,2025-02-26,Savings,44571.54,308.0,Tech
CUST_15067,2025-04-16,Savings,8877.06,382.0,Finance
CUST_15068,2025-01-09,Savings,12402.23,346.0,Unemployed
CUST_15069,2025-01-22,Savings,0.0,811.0,Unemployed
CUST_15070,2025-05-21,Savings,4059.08,729.0,Finance
CUST_15071,2025-03-30,Credit Card,19041.48,389.0,Tech
CUST_15072,2025-06-25,Checking,42749.7,812.0,Healthcare
CUST_15073,2025-01-18,Savings,0.0,713.0,Unknown
CUST_15074,2025-04-25,Credit Card,0.0,812.0,Finance
CUST_15075,2025-06-17,Checking,0.0,376.0,Finance
CUST_15076,2025-05-25,Investment,0.0,380.0,Retail
CUST_15077,2025-05-23,Checking,0.0,501.0,Tech
CUST_15078,2025-04-16,Savings,18612.61,746.0,Unemployed
CUST_15079,2025-01-15,Checking,10141.76,406.0,Unemployed
CUST_15080,2025-03-04,Checking,0.0,591.0,Unknown
CUST_15081,2025-06-16,Savings,26243.05,611.0,Healthcare
CUST_15082,2025-01-13,Savings,33395.54,816.0,Healthcare
CUST_15083,2025-03-22,Savings,0.0,725.0,Finance
CUST_15084,2025-02-01,Savings,22664.72,714.0,Education
CUST_15085,2025-05-17,Checking,2448.23,434.0,Retail
CUST_15086,2025-02-09,Checking,0.0,818.0,Retail
CUST_15087,2025-05-28,Savings,0.0,663.0,Retail
CUST_15088,2025-03-23,Checking,0.0,683.0,Unemployed
CUST_15089,2025-03-18,Checking,0.0,331.0,Finance
CUST_15090,2025-03-17,Savings,7212.4,839.0,Tech
CUST_15091,2025-06-21,Savings,37190.64,786.0,Tech
CUST_15092,2025-02-07,Savings,0.0,664.0,Retail
CUST_15093,2025-03-12,Savings,0.0,563.0,Unemployed
CUST_15094,2025-02-17,Savings,47.32,441.0,Education
CUST_15095,2025-01-18,Savings,20630.1,329.0,Unknown
CUST_15096,2025-05-24,Checking,1284.78,429.0,Unknown
CUST_15097,2025-02-08,Checking,14772.16,369.0,Unemployed
CUST_15098,2025-03-30,Savings,7549.94,418.0,Education
CUST_15099,2025-03-03,Savings,5917.47,626.0,Healthcare
CUST_15100,2025-05-21,Checking,28808.39,369.0,Education
CUST_15101,2025-04-19,Credit Card,0.0,507.0,Retail
CUST_15102,2025-03-22,Credit Card,0.0,390.0,Healthcare
CUST_15103,2025-05-14,Checking,0.0,419.0,Retail
CUST_15104,2025-03-18,Savings,10179.83,506.0,Unemployed
CUST_15105,2025-03-31,Savings,5801.48,705.0,Unemployed
CUST_15106,2025-01-14,Credit Card,15651.95,846.0,Tech
CUST_15107,2025-04-05,Savings,3859.29,423.0,Retail
CUST_15108,2025-02-23,Investment,2065.96,411.0,Healthcare
CUST_15109,2025-05-12,Checking,9937.35,506.0,Retail
CUST_15110,2025-02-08,Checking,30446.87,685.0,Finance
CUST_15111,2025-03-13,Savings,0.0,446.0,Unemployed
CUST_15112,2025-01-25,Checking,0.0,431.0,Healthcare
CUST_15113,2025-03-18,Checking,5616.46,403.0,Education
CUST_15114,2025-06-09,Savings,35487.1,541.0,Tech
CUST_15115,2025-06-15,Savings,0.0,630.0,Education
CUST_15116,2025-04-30,Credit Card,4850.07,448.0,Retail
CUST_15117,2025-02-22,Checking,0.0,468.0,Education
CUST_15118,2025-06-05,Checking,10972.68,383.0,Healthcare
CUST_15119,2025-05-11,Savings,0.0,819.0,Finance
CUST_15120,2025-05-30,Credit Card,0.0,406.0,Education
CUST_15121,2025-04-06,Credit Card,24175.16,564.0,Retail
CUST_15122,2025-06-15,Checking,5139.82,330.0,Education
CUST_15123,2025-03-13,Checking,0.0,846.0,Education
CUST_15124,2025-03-03,Checking,4312.83,546.0,Unknown
CUST_15125,2025-01-06,Checking,4050.57,829.0,Healthcare
CUST_15126,2025-02-01,Savings,13412.12,323.0,Unknown
CUST_15127,2025-04-09,Investment,0.0,797.0,Unknown
CUST_15128,2025-05-18,Checking,0.0,603.0,Retail
CUST_15129,2025-05-11,Savings,0.0,697.0,Unknown
CUST_15130,2025-03-17,Checking,14441.32,702.0,Retail
CUST_15131,2025-06-26,Credit Card,4905.34,615.0,Finance
CUST_15132,2025-02-28,Savings,26609.0,577.0,Unknown
CUST_15133,2025-01-31,Savings,17437.12,841.0,Healthcare
CUST_15134,2025-04-03,Checking,-188.57,442.0,Unemployed
CUST_15135,2025-03-10,Savings,4256.81,709.0,Healthcare
CUST_15136,2025-02-21,Credit Card,24408.27,655.0,Tech
CUST_15137,2025-03-30,Savings,26498.22,823.0,Finance
CUST_15138,2025-05-07,Credit Card,3564.81,502.0,Finance
CUST_15139,2025-06-18,Savings,0.0,549.0,Retail
CUST_15140,2025-01-31,Savings,0.0,402.0,Retail
CUST_15141,2025-03-25,Credit Card,0.0,767.0,Finance
CUST_15142,2025-05-07,Checking,12081.24,334.0,Healthcare
CUST_15143,2025-05-30,Savings,11779.85,623.0,Tech
CUST_15144,2025-05-12,Savings,0.0,831.0,NA
CUST_15145,2025-01-13,Checking,24522.3,567.0,Tech
CUST_15146,2025-02-14,Checking,1895.86,352.0,Finance
CUST_15147,2025-05-07,Investment,0.0,317.0,Healthcare
CUST_15148,2025-06-19,Investment,22567.43,403.0,Tech
CUST_15149,2025-04-24,Checking,20578.41,451.0,Unemployed
CUST_15150,2025-06-26,Checking,4226.06,713.0,Education
CUST_15151,2025-01-20,Checking,12762.96,383.0,Finance
CUST_15152,2025-03-22,Checking,14655.71,,Healthcare
CUST_15153,2025-06-13,Savings,37629.0,450.0,Finance
CUST_15154,2025-05-09,Savings,3034.69,848.0,Finance
CUST_15155,2025-05-23,Savings,0.0,678.0,Tech
CUST_15156,2025-01-17,Savings,14382.18,757.0,Tech
CUST_15157,2025-06-01,Savings,5933.23,652.0,Education
CUST_15158,2025-02-27,Checking,6684.78,675.0,Retail
CUST_15159,2025-03-13,Credit Card,4531.66,507.0,Education
CUST_15160,2025-04-19,Checking,0.0,759.0,Unemployed
CUST_15161,2025-01-23,Savings,8920.69,703.0,Healthcare
CUST_15162,2025-06-23,Savings,-387.34,829.0,Unknown
CUST_15163,2025-03-13,Checking,363.98,784.0,Healthcare
CUST_15164,2025-01-08,Savings,0.0,421.0,Finance
CUST_15165,2025-02-28,Checking,4411.98,419.0,Tech
CUST_15166,2025-04-21,Investment,8906.75,550.0,Finance
CUST_15167,2025-01-13,Savings,4560.42,598.0,Retail
CUST_15168,2025-06-16,Savings,22322.23,346.0,Finance
CUST_15169,2025-06-05,Checking,16342.52,598.0,Unemployed
CUST_15170,2025-01-16,Investment,3903.5,818.0,Healthcare
CUST_15171,2025-04-29,Credit Card,0.0,544.0,Unemployed
CUST_15172,2025-01-02,Credit Card,13707.92,517.0,Healthcare
CUST_15173,2025-05-25,Savings,276.42,643.0,Unemployed
CUST_15174,2025-01-30,Investment,2438.82,613.0,Education
CUST_15175,2025-04-13,Savings,0.0,589.0,Unknown
CUST_15176,2025-01-13,Savings,11203.56,496.0,Unemployed
CUST_15177,2025-04-06,Credit Card,43900.79,715.0,Finance
CUST_15178,2025-04-04,Investment,0.0,605.0,Tech
CUST_15179,2025-03-23,Savings,14339.04,777.0,Retail
CUST_15180,2025-01-13,Savings,23687.89,835.0,Retail
CUST_15181,2025-06-20,Savings,0.0,519.0,Unemployed
CUST_15182,2025-04-04,Savings,0.0,653.0,Tech
CUST_15183,2025-05-29,Savings,15432.67,534.0,Retail
CUST_15184,2025-04-22,Investment,6189.67,605.0,Unemployed
CUST_15185,2025-02-24,Checking,9670.01,409.0,Unemployed
CUST_15186,2025-03-22,Credit Card,5823.43,613.0,Tech
CUST_15187,2025-06-17,Credit Card,22397.05,312.0,Tech
CUST_15188,2025-04-26,Checking,3537.15,466.0,Education
CUST_15189,2025-05-23,Credit Card,37563.27,352.0,Unemployed
CUST_15190,2025-06-29,Checking,15470.74,485.0,Finance
CUST_15191,2025-04-18,Savings,20172.28,575.0,Healthcare
CUST_15192,2025-02-22,Checking,5098.54,746.0,Healthcare
CUST_15193,2025-05-08,Checking,9662.68,651.0,Unemployed
CUST_15194,2025-06-29,Credit Card,0.0,309.0,Finance
CUST_15195,2025-06-07,Investment,0.0,709.0,Retail
CUST_15196,2025-06-10,Checking,21164.81,446.0,Unknown
CUST_15197,2025-02-26,Credit Card,3996.89,776.0,Tech
CUST_15198,2025-02-21,Savings,0.0,727.0,Healthcare
CUST_15199,2025-05-17,Credit Card,0.0,787.0,Education
CUST_15200,2025-04-21,Savings,0.0,829.0,Retail
CUST_15201,2025-01-01,Savings,4416.16,676.0,Education
CUST_15202,2025-02-13,Savings,0.0,411.0,Healthcare
CUST_15203,2025-03-16,Checking,26345.92,514.0,Finance
CUST_15204,2025-04-08,Savings,8123.08,809.0,Finance
CUST_15205,2025-01-09,Investment,0.0,810.0,Education
CUST_15206,2025-02-01,Savings,28042.11,325.0,Unemployed
CUST_15207,2025-01-15,Investment,4313.25,492.0,Retail
CUST_15208,2025-05-20,Credit Card,12589.9,402.0,Healthcare
CUST_15209,2025-05-16,Savings,9601.12,504.0,Tech
CUST_15210,2025-03-13,Savings,11261.33,710.0,Finance
CUST_15211,2025-06-04,Credit Card,-152.64,350.0,Education
CUST_15212,2025-01-12,Checking,9961.44,430.0,Unknown
CUST_15213,2025-03-06,Checking,2761.45,642.0,Healthcare
CUST_15214,2025-04-17,Savings,10431.57,699.0,Retail
CUST_15215,2025-02-11,Checking,2214.09,501.0,Unemployed
CUST_15216,2025-04-25,Investment,649.37,599.0,Tech
CUST_15217,2025-05-19,Savings,0.0,445.0,Tech
CUST_15218,2025-04-13,Checking,4921.93,761.0,Unemployed
CUST_15219,2025-06-20,Savings,8369.2,803.0,Finance
CUST_15220,2025-04-05,Credit Card,32733.11,450.0,Tech
CUST_15221,2025-01-17,Credit Card,12190.49,615.0,Healthcare
CUST_15222,2025-06-09,Savings,0.0,498.0,Finance
CUST_15223,2025-03-26,Savings,0.0,728.0,Finance
CUST_15224,2025-06-17,Savings,9011.57,602.0,Finance
CUST_15225,2025-05-31,Checking,0.0,,Unemployed
CUST_15226,2025-02-25,Checking,0.0,404.0,Unknown
CUST_15227,2025-05-14,Investment,0.0,309.0,Healthcare
CUST_15228,2025-03-27,Checking,71.2,326.0,Education
CUST_15229,2025-06-27,Savings,16041.83,626.0,Tech
CUST_15230,2025-04-12,Credit Card,0.0,794.0,Tech
CUST_15231,2025-06-14,Checking,24419.75,426.0,Education
CUST_15232,2025-02-23,Checking,1937.96,415.0,NA
CUST_15233,2025-06-26,Savings,0.0,470.0,Retail
CUST_15234,2025-04-25,Savings,18316.4,511.0,Healthcare
CUST_15235,2025-05-19,Investment,1906.25,488.0,Finance
CUST_15236,2025-03-29,Checking,0.0,789.0,Finance
CUST_15237,2025-02-18,Savings,0.0,686.0,Finance
CUST_15238,2025-05-29,Checking,15431.67,429.0,Tech
CUST_15239,2025-04-25,Investment,16396.06,322.0,Unemployed
CUST_15240,2025-03-04,Savings,0.0,478.0,Unemployed
CUST_15241,2025-04-14,Checking,24819.87,700.0,Unknown
CUST_15242,2025-03-24,Investment,5537.46,804.0,Unemployed
CUST_15243,2025-04-13,Savings,24920.07,710.0,Tech
CUST_15244,2025-06-05,Credit Card,0.0,831.0,Unemployed
CUST_15245,2025-01-17,Checking,0.0,628.0,Retail
CUST_15246,2025-01-06,Checking,0.0,770.0,Healthcare
CUST_15247,2025-05-27,Savings,0.0,719.0,Unknown
CUST_15248,2025-01-28,Savings,22266.3,711.0,Finance
CUST_15249,2025-02-07,Checking,9400.15,328.0,Unknown
CUST_15250,2025-04-29,Savings,0.0,544.0,Unemployed
CUST_15251,2025-02-06,Checking,5167.38,843.0,Unknown
CUST_15252,2025-04-25,Savings,0.0,359.0,Unknown
CUST_15253,2025-03-09,Savings,0.0,,Tech
CUST_15254,2025-06-26,Investment,3803.87,656.0,Education
CUST_15255,2025-02-12,Checking,2137.16,511.0,Tech
CUST_15256,2025-06-13,Investment,0.0,438.0,Finance
CUST_15257,2025-02-27,Savings,0.0,667.0,Finance
CUST_15258,2025-01-13,Checking,17218.95,785.0,Tech
CUST_15259,2025-02-21,Savings,11351.24,792.0,Education
CUST_15260,2025-02-27,Credit Card,19155.03,635.0,Education
CUST_15261,2025-02-01,Credit Card,743.72,477.0,Unknown
CUST_15262,2025-04-15,Savings,0.0,812.0,Finance
CUST_15263,2025-03-24,Investment,0.0,412.0,Unknown
CUST_15264,2025-04-09,Savings,20409.71,582.0,Tech
CUST_15265,2025-04-14,Checking,0.0,415.0,Healthcare
CUST_15266,2025-01-28,Investment,26670.66,843.0,Healthcare
CUST_15267,2025-05-09,Credit Card,0.0,340.0,Finance
CUST_15268,2025-06-19,Investment,16695.15,466.0,Education
CUST_15269,2025-02-17,Savings,0.0,520.0,Healthcare
CUST_15270,2025-02-09,Savings,0.0,612.0,Tech
CUST_15271,2025-04-07,Savings,0.0,645.0,Unknown
CUST_15272,2025-04-24,Checking,32806.98,770.0,Retail
CUST_15273,2025-05-12,Credit Card,13622.46,430.0,Retail
CUST_15274,2025-06-15,Savings,14505.48,347.0,NA
CUST_15275,2025-06-04,Checking,0.0,,Unemployed
CUST_15276,2025-05-17,Savings,0.0,818.0,Retail
CUST_15277,2025-04-21,Savings,16647.96,616.0,Tech
CUST_15278,2025-05-24,Checking,0.0,,Unemployed
CUST_15279,2025-03-17,Checking,2493.1,734.0,Finance
CUST_15280,2025-01-31,Credit Card,0.0,385.0,Finance
CUST_15281,2025-04-29,Savings,6859.23,347.0,Tech
CUST_15282,2025-05-22,Credit Card,0.0,789.0,Finance
CUST_15283,2025-01-25,Savings,0.0,723.0,Tech
CUST_15284,2025-02-03,Savings,0.0,686.0,Tech
CUST_15285,2025-03-08,Checking,14221.3,,Retail
CUST_15286,2025-06-01,Credit Card,0.0,750.0,Unemployed
CUST_15287,2025-04-28,Savings,19753.97,557.0,Retail
CUST_15288,2025-03-14,Savings,27510.47,343.0,Education
CUST_15289,2025-01-26,Checking,370.35,467.0,Retail
CUST_15290,2025-05-28,Savings,0.0,490.0,Finance
CUST_15291,2025-04-14,Credit Card,19485.2,575.0,Unemployed
CUST_15292,2025-01-10,Credit Card,0.0,668.0,Retail
CUST_15293,2025-03-08,Savings,0.0,605.0,Tech
CUST_15294,2025-06-01,Checking,0.0,404.0,Retail
CUST_15295,2025-01-05,Credit Card,19447.47,720.0,Finance
CUST_15296,2025-01-27,Savings,13581.29,648.0,Education
CUST_15297,2025-04-23,Checking,29274.29,618.0,Unemployed
CUST_15298,2025-01-15,Savings,0.0,719.0,Healthcare
CUST_15299,2025-06-12,Checking,0.0,356.0,Unemployed
CUST_15300,2025-04-15,Savings,0.0,539.0,Tech
CUST_15301,2025-02-13,Credit Card,0.0,726.0,Finance
CUST_15302,2025-01-26,Savings,26429.78,439.0,Finance
CUST_15303,2025-06-24,Savings,55649.51,361.0,Unknown
CUST_15304,2025-06-11,Credit Card,0.0,451.0,Healthcare
CUST_15305,2025-04-05,Savings,13890.47,429.0,NA
CUST_15306,2025-06-27,Savings,2667.66,730.0,Tech
CUST_15307,2025-03-25,Savings,11626.11,739.0,Education
CUST_15308,2025-05-20,Savings,20895.48,,Healthcare
CUST_15309,2025-05-12,Investment,0.0,699.0,Tech
CUST_15310,2025-03-28,Credit Card,0.0,840.0,Retail
CUST_15311,2025-06-25,Savings,23047.33,481.0,Education
CUST_15312,2025-04-22,Credit Card,12632.52,350.0,Retail
CUST_15313,2025-05-09,Checking,9909.8,825.0,Tech
CUST_15314,2025-03-30,Investment,12645.26,649.0,Healthcare
CUST_15315,2025-03-07,Savings,14118.37,357.0,Retail
CUST_15316,2025-06-07,Checking,22366.45,718.0,Retail
CUST_15317,2025-05-11,Checking,16306.6,436.0,Finance
CUST_15318,2025-05-02,Checking,4239.1,336.0,Tech
CUST_15319,2025-05-29,Checking,10295.55,,Unemployed
CUST_15320,2025-03-25,Savings,3988.57,658.0,Healthcare
CUST_15321,2025-06-26,Credit Card,0.0,384.0,Finance
CUST_15322,2025-04-26,Checking,4225.59,838.0,Education
CUST_15323,2025-04-26,Investment,3292.84,643.0,Healthcare
CUST_15324,2025-02-07,Savings,0.0,470.0,Unknown
CUST_15325,2025-05-23,Checking,16624.02,319.0,Finance
CUST_15326,2025-04-20,Investment,19166.95,602.0,Unknown
CUST_15327,2025-06-29,Checking,13157.13,496.0,Education
CUST_15328,2025-02-15,Credit Card,18270.59,626.0,Unknown
CUST_15329,2025-01-25,Credit Card,2361.36,311.0,Healthcare
CUST_15330,2025-01-21,Savings,0.0,660.0,Finance
CUST_15331,2025-05-01,Checking,19233.58,595.0,Healthcare
CUST_15332,2025-05-02,Savings,0.0,702.0,Retail
CUST_15333,2025-05-13,Checking,0.0,737.0,Finance
CUST_15334,2025-03-11,Savings,11722.08,674.0,Retail
CUST_15335,2025-04-23,Credit Card,11311.45,799.0,Finance
CUST_15336,2025-04-17,Checking,18951.09,725.0,Retail
CUST_15337,2025-04-22,Checking,0.0,343.0,Unknown
CUST_15338,2025-04-18,Savings,3533.87,408.0,Tech
CUST_15339,2025-02-16,Investment,0.0,397.0,Retail
CUST_15340,2025-04-01,Savings,17829.41,744.0,Tech
CUST_15341,2025-01-18,Savings,25006.24,380.0,Unemployed
CUST_15342,2025-05-29,Savings,12567.44,517.0,Healthcare
CUST_15343,2025-04-14,Investment,0.0,448.0,Unknown
CUST_15344,2025-05-31,Investment,0.0,375.0,Education
CUST_15345,2025-02-09,Checking,0.0,362.0,Education
CUST_15346,2025-05-18,Credit Card,0.0,693.0,Education
CUST_15347,2025-03-30,Savings,2611.38,802.0,Tech
CUST_15348,2025-06-29,Investment,0.0,666.0,NA
CUST_15349,2025-03-02,Savings,0.0,777.0,Education
CUST_15350,2025-01-05,Savings,10709.7,554.0,Retail
CUST_15351,2025-05-02,Savings,11867.36,358.0,Unemployed
CUST_15352,2025-02-24,Checking,30491.3,819.0,Education
CUST_15353,2025-02-06,Credit Card,0.0,688.0,Tech
CUST_15354,2025-02-25,Savings,0.0,725.0,Retail
CUST_15355,2025-04-12,Investment,17229.52,801.0,Tech
CUST_15356,2025-04-03,Checking,18916.34,823.0,Finance
CUST_15357,2025-03-14,Savings,22130.02,579.0,Education
CUST_15358,2025-02-28,Checking,27069.87,344.0,Tech
CUST_15359,2025-01-02,Checking,27282.96,480.0,Tech
CUST_15360,2025-04-14,Credit Card,0.0,700.0,Retail
CUST_15361,2025-02-20,Checking,28221.16,673.0,Finance
CUST_15362,2025-01-30,Checking,79.47,533.0,Finance
CUST_15363,2025-01-11,Savings,16976.55,485.0,Education
CUST_15364,2025-04-18,Checking,8892.39,374.0,Unknown
CUST_15365,2025-03-17,Investment,0.0,532.0,Unemployed
CUST_15366,2025-06-16,Savings,22405.38,467.0,Healthcare
CUST_15367,2025-03-31,Credit Card,0.0,834.0,Healthcare
CUST_15368,2025-05-03,Checking,32881.62,706.0,Retail
CUST_15369,2025-05-05,Savings,0.0,529.0,Unknown
CUST_15370,2025-05-02,Investment,0.0,592.0,Education
CUST_15371,2025-04-04,Checking,0.0,699.0,Retail
CUST_15372,2025-04-13,Savings,27428.02,337.0,Unemployed
CUST_15373,2025-06-11,Savings,0.0,531.0,Education
CUST_15374,2025-01-31,Savings,18696.0,,Finance
CUST_15375,2025-02-21,Credit Card,32485.41,584.0,Healthcare
CUST_15376,2025-03-30,Checking,2459.27,402.0,Tech
CUST_15377,2025-03-17,Investment,0.0,444.0,Healthcare
CUST_15378,2025-05-09,Savings,6198.44,665.0,Education
CUST_15379,2025-01-22,Savings,0.0,452.0,Unknown
CUST_15380,2025-02-09,Savings,44723.96,721.0,Unemployed
CUST_15381,2025-04-11,Checking,15047.16,618.0,Healthcare
CUST_15382,2025-04-21,Investment,0.0,784.0,Tech
CUST_15383,2025-05-09,Checking,0.0,382.0,Finance
CUST_15384,2025-03-06,Savings,7687.01,832.0,Finance
CUST_15385,2025-06-19,Credit Card,0.0,587.0,Education
CUST_15386,2025-05-29,Credit Card,0.0,788.0,Healthcare
CUST_15387,2025-03-20,Savings,9406.52,567.0,Education
CUST_15388,2025-01-22,Credit Card,20089.98,378.0,Healthcare
CUST_15389,2025-06-15,Savings,18728.33,675.0,Unknown
CUST_15390,2025-04-09,Savings,4103.94,450.0,Retail
CUST_15391,2025-01-08,Savings,882.36,314.0,Education
CUST_15392,2025-06-24,Checking,5775.05,400.0,Healthcare
CUST_15393,2025-01-17,Checking,19881.91,687.0,Retail
CUST_15394,2025-01-17,Savings,0.0,334.0,Unknown
CUST_15395,2025-03-31,Savings,0.0,650.0,Education
CUST_15396,2025-05-21,Credit Card,0.0,582.0,Unknown
CUST_15397,2025-05-25,Investment,1366.41,824.0,Finance
CUST_15398,2025-06-15,Credit Card,4182.94,464.0,Unemployed
CUST_15399,2025-03-22,Savings,4626.46,727.0,Retail
CUST_15400,2025-03-19,Savings,15110.37,557.0,Unknown
CUST_15401,2025-06-22,Savings,0.0,742.0,Education
CUST_15402,2025-01-06,Savings,0.0,419.0,Tech
CUST_15403,2025-06-12,Checking,0.0,368.0,Unemployed
CUST_15404,2025-04-20,Checking,17953.84,,Finance
CUST_15405,2025-01-14,Credit Card,0.0,621.0,Unemployed
CUST_15406,2025-03-13,Checking,4383.77,661.0,Unemployed
CUST_15407,2025-05-23,Savings,6922.11,798.0,Retail
CUST_15408,2025-02-23,Savings,9741.45,503.0,Healthcare
CUST_15409,2025-01-27,Checking,28468.63,805.0,Tech
CUST_15410,2025-01-13,Savings,15419.66,408.0,Healthcare
CUST_15411,2025-06-08,Savings,19961.95,564.0,Unemployed
CUST_15412,2025-06-12,Savings,3098.05,687.0,Tech
CUST_15413,2025-03-01,Savings,27102.56,715.0,Education
CUST_15414,2025-01-06,Savings,6074.11,611.0,Unknown
CUST_15415,2025-02-27,Credit Card,0.0,551.0,Education
CUST_15416,2025-02-18,Credit Card,41875.8,687.0,Healthcare
CUST_15417,2025-05-31,Savings,5692.74,502.0,Unemployed
CUST_15418,2025-06-11,Savings,12946.59,409.0,Healthcare
CUST_15419,2025-01-26,Credit Card,0.0,381.0,Healthcare
CUST_15420,2025-02-16,Savings,37956.79,492.0,Retail
CUST_15421,2025-01-05,Savings,0.0,438.0,Unemployed
CUST_15422,2025-01-20,Savings,0.0,520.0,Finance
CUST_15423,2025-05-14,Savings,0.0,488.0,Healthcare
CUST_15424,2025-02-28,Credit Card,10468.67,639.0,Education
CUST_15425,2025-05-26,Credit Card,777.27,777.0,Unknown
CUST_15426,2025-05-12,Savings,0.0,721.0,Unemployed
CUST_15427,2025-01-17,Savings,3986.44,496.0,Unemployed
CUST_15428,2025-01-14,Savings,6421.92,497.0,Unemployed
CUST_15429,2025-01-13,Savings,1287.86,623.0,Unknown
CUST_15430,2025-05-15,Investment,0.0,559.0,Education
CUST_15431,2025-05-08,Checking,9361.94,498.0,Healthcare
CUST_15432,2025-02-13,Checking,0.0,436.0,Unemployed
CUST_15433,2025-04-29,Credit Card,18338.26,645.0,Unemployed
CUST_15434,2025-05-23,Credit Card,0.0,799.0,Unknown
CUST_15435,2025-01-19,Credit Card,18914.28,474.0,Healthcare
CUST_15436,2025-03-04,Savings,5211.24,788.0,Unknown
CUST_15437,2025-06-12,Savings,5980.92,768.0,Education
CUST_15438,2025-03-22,Checking,24144.46,615.0,Retail
CUST_15439,2025-06-12,Savings,0.0,679.0,Unemployed
CUST_15440,2025-05-27,Investment,0.0,741.0,Tech
CUST_15441,2025-05-28,Checking,13335.53,,Education
CUST_15442,2025-04-10,Investment,0.0,326.0,Tech
CUST_15443,2025-06-12,Savings,0.0,556.0,Healthcare
CUST_15444,2025-06-09,Credit Card,0.0,655.0,NA
CUST_15445,2025-05-02,Savings,22277.34,535.0,Healthcare
CUST_15446,2025-06-25,Investment,0.0,658.0,Unknown
CUST_15447,2025-02-13,Savings,0.0,570.0,Healthcare
CUST_15448,2025-04-14,Checking,0.0,848.0,Healthcare
CUST_15449,2025-06-01,Credit Card,0.0,809.0,Unemployed
CUST_15450,2025-03-02,Checking,2855.83,738.0,Education
CUST_15451,2025-05-05,Checking,17389.66,770.0,Education
CUST_15452,2025-05-25,Investment,0.0,610.0,Finance
CUST_15453,2025-03-12,Checking,0.0,516.0,Unknown
CUST_15454,2025-04-17,Checking,26341.08,611.0,Tech
CUST_15455,2025-02-19,Savings,20615.9,529.0,Unknown
CUST_15456,2025-03-06,Credit Card,0.0,639.0,Tech
CUST_15457,2025-04-09,Checking,4257.9,794.0,Tech
CUST_15458,2025-02-01,Checking,34520.53,463.0,Healthcare
CUST_15459,2025-06-13,Savings,0.0,415.0,Finance
CUST_15460,2025-05-21,Checking,0.0,370.0,Healthcare
CUST_15461,2025-02-27,Savings,0.0,352.0,Finance
CUST_15462,2025-05-08,Savings,3749.33,641.0,Retail
CUST_15463,2025-05-22,Checking,0.0,631.0,Education
CUST_15464,2025-06-14,Savings,19653.65,378.0,Unemployed
CUST_15465,2025-04-22,Savings,8159.84,406.0,Unemployed
CUST_15466,2025-03-09,Checking,0.0,381.0,Unemployed
CUST_15467,2025-02-09,Savings,0.0,501.0,Healthcare
CUST_15468,2025-05-24,Savings,0.0,691.0,Retail
CUST_15469,2025-05-12,Savings,17446.01,529.0,Tech
CUST_15470,2025-06-22,Checking,0.0,319.0,Unemployed
CUST_15471,2025-03-31,Checking,0.0,622.0,Retail
CUST_15472,2025-01-28,Credit Card,19428.52,767.0,Unemployed
CUST_15473,2025-04-06,Savings,853.96,609.0,Education
CUST_15474,2025-01-31,Savings,0.0,771.0,Unemployed
CUST_15475,2025-01-03,Savings,30692.33,373.0,Education
CUST_15476,2025-05-16,Checking,14158.2,735.0,Unemployed
CUST_15477,2025-01-24,Investment,5693.74,761.0,NA
CUST_15478,2025-01-15,Savings,1822.31,449.0,Education
CUST_15479,2025-06-20,Savings,794.9,614.0,Unknown
CUST_15480,2025-06-08,Savings,488.92,549.0,NA
CUST_15481,2025-02-14,Checking,896.4,573.0,Retail
CUST_15482,2025-01-08,Checking,0.0,781.0,Unknown
CUST_15483,2025-03-12,Checking,3449.75,381.0,Tech
CUST_15484,2025-04-18,Credit Card,0.0,531.0,Healthcare
CUST_15485,2025-04-25,Checking,8351.81,330.0,Unemployed
CUST_15486,2025-04-13,Savings,4647.84,383.0,Unknown
CUST_15487,2025-05-05,Savings,0.0,341.0,Tech
CUST_15488,2025-02-26,Checking,3697.69,550.0,Unknown
CUST_15489,2025-01-30,Checking,13144.09,809.0,Unknown
CUST_15490,2025-05-26,Checking,0.0,686.0,Finance
CUST_15491,2025-04-24,Checking,13672.97,565.0,Finance
CUST_15492,2025-04-27,Checking,0.0,321.0,Healthcare
CUST_15493,2025-06-16,Credit Card,0.0,706.0,Unemployed
CUST_15494,2025-03-01,Checking,0.0,375.0,Unemployed
CUST_15495,2025-04-08,Credit Card,13484.93,786.0,Education
CUST_15496,2025-06-20,Savings,0.0,650.0,Healthcare
CUST_15497,2025-05-06,Checking,0.0,,Retail
CUST_15498,2025-06-22,Investment,6359.9,350.0,Unemployed
CUST_15499,2025-05-31,Savings,0.0,775.0,Education
CUST_15500,2025-04-04,Credit Card,5930.87,824.0,Healthcare
CUST_15501,2025-05-14,Credit Card,14723.7,456.0,Healthcare
CUST_15502,2025-05-02,Savings,7613.02,498.0,Unknown
CUST_15503,2025-04-18,Checking,0.0,730.0,Retail
CUST_15504,2025-01-04,Savings,5617.3,417.0,Retail
CUST_15505,2025-04-03,Investment,3867.61,374.0,Tech
CUST_15506,2025-05-31,Credit Card,16378.04,666.0,Finance
CUST_15507,2025-01-06,Savings,23825.15,477.0,Healthcare
CUST_15508,2025-02-01,Savings,0.0,407.0,Unknown
CUST_15509,2025-04-16,Checking,8472.92,778.0,Tech
CUST_15510,2025-05-26,Savings,0.0,392.0,Education
CUST_15511,2025-01-15,Savings,11250.62,399.0,Education
CUST_15512,2025-06-17,Checking,11901.86,480.0,Finance
CUST_15513,2025-05-02,Savings,2498.09,395.0,Education
CUST_15514,2025-04-06,Savings,12785.25,531.0,Finance
CUST_15515,2025-01-06,Credit Card,5047.89,550.0,Education
CUST_15516,2025-04-22,Investment,4279.03,318.0,Education
CUST_15517,2025-04-30,Credit Card,0.0,586.0,Healthcare
CUST_15518,2025-05-03,Credit Card,7579.44,506.0,Retail
CUST_15519,2025-03-08,Savings,0.0,610.0,Healthcare
CUST_15520,2025-04-16,Savings,18045.23,402.0,Tech
CUST_15521,2025-05-19,Savings,0.0,458.0,Retail
CUST_15522,2025-02-12,Credit Card,9032.6,677.0,Healthcare
CUST_15523,2025-05-25,Investment,1090.65,523.0,NA
CUST_15524,2025-04-06,Credit Card,8994.82,391.0,Retail
CUST_15525,2025-05-12,Credit Card,4125.49,475.0,Retail
CUST_15526,2025-03-22,Checking,0.0,409.0,Education
CUST_15527,2025-02-10,Savings,21406.78,478.0,Retail
CUST_15528,2025-05-13,Checking,0.0,752.0,Education
CUST_15529,2025-06-09,Savings,14638.61,374.0,Unemployed
CUST_15530,2025-02-04,Savings,0.0,791.0,Retail
CUST_15531,2025-01-22,Checking,666.17,402.0,Education
CUST_15532,2025-05-30,Checking,27937.79,340.0,Retail
CUST_15533,2025-04-22,Checking,868.27,734.0,Tech
CUST_15534,2025-01-11,Checking,6447.09,633.0,Healthcare
CUST_15535,2025-01-03,Savings,29039.16,579.0,Unemployed
CUST_15536,2025-05-17,Checking,2857.65,841.0,Retail
CUST_15537,2025-03-01,Checking,8885.09,805.0,Tech
CUST_15538,2025-03-17,Savings,14069.58,542.0,Healthcare
CUST_15539,2025-03-28,Credit Card,0.0,378.0,Finance
CUST_15540,2025-01-14,Checking,0.0,736.0,Unemployed
CUST_15541,2025-01-18,Checking,6948.06,760.0,Unemployed
CUST_15542,2025-04-23,Credit Card,0.0,496.0,Retail
CUST_15543,2025-03-14,Credit Card,25547.07,330.0,Finance
CUST_15544,2025-01-23,Credit Card,16346.22,329.0,Healthcare
CUST_15545,2025-03-24,Savings,14112.25,412.0,Healthcare
CUST_15546,2025-05-05,Savings,24799.95,689.0,Retail
CUST_15547,2025-06-24,Savings,15848.69,575.0,Tech
CUST_15548,2025-03-10,Savings,1551.64,519.0,Retail
CUST_15549,2025-02-16,Investment,0.0,575.0,Tech
CUST_15550,2025-04-26,Checking,0.0,311.0,Unknown
CUST_15551,2025-01-30,Savings,0.0,792.0,Retail
CUST_15552,2025-01-25,Savings,14281.82,348.0,Tech
CUST_15553,2025-06-05,Savings,6213.42,309.0,Education
CUST_15554,2025-04-22,Checking,0.0,560.0,NA
CUST_15555,2025-01-25,Credit Card,17976.98,619.0,Tech
CUST_15556,2025-03-15,Credit Card,24940.46,485.0,Healthcare
CUST_15557,2025-02-27,Investment,27133.08,528.0,Finance
CUST_15558,2025-04-04,Savings,0.0,320.0,Retail
CUST_15559,2025-04-29,Savings,9823.55,315.0,Healthcare
CUST_15560,2025-05-07,Savings,0.0,779.0,Finance
CUST_15561,2025-06-18,Savings,34087.77,305.0,Healthcare
CUST_15562,2025-01-25,Investment,5458.66,597.0,Unemployed
CUST_15563,2025-03-19,Checking,0.0,558.0,Healthcare
CUST_15564,2025-04-09,Credit Card,0.0,339.0,Retail
CUST_15565,2025-04-26,Checking,10010.53,575.0,Unemployed
CUST_15566,2025-02-17,Savings,12734.21,818.0,Education
CUST_15567,2025-01-10,Savings,0.0,810.0,Healthcare
CUST_15568,2025-04-09,Checking,25952.96,607.0,Retail
CUST_15569,2025-01-11,Credit Card,12063.7,832.0,Tech
CUST_15570,2025-03-26,Savings,25832.37,779.0,Finance
CUST_15571,2025-05-29,Credit Card,30660.6,713.0,Unknown
CUST_15572,2025-06-22,Credit Card,3508.79,822.0,Retail
CUST_15573,2025-05-15,Checking,17853.61,764.0,Education
CUST_15574,2025-05-06,Credit Card,0.0,708.0,Unknown
CUST_15575,2025-03-05,Checking,0.0,349.0,Retail
CUST_15576,2025-01-02,Checking,28585.68,344.0,Retail
CUST_15577,2025-03-17,Credit Card,0.0,570.0,Tech
CUST_15578,2025-05-01,Investment,7947.03,574.0,Finance
CUST_15579,2025-02-11,Savings,0.0,722.0,Unknown
CUST_15580,2025-02-23,Checking,0.0,334.0,Unemployed
CUST_15581,2025-03-16,Savings,0.0,803.0,Finance
CUST_15582,2025-01-16,Savings,26707.19,787.0,Education
CUST_15583,2025-01-18,Checking,12706.53,443.0,Unemployed
CUST_15584,2025-03-31,Investment,17627.88,492.0,Unemployed
CUST_15585,2025-05-24,Savings,0.0,846.0,Finance
CUST_15586,2025-01-06,Savings,5519.73,477.0,Tech
CUST_15587,2025-04-18,Savings,0.0,617.0,Education
CUST_15588,2025-06-24,Checking,12384.85,690.0,Tech
CUST_15589,2025-02-17,Savings,41097.89,450.0,Tech
CUST_15590,2025-02-11,Savings,0.0,746.0,Unemployed
CUST_15591,2025-03-17,Credit Card,10991.74,840.0,Retail
CUST_15592,2025-03-18,Savings,38071.78,449.0,Retail
CUST_15593,2025-05-12,Checking,0.0,507.0,Retail
CUST_15594,2025-05-10,Credit Card,7247.59,648.0,Unemployed
CUST_15595,2025-02-28,Savings,15148.55,561.0,Unknown
CUST_15596,2025-06-04,Checking,0.0,712.0,Healthcare
CUST_15597,2025-01-27,Checking,8992.76,388.0,Tech
CUST_15598,2025-03-20,Checking,0.0,557.0,Finance
CUST_15599,2025-03-13,Checking,35716.53,791.0,Education
CUST_15600,2025-01-07,Savings,1889.43,847.0,Healthcare
CUST_15601,2025-04-21,Credit Card,0.0,395.0,Retail
CUST_15602,2025-04-29,Credit Card,17699.47,703.0,Unemployed
CUST_15603,2025-06-23,Savings,12320.19,738.0,Unknown
CUST_15604,2025-03-04,Savings,18439.02,336.0,Healthcare
CUST_15605,2025-05-04,Savings,33656.36,780.0,Unemployed
CUST_15606,2025-01-12,Savings,0.0,479.0,Healthcare
CUST_15607,2025-05-21,Checking,30785.54,624.0,Tech
CUST_15608,2025-02-12,Savings,33161.72,705.0,Tech
CUST_15609,2025-01-17,Savings,0.0,768.0,Unemployed
CUST_15610,2025-03-04,Credit Card,0.0,570.0,Finance
CUST_15611,2025-04-30,Savings,5708.34,653.0,Education
CUST_15612,2025-02-05,Credit Card,2004.84,764.0,Education
CUST_15613,2025-01-08,Credit Card,30635.83,663.0,Retail
CUST_15614,2025-03-10,Savings,0.0,368.0,Finance
CUST_15615,2025-03-31,Credit Card,8669.88,607.0,Education
CUST_15616,2025-02-05,Credit Card,0.0,722.0,Unknown
CUST_15617,2025-01-28,Savings,6627.02,813.0,Healthcare
CUST_15618,2025-04-28,Savings,37125.47,518.0,Healthcare
CUST_15619,2025-04-03,Checking,32345.62,344.0,Education
CUST_15620,2025-06-24,Investment,10677.87,532.0,Healthcare
CUST_15621,2025-03-17,Checking,14446.55,666.0,Unemployed
CUST_15622,2025-04-11,Savings,12072.35,421.0,Healthcare
CUST_15623,2025-06-07,Checking,439.92,794.0,Unemployed
CUST_15624,2025-05-31,Checking,33748.23,448.0,Retail
CUST_15625,2025-05-24,Checking,24793.26,775.0,Healthcare
CUST_15626,2025-01-14,Credit Card,8515.59,649.0,Unemployed
CUST_15627,2025-03-12,Checking,1747.31,414.0,Education
CUST_15628,2025-06-29,Credit Card,2720.63,536.0,Tech
CUST_15629,2025-05-04,Credit Card,10081.62,346.0,Healthcare
CUST_15630,2025-05-05,Checking,4474.29,,Education
CUST_15631,2025-02-06,Savings,22092.64,412.0,Healthcare
CUST_15632,2025-01-29,Credit Card,12185.4,844.0,Unknown
CUST_15633,2025-05-23,Investment,0.0,698.0,Finance
CUST_15634,2025-06-24,Savings,0.0,591.0,Unemployed
CUST_15635,2025-06-23,Checking,19861.99,615.0,Retail
CUST_15636,2025-06-29,Savings,0.0,461.0,Unknown
CUST_15637,2025-01-19,Credit Card,-229.15,389.0,Tech
CUST_15638,2025-04-16,Credit Card,0.0,350.0,Unemployed
CUST_15639,2025-01-21,Savings,0.0,,Healthcare
CUST_15640,2025-03-05,Credit Card,9653.12,705.0,Education
CUST_15641,2025-06-14,Savings,3142.77,443.0,Tech
CUST_15642,2025-01-27,Credit Card,0.0,827.0,Healthcare
CUST_15643,2025-02-24,Checking,36277.8,432.0,Finance
CUST_15644,2025-01-29,Savings,0.0,798.0,Education
CUST_15645,2025-05-28,Savings,0.0,689.0,Retail
CUST_15646,2025-01-25,Savings,0.0,469.0,Healthcare
CUST_15647,2025-03-11,Checking,0.0,841.0,NA
CUST_15648,2025-03-04,Checking,38868.62,459.0,Unknown
CUST_15649,2025-06-13,Savings,38710.35,,Healthcare
CUST_15650,2025-05-10,Savings,0.0,683.0,Retail
CUST_15651,2025-05-30,Savings,24031.05,484.0,Finance
CUST_15652,2025-01-16,Credit Card,13948.12,513.0,Unemployed
CUST_15653,2025-05-26,Credit Card,29841.72,393.0,Retail
CUST_15654,2025-04-10,Savings,3391.93,518.0,Unknown
CUST_15655,2025-01-30,Checking,11474.13,518.0,Retail
CUST_15656,2025-02-14,Savings,26038.19,,NA
CUST_15657,2025-01-19,Investment,23743.92,722.0,Unemployed
CUST_15658,2025-02-03,Investment,7274.52,722.0,Tech
CUST_15659,2025-05-21,Checking,0.0,785.0,Education
CUST_15660,2025-06-20,Investment,0.0,676.0,Healthcare
CUST_15661,2025-03-03,Credit Card,0.0,707.0,Unemployed
CUST_15662,2025-04-28,Credit Card,16809.01,418.0,Finance
CUST_15663,2025-04-10,Checking,8182.46,,Healthcare
CUST_15664,2025-01-22,Savings,9338.96,396.0,Tech
CUST_15665,2025-06-29,Savings,4622.51,346.0,Finance
CUST_15666,2025-06-29,Savings,0.0,472.0,Tech
CUST_15667,2025-04-21,Checking,9689.26,646.0,Healthcare
CUST_15668,2025-06-13,Savings,14078.77,536.0,Finance
CUST_15669,2025-03-14,Savings,0.0,842.0,Unknown
CUST_15670,2025-05-27,Checking,4574.77,512.0,Unemployed
CUST_15671,2025-02-07,Savings,0.0,571.0,Healthcare
CUST_15672,2025-03-11,Checking,1766.87,706.0,Education
CUST_15673,2025-04-26,Investment,0.0,377.0,Tech
CUST_15674,2025-03-20,Credit Card,977.04,445.0,Education
CUST_15675,2025-05-28,Checking,29410.79,311.0,Unknown
CUST_15676,2025-01-09,Checking,0.0,528.0,Unknown
CUST_15677,2025-02-01,Checking,0.0,640.0,Education
CUST_15678,2025-05-12,Savings,0.0,463.0,Healthcare
CUST_15679,2025-02-19,Credit Card,2146.77,681.0,Unknown
CUST_15680,2025-03-23,Savings,31884.82,721.0,Healthcare
CUST_15681,2025-01-05,Savings,26085.49,737.0,Retail
CUST_15682,2025-05-28,Credit Card,2848.7,362.0,Retail
CUST_15683,2025-03-28,Savings,0.0,545.0,Finance
CUST_15684,2025-05-06,Savings,0.0,349.0,Healthcare
CUST_15685,2025-03-16,Savings,0.0,533.0,Tech
CUST_15686,2025-06-14,Savings,0.0,827.0,Healthcare
CUST_15687,2025-01-22,Savings,16101.76,815.0,Healthcare
CUST_15688,2025-03-09,Savings,25033.34,581.0,Unemployed
CUST_15689,2025-02-13,Checking,0.0,519.0,Education
CUST_15690,2025-02-03,Credit Card,10758.42,647.0,Education
CUST_15691,2025-03-18,Savings,0.0,663.0,Unknown
CUST_15692,2025-02-11,Credit Card,0.0,341.0,Retail
CUST_15693,2025-05-17,Savings,5835.11,722.0,Unemployed
CUST_15694,2025-04-16,Savings,10750.13,434.0,Finance
CUST_15695,2025-04-05,Savings,30559.61,558.0,Finance
CUST_15696,2025-05-15,Checking,35947.75,490.0,Healthcare
CUST_15697,2025-03-09,Checking,821.48,555.0,Unemployed
CUST_15698,2025-05-27,Checking,18681.72,,Tech
CUST_15699,2025-06-08,Credit Card,9726.35,372.0,Education
CUST_15700,2025-05-08,Checking,5034.07,373.0,Tech
CUST_15701,2025-06-12,Checking,4437.84,700.0,Unemployed
CUST_15702,2025-03-26,Investment,2825.76,378.0,Education
CUST_15703,2025-06-08,Savings,3471.13,547.0,Unemployed
CUST_15704,2025-03-24,Savings,29849.21,486.0,Unemployed
CUST_15705,2025-04-05,Credit Card,8218.68,769.0,Healthcare
CUST_15706,2025-02-01,Checking,31127.92,755.0,Finance
CUST_15707,2025-03-07,Savings,0.0,575.0,Unemployed
CUST_15708,2025-04-26,Savings,0.0,478.0,Healthcare
CUST_15709,2025-05-18,Checking,0.0,428.0,Education
CUST_15710,2025-05-10,Checking,0.0,678.0,Unemployed
CUST_15711,2025-03-01,Savings,0.0,414.0,Finance
CUST_15712,2025-01-17,Investment,24509.75,621.0,Tech
CUST_15713,2025-04-06,Credit Card,0.0,688.0,Tech
CUST_15714,2025-05-24,Checking,13741.79,763.0,Retail
CUST_15715,2025-01-16,Checking,35212.91,501.0,Unknown
CUST_15716,2025-02-15,Credit Card,0.0,846.0,Tech
CUST_15717,2025-06-16,Savings,1535.94,,Retail
CUST_15718,2025-06-08,Savings,25290.62,451.0,Finance
CUST_15719,2025-04-17,Checking,0.0,704.0,Healthcare
CUST_15720,2025-03-29,Credit Card,9985.84,790.0,Unemployed
CUST_15721,2025-05-09,Savings,14589.41,461.0,Unemployed
CUST_15722,2025-05-19,Investment,7603.92,446.0,Unknown
CUST_15723,2025-04-29,Checking,0.0,711.0,Healthcare
CUST_15724,2025-03-26,Savings,0.0,555.0,Unemployed
CUST_15725,2025-01-04,Savings,0.0,669.0,Finance
CUST_15726,2025-03-12,Savings,13947.71,590.0,Unemployed
CUST_15727,2025-06-03,Credit Card,0.0,639.0,Unknown
CUST_15728,2025-04-21,Investment,22939.64,375.0,Unemployed
CUST_15729,2025-02-19,Checking,28837.51,839.0,Finance
CUST_15730,2025-05-20,Investment,0.0,804.0,Education
CUST_15731,2025-04-05,Credit Card,16072.89,620.0,Tech
CUST_15732,2025-04-02,Checking,35884.79,606.0,Tech
CUST_15733,2025-03-06,Checking,0.0,646.0,Tech
CUST_15734,2025-02-16,Checking,23009.63,692.0,NA
CUST_15735,2025-04-16,Checking,13428.96,498.0,Tech
CUST_15736,2025-05-10,Savings,19407.27,481.0,Unemployed
CUST_15737,2025-04-16,Checking,0.0,539.0,Unemployed
CUST_15738,2025-01-24,Savings,33577.77,365.0,Education
CUST_15739,2025-01-04,Credit Card,0.0,470.0,Healthcare
CUST_15740,2025-04-18,Credit Card,14609.66,464.0,Unknown
CUST_15741,2025-01-19,Savings,4051.47,362.0,Healthcare
CUST_15742,2025-06-03,Savings,13049.8,654.0,Unemployed
CUST_15743,2025-02-09,Checking,0.0,350.0,Retail
CUST_15744,2025-02-19,Checking,0.0,342.0,Education
CUST_15745,2025-06-20,Savings,9305.46,620.0,Finance
CUST_15746,2025-03-16,Checking,0.0,617.0,Unemployed
CUST_15747,2025-01-12,Savings,0.0,515.0,Healthcare
CUST_15748,2025-01-27,Savings,13172.28,490.0,Unknown
CUST_15749,2025-04-23,Savings,0.0,789.0,Education
CUST_15750,2025-02-18,Savings,23103.24,389.0,Unknown
CUST_15751,2025-05-24,Credit Card,6792.69,721.0,Unknown
CUST_15752,2025-05-10,Investment,16442.44,790.0,Finance
CUST_15753,2025-03-01,Checking,12910.22,553.0,Unknown
CUST_15754,2025-01-30,Checking,13737.46,406.0,Retail
CUST_15755,2025-03-25,Savings,0.0,593.0,Unemployed
CUST_15756,2025-06-15,Checking,22470.32,810.0,Tech
CUST_15757,2025-01-28,Savings,9093.71,535.0,Unemployed
CUST_15758,2025-01-25,Checking,0.0,797.0,Education
CUST_15759,2025-04-06,Investment,3120.65,655.0,Unemployed
CUST_15760,2025-05-05,Savings,10432.04,603.0,Healthcare
CUST_15761,2025-01-10,Credit Card,7703.43,831.0,Retail
CUST_15762,2025-02-11,Savings,13958.63,791.0,Unemployed
CUST_15763,2025-02-09,Savings,29800.85,416.0,Education
CUST_15764,2025-03-18,Savings,0.0,666.0,Retail
CUST_15765,2025-04-15,Savings,16254.12,,Finance
CUST_15766,2025-04-28,Savings,3390.51,419.0,Education
CUST_15767,2025-02-11,Savings,22138.17,512.0,Unemployed
CUST_15768,2025-02-16,Checking,29384.72,482.0,Unemployed
CUST_15769,2025-06-14,Savings,7941.84,638.0,Tech
CUST_15770,2025-01-22,Checking,14312.11,777.0,Finance
CUST_15771,2025-04-17,Investment,23240.97,793.0,Tech
CUST_15772,2025-01-27,Checking,19973.59,530.0,Retail
CUST_15773,2025-02-10,Savings,23851.56,663.0,Unknown
CUST_15774,2025-03-21,Savings,528.74,745.0,Tech
CUST_15775,2025-06-11,Credit Card,0.0,783.0,Finance
CUST_15776,2025-06-09,Checking,0.0,545.0,Finance
CUST_15777,2025-03-30,Checking,2069.89,,Finance
CUST_15778,2025-03-07,Savings,3737.49,456.0,Unemployed
CUST_15779,2025-01-12,Checking,2845.98,664.0,Retail
CUST_15780,2025-06-17,Savings,12383.43,485.0,Healthcare
CUST_15781,2025-03-14,Investment,12773.88,794.0,Retail
CUST_15782,2025-03-17,Credit Card,4018.58,484.0,Finance
CUST_15783,2025-03-31,Savings,10201.56,686.0,Retail
CUST_15784,2025-01-10,Checking,17401.16,579.0,Unknown
CUST_15785,2025-04-06,Savings,0.0,781.0,Education
CUST_15786,2025-06-25,Checking,18998.31,564.0,Unknown
CUST_15787,2025-01-20,Credit Card,0.0,651.0,Unknown
CUST_15788,2025-02-08,Checking,26586.21,381.0,Education
CUST_15789,2025-03-01,Savings,7493.66,480.0,Healthcare
CUST_15790,2025-03-07,Savings,5961.53,641.0,Unknown
CUST_15791,2025-03-06,Credit Card,0.0,495.0,Retail
CUST_15792,2025-06-28,Checking,14868.34,359.0,Unknown
CUST_15793,2025-05-04,Checking,6425.86,450.0,Unknown
CUST_15794,2025-06-13,Savings,7612.22,360.0,Unemployed
CUST_15795,2025-06-01,Savings,3603.81,,Unknown
CUST_15796,2025-06-04,Investment,14377.93,630.0,Retail
CUST_15797,2025-05-10,Checking,17382.07,338.0,Education
CUST_15798,2025-06-08,Checking,12260.35,552.0,Finance
CUST_15799,2025-02-26,Checking,24756.02,532.0,Tech
CUST_15800,2025-03-19,Credit Card,0.0,653.0,NA
CUST_15801,2025-01-29,Savings,0.0,469.0,Healthcare
CUST_15802,2025-01-15,Savings,11100.56,516.0,Tech
CUST_15803,2025-01-12,Checking,14926.68,647.0,Finance
CUST_15804,2025-04-11,Checking,12750.43,825.0,Retail
CUST_15805,2025-06-05,Credit Card,0.0,710.0,Unemployed
CUST_15806,2025-03-25,Credit Card,0.0,827.0,Unknown
CUST_15807,2025-05-05,Savings,2228.2,825.0,Retail
CUST_15808,2025-04-13,Savings,0.0,542.0,Education
CUST_15809,2025-01-24,Investment,8913.46,307.0,Retail
CUST_15810,2025-05-29,Checking,3877.46,582.0,Retail
CUST_15811,2025-05-18,Checking,0.0,465.0,Healthcare
CUST_15812,2025-04-20,Checking,0.0,502.0,Unknown
CUST_15813,2025-03-19,Checking,6645.91,663.0,Unemployed
CUST_15814,2025-04-11,Savings,0.0,451.0,Tech
CUST_15815,2025-05-26,Credit Card,0.0,724.0,Finance
CUST_15816,2025-05-22,Credit Card,1049.15,768.0,NA
CUST_15817,2025-06-11,Checking,502.98,709.0,Healthcare
CUST_15818,2025-05-08,Checking,934.08,814.0,Tech
CUST_15819,2025-02-27,Savings,25385.81,550.0,Unknown
CUST_15820,2025-03-17,Savings,19228.31,376.0,Retail
CUST_15821,2025-05-30,Savings,0.0,721.0,Unemployed
CUST_15822,2025-02-05,Savings,0.0,684.0,Unknown
CUST_15823,2025-06-22,Investment,0.0,678.0,Healthcare
CUST_15824,2025-06-13,Credit Card,23407.4,527.0,Retail
CUST_15825,2025-01-22,Checking,0.0,417.0,Finance
CUST_15826,2025-05-07,Checking,6253.8,566.0,Healthcare
CUST_15827,2025-03-21,Savings,379.19,534.0,Unemployed
CUST_15828,2025-04-10,Investment,22975.54,467.0,Healthcare
CUST_15829,2025-04-06,Savings,19717.22,,Healthcare
CUST_15830,2025-06-10,Savings,0.0,636.0,Unknown
CUST_15831,2025-06-22,Checking,22949.79,626.0,Finance
CUST_15832,2025-06-13,Credit Card,0.0,658.0,Unemployed
CUST_15833,2025-05-28,Credit Card,14184.15,747.0,Finance
CUST_15834,2025-01-18,Savings,15530.76,833.0,Education
CUST_15835,2025-02-07,Credit Card,30277.51,396.0,Unemployed
CUST_15836,2025-05-31,Savings,8410.17,,Finance
CUST_15837,2025-04-19,Savings,0.0,555.0,Unemployed
CUST_15838,2025-05-03,Credit Card,0.0,741.0,Finance
CUST_15839,2025-05-24,Credit Card,26903.42,708.0,Retail
CUST_15840,2025-05-29,Checking,30456.67,384.0,Finance
CUST_15841,2025-04-14,Checking,0.0,716.0,Unemployed
CUST_15842,2025-05-20,Credit Card,5332.85,848.0,Tech
CUST_15843,2025-05-24,Credit Card,25449.59,801.0,Retail
CUST_15844,2025-03-22,Credit Card,16536.03,397.0,Unemployed
CUST_15845,2025-03-28,Checking,2198.32,841.0,Unemployed
CUST_15846,2025-05-22,Investment,0.0,802.0,Unemployed
CUST_15847,2025-03-02,Investment,0.0,750.0,Education
CUST_15848,2025-02-15,Savings,19300.32,490.0,Tech
CUST_15849,2025-02-01,Credit Card,0.0,500.0,Education
CUST_15850,2025-01-15,Checking,0.0,621.0,Healthcare
CUST_15851,2025-02-13,Savings,14178.55,557.0,Unknown
CUST_15852,2025-05-25,Checking,6209.03,454.0,Healthcare
CUST_15853,2025-06-18,Savings,10841.6,786.0,Healthcare
CUST_15854,2025-02-23,Checking,139.5,527.0,Unknown
CUST_15855,2025-02-13,Credit Card,-484.17,816.0,Finance
CUST_15856,2025-04-08,Savings,0.0,810.0,Unknown
CUST_15857,2025-01-05,Checking,15634.52,373.0,Finance
CUST_15858,2025-04-19,Investment,6275.8,664.0,Retail
CUST_15859,2025-01-27,Checking,9397.33,323.0,Tech
CUST_15860,2025-04-26,Savings,0.0,762.0,Unknown
CUST_15861,2025-03-28,Checking,15435.61,780.0,Tech
CUST_15862,2025-04-14,Checking,9681.19,388.0,Unemployed
CUST_15863,2025-05-03,Checking,15954.56,833.0,Healthcare
CUST_15864,2025-03-20,Credit Card,10177.09,599.0,Healthcare
CUST_15865,2025-02-12,Checking,9290.24,343.0,Unemployed
CUST_15866,2025-04-07,Credit Card,0.0,336.0,Finance
CUST_15867,2025-01-31,Checking,22066.3,818.0,Education
CUST_15868,2025-04-09,Savings,0.0,773.0,Unemployed
CUST_15869,2025-01-17,Checking,20556.13,579.0,Unknown
CUST_15870,2025-03-24,Credit Card,3907.9,760.0,Tech
CUST_15871,2025-04-20,Checking,0.0,468.0,Tech
CUST_15872,2025-02-01,Savings,3708.01,369.0,Education
CUST_15873,2025-06-17,Savings,0.0,512.0,Tech
CUST_15874,2025-05-21,Savings,21619.74,371.0,Tech
CUST_15875,2025-02-04,Savings,0.0,479.0,Unknown
CUST_15876,2025-05-13,Checking,0.0,507.0,Finance
CUST_15877,2025-01-29,Savings,14912.72,476.0,Tech
CUST_15878,2025-03-11,Credit Card,4364.75,600.0,Healthcare
CUST_15879,2025-06-02,Savings,12802.51,453.0,Healthcare
CUST_15880,2025-04-05,Savings,3291.55,453.0,Retail
CUST_15881,2025-01-22,Checking,22349.8,329.0,Finance
CUST_15882,2025-06-22,Savings,0.0,326.0,Finance
CUST_15883,2025-03-10,Credit Card,0.0,539.0,Healthcare
CUST_15884,2025-03-30,Savings,0.0,397.0,Finance
CUST_15885,2025-03-13,Checking,11527.82,625.0,Unknown
CUST_15886,2025-05-09,Credit Card,0.0,536.0,Finance
CUST_15887,2025-06-21,Checking,24250.79,437.0,Retail
CUST_15888,2025-03-28,Savings,0.0,847.0,Education
CUST_15889,2025-04-06,Checking,20273.31,345.0,Unemployed
CUST_15890,2025-03-16,Credit Card,0.0,689.0,Tech
CUST_15891,2025-06-16,Investment,24613.01,663.0,Retail
CUST_15892,2025-02-23,Credit Card,12584.47,659.0,Unknown
CUST_15893,2025-03-29,Savings,7887.57,506.0,Education
CUST_15894,2025-06-06,Investment,14966.0,814.0,Tech
CUST_15895,2025-02-23,Savings,23399.81,665.0,Healthcare
CUST_15896,2025-01-16,Savings,4237.95,737.0,NA
CUST_15897,2025-04-09,Credit Card,0.0,530.0,Tech
CUST_15898,2025-01-20,Savings,23000.68,722.0,Retail
CUST_15899,2025-02-15,Savings,931.33,768.0,Tech
CUST_15900,2025-05-07,Savings,43398.49,610.0,Finance
CUST_15901,2025-02-27,Checking,0.0,694.0,Unemployed
CUST_15902,2025-04-21,Credit Card,0.0,413.0,Tech
CUST_15903,2025-05-09,Checking,16166.68,501.0,Healthcare
CUST_15904,2025-03-22,Savings,16423.74,762.0,Retail
CUST_15905,2025-06-06,Checking,11339.36,841.0,Unknown
CUST_15906,2025-03-25,Investment,0.0,,Education
CUST_15907,2025-03-11,Credit Card,0.0,546.0,Tech
CUST_15908,2025-01-08,Savings,0.0,545.0,Retail
CUST_15909,2025-01-29,Investment,0.0,483.0,Healthcare
CUST_15910,2025-04-22,Credit Card,35951.68,712.0,Unknown
CUST_15911,2025-06-28,Savings,0.0,572.0,Unemployed
CUST_15912,2025-06-10,Savings,589.19,844.0,Education
CUST_15913,2025-05-11,Savings,15386.74,576.0,Unknown
CUST_15914,2025-06-12,Credit Card,5078.32,798.0,Tech
CUST_15915,2025-04-18,Savings,0.0,789.0,Healthcare
CUST_15916,2025-04-19,Checking,2771.16,514.0,Finance
CUST_15917,2025-01-20,Savings,0.0,402.0,Retail
CUST_15918,2025-03-14,Investment,1183.15,474.0,Retail
CUST_15919,2025-06-16,Savings,10858.2,351.0,Tech
CUST_15920,2025-01-04,Investment,0.0,596.0,NA
CUST_15921,2025-01-19,Investment,21206.61,474.0,Education
CUST_15922,2025-04-12,Savings,6090.3,642.0,Education
CUST_15923,2025-06-22,Checking,0.0,470.0,Education
CUST_15924,2025-06-20,Savings,265.49,336.0,Education
CUST_15925,2025-05-21,Investment,22511.76,500.0,Tech
CUST_15926,2025-05-21,Checking,17276.13,363.0,Tech
CUST_15927,2025-03-27,Savings,8599.57,785.0,Unknown
CUST_15928,2025-02-21,Savings,0.0,754.0,Retail
CUST_15929,2025-04-21,Savings,13523.66,708.0,Unknown
CUST_15930,2025-04-19,Investment,5212.39,449.0,Healthcare
CUST_15931,2025-03-27,Checking,31185.04,801.0,Finance
CUST_15932,2025-02-12,Credit Card,4436.83,847.0,Tech
CUST_15933,2025-02-11,Savings,30257.27,577.0,Unknown
CUST_15934,2025-03-31,Savings,7922.46,334.0,Education
CUST_15935,2025-04-25,Investment,0.0,474.0,Finance
CUST_15936,2025-01-26,Savings,54450.76,332.0,Unknown
CUST_15937,2025-05-31,Investment,0.0,696.0,Retail
CUST_15938,2025-02-12,Savings,0.0,553.0,Education
CUST_15939,2025-03-18,Savings,0.0,622.0,Unemployed
CUST_15940,2025-06-05,Checking,46095.23,312.0,Healthcare
CUST_15941,2025-05-17,Investment,36859.86,349.0,Finance
CUST_15942,2025-01-20,Investment,7160.18,532.0,Retail
CUST_15943,2025-02-08,Savings,11512.13,839.0,Unknown
CUST_15944,2025-06-28,Savings,8763.82,395.0,Tech
CUST_15945,2025-01-12,Checking,0.0,642.0,Healthcare
CUST_15946,2025-01-11,Checking,26882.41,492.0,Education
CUST_15947,2025-06-03,Credit Card,24917.9,810.0,Finance
CUST_15948,2025-02-11,Savings,0.0,750.0,NA
CUST_15949,2025-06-04,Investment,9885.25,424.0,Finance
CUST_15950,2025-01-11,Checking,3898.79,380.0,Healthcare
CUST_15951,2025-02-07,Credit Card,1832.62,306.0,Unknown
CUST_15952,2025-04-08,Checking,0.0,629.0,Tech
CUST_15953,2025-06-20,Checking,3315.15,382.0,Tech
CUST_15954,2025-01-19,Investment,0.0,835.0,Unknown
CUST_15955,2025-05-14,Checking,20963.62,826.0,Unemployed
CUST_15956,2025-06-23,Credit Card,4585.38,412.0,Healthcare
CUST_15957,2025-04-26,Investment,0.0,739.0,Education
CUST_15958,2025-04-23,Checking,4621.8,318.0,Finance
CUST_15959,2025-06-19,Checking,2880.52,308.0,Education
CUST_15960,2025-03-06,Savings,2249.23,484.0,Retail
CUST_15961,2025-04-09,Savings,15156.33,337.0,Education
CUST_15962,2025-03-13,Savings,850.39,433.0,Unemployed
CUST_15963,2025-02-21,Savings,0.0,401.0,Healthcare
CUST_15964,2025-04-28,Savings,0.0,448.0,Unemployed
CUST_15965,2025-06-24,Savings,4871.08,392.0,Tech
CUST_15966,2025-04-30,Savings,23680.3,439.0,Unemployed
CUST_15967,2025-01-07,Checking,3142.86,594.0,Healthcare
CUST_15968,2025-01-11,Savings,0.0,843.0,Healthcare
CUST_15969,2025-04-13,Savings,0.0,487.0,Finance
CUST_15970,2025-03-02,Checking,0.0,435.0,Healthcare
CUST_15971,2025-03-09,Checking,22646.78,465.0,Retail
CUST_15972,2025-06-02,Checking,12270.53,776.0,Finance
CUST_15973,2025-05-20,Checking,16544.45,446.0,Finance
CUST_15974,2025-06-03,Credit Card,8766.04,544.0,Education
CUST_15975,2025-04-12,Checking,0.0,482.0,Unemployed
CUST_15976,2025-04-20,Checking,247.35,308.0,Healthcare
CUST_15977,2025-05-20,Investment,0.0,735.0,Education
CUST_15978,2025-06-20,Credit Card,0.0,455.0,Education
CUST_15979,2025-02-20,Checking,0.0,413.0,Unemployed
CUST_15980,2025-04-27,Checking,21571.65,466.0,Finance
CUST_15981,2025-06-14,Savings,35325.72,787.0,Education
CUST_15982,2025-02-15,Checking,0.0,736.0,Education
CUST_15983,2025-02-22,Investment,2461.85,522.0,Finance
CUST_15984,2025-03-29,Checking,8251.73,,Finance
CUST_15985,2025-05-01,Investment,0.0,472.0,Tech
CUST_15986,2025-01-13,Checking,5792.18,556.0,Healthcare
CUST_15987,2025-03-30,Investment,10274.56,749.0,Tech
CUST_15988,2025-05-05,Checking,3829.83,800.0,Unemployed
CUST_15989,2025-04-28,Savings,14405.43,376.0,Unknown
CUST_15990,2025-02-23,Checking,5004.93,525.0,Finance
CUST_15991,2025-04-26,Savings,0.0,525.0,Retail
CUST_15992,2025-04-28,Savings,0.0,375.0,Education
CUST_15993,2025-01-04,Credit Card,26486.11,332.0,Education
CUST_15994,2025-03-16,Savings,12804.23,368.0,Finance
CUST_15995,2025-02-18,Credit Card,0.0,714.0,Education
CUST_15996,2025-01-07,Savings,0.0,747.0,Tech
CUST_15997,2025-04-20,Savings,15827.3,661.0,Education
CUST_15998,2025-05-02,Investment,0.0,669.0,Retail
CUST_15999,2025-01-11,Savings,0.0,698.0,Healthcare
CUST_16000,2025-04-02,Checking,20890.86,419.0,Unemployed
CUST_16001,2025-06-22,Checking,15858.06,347.0,Unemployed
CUST_16002,2025-01-23,Checking,0.0,367.0,Unemployed
CUST_16003,2025-01-28,Investment,23675.38,638.0,Unknown
CUST_16004,2025-04-21,Checking,0.0,384.0,Tech
CUST_16005,2025-02-26,Checking,0.0,676.0,Healthcare
CUST_16006,2025-01-26,Credit Card,0.0,684.0,Healthcare
CUST_16007,2025-06-02,Savings,0.0,575.0,Retail
CUST_16008,2025-02-23,Checking,11190.62,504.0,Unemployed
CUST_16009,2025-01-29,Investment,12801.58,364.0,Retail
CUST_16010,2025-04-07,Checking,0.0,378.0,Retail
CUST_16011,2025-06-13,Credit Card,15593.8,825.0,Retail
CUST_16012,2025-01-14,Checking,0.0,624.0,Unemployed
CUST_16013,2025-03-19,Credit Card,15291.21,677.0,Tech
CUST_16014,2025-02-04,Investment,9880.97,645.0,Unknown
CUST_16015,2025-01-30,Savings,0.0,734.0,Retail
CUST_16016,2025-04-02,Savings,11211.73,677.0,Tech
CUST_16017,2025-01-17,Checking,0.0,314.0,Education
CUST_16018,2025-06-07,Credit Card,21576.66,753.0,Healthcare
CUST_16019,2025-04-03,Savings,12905.78,492.0,Unemployed
CUST_16020,2025-06-22,Savings,10454.64,532.0,Education
CUST_16021,2025-03-20,Savings,0.0,562.0,Unknown
CUST_16022,2025-04-20,Investment,16627.73,745.0,Education
CUST_16023,2025-06-28,Checking,23055.66,353.0,Finance
CUST_16024,2025-04-12,Checking,29103.39,303.0,Unemployed
CUST_16025,2025-04-16,Savings,0.0,556.0,Education
CUST_16026,2025-02-16,Savings,17278.06,660.0,Education
CUST_16027,2025-03-05,Savings,25931.61,539.0,NA
CUST_16028,2025-06-15,Savings,1354.34,781.0,Unemployed
CUST_16029,2025-03-05,Investment,26081.43,760.0,Unknown
CUST_16030,2025-03-28,Investment,7382.97,437.0,Education
CUST_16031,2025-01-07,Savings,0.0,750.0,Finance
CUST_16032,2025-01-22,Savings,0.0,623.0,Unknown
CUST_16033,2025-03-22,Savings,0.0,772.0,Tech
CUST_16034,2025-06-18,Checking,4416.42,776.0,Healthcare
CUST_16035,2025-03-15,Savings,2597.25,492.0,Retail
CUST_16036,2025-05-18,Savings,7825.85,606.0,Education
CUST_16037,2025-05-15,Savings,25425.53,841.0,Unknown
CUST_16038,2025-05-05,Credit Card,4753.5,520.0,Tech
CUST_16039,2025-02-19,Credit Card,993.06,471.0,Healthcare
CUST_16040,2025-02-21,Checking,2007.42,459.0,Unknown
CUST_16041,2025-06-10,Savings,0.0,471.0,Unknown
CUST_16042,2025-01-01,Investment,15251.98,362.0,Unknown
CUST_16043,2025-06-11,Investment,2738.11,364.0,Tech
CUST_16044,2025-01-04,Savings,6204.98,468.0,Finance
CUST_16045,2025-05-25,Savings,1988.53,380.0,Unknown
CUST_16046,2025-05-12,Checking,6910.78,567.0,Tech
CUST_16047,2025-06-20,Savings,0.0,679.0,Unknown
CUST_16048,2025-01-04,Checking,4983.79,372.0,Education
CUST_16049,2025-01-01,Checking,0.0,631.0,Education
CUST_16050,2025-03-12,Checking,5523.94,487.0,Unemployed
CUST_16051,2025-06-27,Savings,0.0,324.0,Retail
CUST_16052,2025-02-04,Checking,12178.47,527.0,Retail
CUST_16053,2025-01-08,Investment,5321.08,417.0,Education
CUST_16054,2025-06-01,Savings,0.0,744.0,Tech
CUST_16055,2025-02-05,Checking,19195.03,407.0,Unknown
CUST_16056,2025-06-27,Savings,0.0,541.0,Unknown
CUST_16057,2025-05-03,Savings,-379.3,833.0,Unemployed
CUST_16058,2025-02-12,Checking,16973.25,780.0,Unemployed
CUST_16059,2025-01-27,Savings,21100.7,802.0,Unknown
CUST_16060,2025-02-01,Savings,0.0,797.0,Unknown
CUST_16061,2025-03-19,Savings,6672.27,355.0,Education
CUST_16062,2025-05-01,Checking,15229.53,448.0,Tech
CUST_16063,2025-05-26,Credit Card,23948.92,,Education
CUST_16064,2025-06-05,Savings,6330.16,420.0,Healthcare
CUST_16065,2025-06-06,Checking,12076.05,325.0,Tech
CUST_16066,2025-01-16,Savings,0.0,411.0,Finance
CUST_16067,2025-04-09,Checking,0.0,810.0,Unknown
CUST_16068,2025-02-16,Checking,13323.47,322.0,Finance
CUST_16069,2025-01-31,Checking,0.0,563.0,Unknown
CUST_16070,2025-01-04,Investment,0.0,415.0,Unknown
CUST_16071,2025-06-14,Investment,14621.3,779.0,Retail
CUST_16072,2025-01-17,Savings,2788.27,606.0,Healthcare
CUST_16073,2025-02-08,Credit Card,8413.55,530.0,Finance
CUST_16074,2025-02-17,Savings,0.0,791.0,Unknown
CUST_16075,2025-06-23,Investment,0.0,419.0,Education
CUST_16076,2025-06-25,Savings,29459.28,585.0,Finance
CUST_16077,2025-02-08,Savings,0.0,706.0,Education
CUST_16078,2025-05-12,Savings,1950.61,657.0,Healthcare
CUST_16079,2025-01-30,Savings,8560.45,451.0,Unemployed
CUST_16080,2025-06-07,Credit Card,0.0,624.0,Unemployed
CUST_16081,2025-01-22,Investment,25292.0,545.0,Unemployed
CUST_16082,2025-03-07,Checking,5112.54,614.0,Unknown
CUST_16083,2025-04-18,Credit Card,1453.78,461.0,Retail
CUST_16084,2025-01-12,Credit Card,21021.7,668.0,Unemployed
CUST_16085,2025-02-05,Savings,18677.0,484.0,Finance
CUST_16086,2025-01-18,Savings,34504.86,575.0,Retail
CUST_16087,2025-03-31,Savings,0.0,828.0,Unemployed
CUST_16088,2025-01-01,Savings,37899.16,735.0,Unemployed
CUST_16089,2025-05-07,Savings,14692.1,559.0,Healthcare
CUST_16090,2025-03-31,Savings,30356.05,544.0,Tech
CUST_16091,2025-03-28,Savings,19787.06,637.0,Unemployed
CUST_16092,2025-03-31,Savings,0.0,349.0,Healthcare
CUST_16093,2025-05-14,Investment,0.0,571.0,NA
CUST_16094,2025-03-11,Savings,0.0,534.0,Unknown
CUST_16095,2025-02-13,Checking,0.0,605.0,Healthcare
CUST_16096,2025-06-01,Checking,0.0,776.0,Tech
CUST_16097,2025-03-27,Checking,24005.07,787.0,Tech
CUST_16098,2025-01-19,Savings,0.0,379.0,Healthcare
CUST_16099,2025-04-11,Savings,0.0,585.0,Tech
CUST_16100,2025-05-26,Savings,15494.54,397.0,Education
CUST_16101,2025-04-05,Savings,0.0,777.0,Healthcare
CUST_16102,2025-04-11,Savings,32608.48,705.0,Unemployed
CUST_16103,2025-01-30,Checking,1074.99,836.0,Finance
CUST_16104,2025-06-19,Checking,18960.33,554.0,Education
CUST_16105,2025-02-02,Checking,1998.99,786.0,Healthcare
CUST_16106,2025-01-12,Checking,5368.66,493.0,Finance
CUST_16107,2025-04-28,Savings,21906.29,815.0,Unknown
CUST_16108,2025-04-04,Credit Card,8440.26,763.0,Unemployed
CUST_16109,2025-06-04,Savings,27406.92,803.0,Finance
CUST_16110,2025-06-16,Credit Card,0.0,,Retail
CUST_16111,2025-05-17,Credit Card,0.0,315.0,Unknown
CUST_16112,2025-05-29,Checking,0.0,372.0,Retail
CUST_16113,2025-03-17,Savings,23824.49,619.0,Unknown
CUST_16114,2025-01-29,Checking,18523.83,544.0,Finance
CUST_16115,2025-06-10,Savings,1015.43,494.0,Healthcare
CUST_16116,2025-04-27,Savings,9481.33,388.0,Healthcare
CUST_16117,2025-01-15,Savings,21041.65,438.0,Healthcare
CUST_16118,2025-01-02,Savings,2146.52,696.0,Healthcare
CUST_16119,2025-06-29,Checking,0.0,783.0,Finance
CUST_16120,2025-04-27,Credit Card,0.0,686.0,Unemployed
CUST_16121,2025-06-21,Savings,0.0,667.0,Tech
CUST_16122,2025-01-18,Investment,6533.07,757.0,Unknown
CUST_16123,2025-01-03,Investment,0.0,721.0,Tech
CUST_16124,2025-05-15,Investment,20502.31,531.0,Unemployed
CUST_16125,2025-06-20,Credit Card,0.0,838.0,Unemployed
CUST_16126,2025-06-15,Savings,0.0,643.0,Unknown
CUST_16127,2025-06-14,Savings,0.0,437.0,Healthcare
CUST_16128,2025-06-10,Checking,0.0,673.0,Retail
CUST_16129,2025-04-18,Checking,5106.82,736.0,Finance
CUST_16130,2025-04-05,Credit Card,21166.38,,Tech
CUST_16131,2025-05-02,Investment,6799.77,818.0,Unemployed
CUST_16132,2025-01-11,Checking,16113.5,414.0,Finance
CUST_16133,2025-03-09,Savings,20076.7,391.0,Retail
CUST_16134,2025-05-03,Savings,10884.12,645.0,Unemployed
CUST_16135,2025-04-23,Savings,0.0,824.0,Finance
CUST_16136,2025-04-08,Checking,11069.06,390.0,Retail
CUST_16137,2025-04-03,Checking,27317.07,697.0,Unemployed
CUST_16138,2025-01-22,Credit Card,275.88,404.0,Retail
CUST_16139,2025-06-21,Checking,13319.76,839.0,Unknown
CUST_16140,2025-05-07,Investment,12932.51,578.0,Education
CUST_16141,2025-05-14,Checking,0.0,311.0,Unemployed
CUST_16142,2025-06-19,Credit Card,19059.94,606.0,Retail
CUST_16143,2025-01-25,Savings,0.0,663.0,Education
CUST_16144,2025-03-26,Credit Card,11795.77,617.0,Unemployed
CUST_16145,2025-02-24,Checking,1409.39,837.0,Unemployed
CUST_16146,2025-05-24,Savings,5654.42,513.0,Retail
CUST_16147,2025-04-05,Savings,19003.6,613.0,Unknown
CUST_16148,2025-05-22,Investment,0.0,754.0,Retail
CUST_16149,2025-06-16,Savings,14254.95,698.0,Finance
CUST_16150,2025-06-05,Checking,15607.52,521.0,Unknown
CUST_16151,2025-06-28,Savings,0.0,561.0,Unknown
CUST_16152,2025-04-29,Checking,4529.67,795.0,Education
CUST_16153,2025-06-26,Credit Card,0.0,429.0,Unemployed
CUST_16154,2025-01-09,Savings,0.0,458.0,Tech
CUST_16155,2025-06-22,Checking,9064.35,590.0,Tech
CUST_16156,2025-05-30,Investment,44377.09,842.0,Finance
CUST_16157,2025-06-09,Credit Card,14959.46,388.0,Tech
CUST_16158,2025-02-11,Credit Card,0.0,631.0,Tech
CUST_16159,2025-02-22,Checking,16636.93,805.0,Retail
CUST_16160,2025-03-15,Savings,13713.33,429.0,Healthcare
CUST_16161,2025-02-08,Checking,0.0,506.0,Healthcare
CUST_16162,2025-05-02,Credit Card,261.78,659.0,Tech
CUST_16163,2025-01-15,Savings,2861.79,358.0,Finance
CUST_16164,2025-06-06,Savings,6771.22,395.0,Finance
CUST_16165,2025-05-03,Savings,4527.27,545.0,Education
CUST_16166,2025-04-21,Checking,7216.5,758.0,Finance
CUST_16167,2025-05-11,Credit Card,0.0,444.0,Finance
CUST_16168,2025-03-24,Savings,123.05,609.0,Retail
CUST_16169,2025-01-10,Checking,1013.19,833.0,Retail
CUST_16170,2025-04-02,Investment,22399.43,680.0,Unemployed
CUST_16171,2025-01-29,Savings,0.0,652.0,Tech
CUST_16172,2025-02-04,Checking,1332.71,584.0,Unemployed
CUST_16173,2025-01-06,Investment,-340.02,801.0,Finance
CUST_16174,2025-05-20,Investment,28810.64,557.0,Healthcare
CUST_16175,2025-04-21,Savings,14977.48,351.0,Finance
CUST_16176,2025-02-07,Savings,0.0,849.0,Unknown
CUST_16177,2025-03-18,Savings,10961.7,515.0,Finance
CUST_16178,2025-04-03,Credit Card,0.0,745.0,Tech
CUST_16179,2025-05-27,Credit Card,8908.6,522.0,Healthcare
CUST_16180,2025-03-08,Checking,25490.45,404.0,Tech
CUST_16181,2025-05-16,Savings,0.0,821.0,Finance
CUST_16182,2025-01-08,Savings,0.0,682.0,Healthcare
CUST_16183,2025-05-02,Checking,7337.65,413.0,Finance
CUST_16184,2025-03-25,Checking,0.0,368.0,Unemployed
CUST_16185,2025-06-24,Credit Card,8209.13,664.0,Tech
CUST_16186,2025-05-12,Checking,3750.03,343.0,Unknown
CUST_16187,2025-06-28,Savings,0.0,510.0,Tech
CUST_16188,2025-03-26,Savings,14329.71,,Retail
CUST_16189,2025-02-14,Savings,0.0,406.0,Healthcare
CUST_16190,2025-05-16,Savings,8082.79,778.0,Retail
CUST_16191,2025-03-28,Savings,0.0,504.0,Unemployed
CUST_16192,2025-01-16,Savings,41016.05,418.0,Unknown
CUST_16193,2025-03-18,Savings,3186.7,785.0,Healthcare
CUST_16194,2025-01-09,Savings,10264.99,408.0,Education
CUST_16195,2025-03-01,Credit Card,13309.53,753.0,Unknown
CUST_16196,2025-03-19,Savings,10064.32,538.0,Healthcare
CUST_16197,2025-03-18,Checking,4599.78,307.0,Unknown
CUST_16198,2025-03-12,Credit Card,0.0,811.0,Unknown
CUST_16199,2025-01-15,Checking,3322.86,342.0,Finance
CUST_16200,2025-03-12,Investment,0.0,693.0,Healthcare
CUST_16201,2025-04-12,Savings,12313.37,431.0,Retail
CUST_16202,2025-06-18,Credit Card,48807.36,693.0,Tech
CUST_16203,2025-01-22,Investment,7650.36,497.0,Tech
CUST_16204,2025-06-01,Credit Card,10092.62,763.0,Healthcare
CUST_16205,2025-04-23,Savings,0.0,420.0,Education
CUST_16206,2025-06-21,Savings,0.0,599.0,Tech
CUST_16207,2025-01-01,Savings,18422.55,519.0,Unemployed
CUST_16208,2025-01-10,Checking,0.0,393.0,NA
CUST_16209,2025-04-20,Credit Card,0.0,591.0,Unknown
CUST_16210,2025-04-23,Savings,13518.06,452.0,Unemployed
CUST_16211,2025-02-19,Checking,17136.71,824.0,Unemployed
CUST_16212,2025-01-12,Checking,3364.04,721.0,Unemployed
CUST_16213,2025-03-30,Checking,6840.47,457.0,Tech
CUST_16214,2025-06-03,Credit Card,6805.55,569.0,Education
CUST_16215,2025-04-22,Credit Card,0.0,556.0,Retail
CUST_16216,2025-03-19,Savings,3899.99,814.0,Healthcare
CUST_16217,2025-06-18,Checking,8628.41,536.0,Unemployed
CUST_16218,2025-06-13,Savings,3673.92,744.0,Education
CUST_16219,2025-05-01,Checking,0.0,470.0,Unknown
CUST_16220,2025-01-23,Investment,28034.69,569.0,Unknown
CUST_16221,2025-06-20,Credit Card,0.0,366.0,Healthcare
CUST_16222,2025-05-14,Checking,6081.92,307.0,Finance
CUST_16223,2025-06-20,Savings,9826.86,747.0,Unemployed
CUST_16224,2025-01-25,Savings,0.0,434.0,Healthcare
CUST_16225,2025-01-18,Checking,8667.63,324.0,Unemployed
CUST_16226,2025-05-21,Savings,0.0,764.0,Tech
CUST_16227,2025-02-12,Checking,37206.48,673.0,Education
CUST_16228,2025-03-19,Savings,1092.38,495.0,Unemployed
CUST_16229,2025-01-28,Savings,18485.14,,Education
CUST_16230,2025-05-26,Savings,0.0,421.0,Retail
CUST_16231,2025-02-28,Investment,15819.17,508.0,Finance
CUST_16232,2025-03-04,Credit Card,0.0,600.0,Unknown
CUST_16233,2025-04-02,Savings,0.0,814.0,Unknown
CUST_16234,2025-06-28,Savings,0.0,833.0,Retail
CUST_16235,2025-02-25,Checking,0.0,338.0,Retail
CUST_16236,2025-06-04,Savings,6671.8,505.0,Finance
CUST_16237,2025-06-09,Checking,48136.85,711.0,Tech
CUST_16238,2025-04-21,Credit Card,46035.14,632.0,Education
CUST_16239,2025-05-17,Checking,172.22,507.0,Healthcare
CUST_16240,2025-03-09,Checking,19391.29,704.0,Finance
CUST_16241,2025-02-15,Checking,0.0,687.0,Retail
CUST_16242,2025-03-08,Investment,0.0,786.0,Unknown
CUST_16243,2025-06-03,Investment,5458.78,681.0,Healthcare
CUST_16244,2025-05-16,Checking,13194.35,570.0,Unemployed
CUST_16245,2025-01-06,Savings,16748.84,736.0,Finance
CUST_16246,2025-01-24,Checking,21195.47,729.0,Unemployed
CUST_16247,2025-06-25,Savings,43.32,644.0,Finance
CUST_16248,2025-04-04,Checking,6080.62,448.0,Tech
CUST_16249,2025-06-22,Checking,17318.58,691.0,Unemployed
CUST_16250,2025-01-13,Savings,22902.03,486.0,Tech
CUST_16251,2025-01-25,Savings,0.0,319.0,Education
CUST_16252,2025-05-28,Checking,8160.16,637.0,Education
CUST_16253,2025-04-28,Credit Card,14743.29,672.0,Healthcare
CUST_16254,2025-03-23,Checking,7213.29,366.0,Education
CUST_16255,2025-04-21,Checking,0.0,738.0,Unemployed
CUST_16256,2025-03-23,Savings,5046.39,361.0,Unemployed
CUST_16257,2025-03-07,Checking,12945.95,785.0,Finance
CUST_16258,2025-02-14,Checking,0.0,384.0,Finance
CUST_16259,2025-04-24,Checking,0.0,705.0,Finance
CUST_16260,2025-06-24,Savings,35893.14,694.0,Unemployed
CUST_16261,2025-03-04,Checking,7812.95,823.0,Finance
CUST_16262,2025-03-17,Savings,19075.25,475.0,Tech
CUST_16263,2025-04-24,Savings,8142.44,658.0,Finance
CUST_16264,2025-04-21,Investment,20754.76,838.0,Finance
CUST_16265,2025-05-27,Savings,6187.68,590.0,NA
CUST_16266,2025-02-04,Savings,13806.7,429.0,Retail
CUST_16267,2025-02-22,Checking,0.0,778.0,Unemployed
CUST_16268,2025-01-26,Credit Card,0.0,831.0,Unemployed
CUST_16269,2025-01-14,Checking,0.0,563.0,Healthcare
CUST_16270,2025-04-28,Credit Card,0.0,802.0,Unemployed
CUST_16271,2025-02-14,Credit Card,0.0,,Unknown
CUST_16272,2025-06-21,Savings,9526.22,837.0,Healthcare
CUST_16273,2025-02-20,Savings,0.0,380.0,Finance
CUST_16274,2025-06-20,Savings,19242.43,712.0,Unemployed
CUST_16275,2025-04-29,Credit Card,26617.78,774.0,Finance
CUST_16276,2025-05-31,Savings,0.0,317.0,Healthcare
CUST_16277,2025-01-19,Savings,9329.98,368.0,Education
CUST_16278,2025-03-23,Checking,32869.01,429.0,Retail
CUST_16279,2025-03-17,Checking,0.0,609.0,Retail
CUST_16280,2025-04-02,Checking,14162.7,786.0,Unemployed
CUST_16281,2025-02-02,Checking,40893.55,314.0,Education
CUST_16282,2025-05-27,Savings,0.0,795.0,Finance
CUST_16283,2025-01-28,Checking,0.0,485.0,Healthcare
CUST_16284,2025-05-03,Checking,13461.37,716.0,Unknown
CUST_16285,2025-06-29,Investment,37586.58,731.0,Retail
CUST_16286,2025-05-06,Savings,0.0,365.0,Education
CUST_16287,2025-06-26,Credit Card,41535.98,380.0,Unknown
CUST_16288,2025-02-06,Checking,6979.34,335.0,Education
CUST_16289,2025-06-03,Savings,0.0,316.0,Tech
CUST_16290,2025-04-09,Credit Card,28857.22,813.0,Unemployed
CUST_16291,2025-04-08,Savings,0.0,332.0,Education
CUST_16292,2025-05-07,Investment,11727.88,648.0,Tech
CUST_16293,2025-06-17,Credit Card,0.0,679.0,Tech
CUST_16294,2025-03-21,Savings,0.0,807.0,Unemployed
CUST_16295,2025-02-07,Savings,0.0,566.0,Retail
CUST_16296,2025-03-18,Savings,0.0,816.0,Unknown
CUST_16297,2025-05-06,Savings,6470.59,784.0,Unknown
CUST_16298,2025-03-28,Savings,13501.66,646.0,Finance
CUST_16299,2025-02-23,Savings,0.0,742.0,Finance
CUST_16300,2025-05-30,Checking,0.0,,Education
CUST_16301,2025-01-16,Savings,0.0,657.0,Healthcare
CUST_16302,2025-01-28,Credit Card,10574.44,837.0,Unknown
CUST_16303,2025-06-12,Credit Card,6660.36,509.0,Unknown
CUST_16304,2025-06-22,Checking,10821.12,341.0,Healthcare
CUST_16305,2025-02-15,Credit Card,28376.08,312.0,Tech
CUST_16306,2025-03-13,Savings,13630.24,788.0,Unknown
CUST_16307,2025-03-26,Savings,11135.44,486.0,Unemployed
CUST_16308,2025-01-26,Checking,40530.75,362.0,Education
CUST_16309,2025-03-26,Checking,878.23,635.0,Education
CUST_16310,2025-06-02,Checking,40755.13,374.0,Finance
CUST_16311,2025-03-06,Credit Card,26358.26,448.0,Healthcare
CUST_16312,2025-05-14,Investment,531.12,506.0,Retail
CUST_16313,2025-05-31,Checking,17072.58,540.0,Unknown
CUST_16314,2025-04-25,Credit Card,1771.99,534.0,Unknown
CUST_16315,2025-03-05,Savings,0.0,424.0,Unemployed
CUST_16316,2025-03-28,Savings,4879.41,556.0,Education
CUST_16317,2025-06-20,Credit Card,0.0,391.0,Education
CUST_16318,2025-04-17,Checking,8494.47,506.0,Finance
CUST_16319,2025-05-31,Checking,17007.2,716.0,Retail
CUST_16320,2025-04-06,Savings,1746.4,587.0,Retail
CUST_16321,2025-06-07,Checking,8464.36,514.0,Retail
CUST_16322,2025-03-18,Savings,8215.87,811.0,Unemployed
CUST_16323,2025-05-26,Checking,17665.24,667.0,Retail
CUST_16324,2025-03-28,Savings,6342.13,700.0,Unknown
CUST_16325,2025-05-29,Savings,279.11,500.0,Healthcare
CUST_16326,2025-02-26,Savings,16984.11,584.0,Unemployed
CUST_16327,2025-04-13,Savings,7378.37,362.0,Unknown
CUST_16328,2025-05-31,Credit Card,0.0,660.0,Tech
CUST_16329,2025-04-01,Savings,-254.3,486.0,Unknown
CUST_16330,2025-02-14,Savings,0.0,782.0,Retail
CUST_16331,2025-06-21,Checking,7211.89,670.0,Tech
CUST_16332,2025-03-29,Checking,5599.86,320.0,Tech
CUST_16333,2025-04-25,Savings,0.0,607.0,Unknown
CUST_16334,2025-02-16,Savings,0.0,345.0,Finance
CUST_16335,2025-06-17,Investment,0.0,493.0,Retail
CUST_16336,2025-06-28,Checking,5966.83,356.0,Healthcare
CUST_16337,2025-06-19,Savings,21107.63,756.0,Finance
CUST_16338,2025-05-15,Checking,0.0,632.0,Unknown
CUST_16339,2025-02-19,Savings,0.0,315.0,Finance
CUST_16340,2025-06-25,Savings,4272.89,812.0,Unknown
CUST_16341,2025-03-25,Checking,0.0,449.0,Tech
CUST_16342,2025-04-01,Credit Card,6310.7,512.0,Education
CUST_16343,2025-05-14,Savings,14604.12,690.0,Healthcare
CUST_16344,2025-04-01,Credit Card,0.0,580.0,Unemployed
CUST_16345,2025-05-17,Savings,9913.75,838.0,Retail
CUST_16346,2025-04-19,Savings,3282.21,641.0,Retail
CUST_16347,2025-02-26,Savings,0.0,636.0,Healthcare
CUST_16348,2025-01-31,Savings,2886.78,374.0,Retail
CUST_16349,2025-01-21,Investment,11849.99,392.0,Education
CUST_16350,2025-03-31,Checking,26206.15,845.0,Unemployed
CUST_16351,2025-02-09,Savings,29663.66,414.0,Education
CUST_16352,2025-04-22,Investment,0.0,720.0,Retail
CUST_16353,2025-02-14,Credit Card,0.0,412.0,Finance
CUST_16354,2025-03-18,Credit Card,5605.85,667.0,Unemployed
CUST_16355,2025-06-26,Investment,0.0,359.0,Unemployed
CUST_16356,2025-03-28,Savings,23195.49,581.0,Retail
CUST_16357,2025-05-28,Credit Card,6510.36,536.0,Retail
CUST_16358,2025-04-11,Checking,5828.65,344.0,Healthcare
CUST_16359,2025-04-27,Credit Card,14649.62,496.0,Education
CUST_16360,2025-04-02,Credit Card,7397.54,798.0,Unemployed
CUST_16361,2025-05-25,Savings,9578.67,748.0,Finance
CUST_16362,2025-01-28,Credit Card,8947.86,494.0,Healthcare
CUST_16363,2025-06-18,Savings,2830.43,494.0,Healthcare
CUST_16364,2025-01-25,Savings,0.0,609.0,Finance
CUST_16365,2025-02-27,Savings,31385.33,847.0,Finance
CUST_16366,2025-02-10,Investment,0.0,688.0,Healthcare
CUST_16367,2025-05-14,Savings,29813.46,734.0,Retail
CUST_16368,2025-03-16,Checking,10121.64,795.0,Unknown
CUST_16369,2025-02-07,Savings,0.0,500.0,Finance
CUST_16370,2025-05-14,Investment,13322.86,833.0,Unemployed
CUST_16371,2025-06-22,Savings,16788.74,596.0,Tech
CUST_16372,2025-03-16,Credit Card,30773.02,793.0,Finance
CUST_16373,2025-05-22,Credit Card,0.0,630.0,Unemployed
CUST_16374,2025-03-07,Checking,2899.95,560.0,Healthcare
CUST_16375,2025-06-17,Savings,25658.15,354.0,Tech
CUST_16376,2025-01-03,Credit Card,16198.29,581.0,Healthcare
CUST_16377,2025-04-27,Investment,12290.26,741.0,Education
CUST_16378,2025-04-09,Credit Card,27177.31,558.0,Education
CUST_16379,2025-06-01,Savings,2300.89,445.0,Retail
CUST_16380,2025-01-19,Credit Card,0.0,690.0,Finance
CUST_16381,2025-05-26,Savings,-497.62,672.0,Unknown
CUST_16382,2025-04-26,Checking,35176.35,344.0,Unknown
CUST_16383,2025-05-05,Credit Card,9477.14,696.0,Healthcare
CUST_16384,2025-03-29,Savings,0.0,561.0,Tech
CUST_16385,2025-02-04,Credit Card,25011.94,778.0,Unemployed
CUST_16386,2025-01-01,Checking,17672.94,784.0,Finance
CUST_16387,2025-06-02,Credit Card,7205.18,815.0,Retail
CUST_16388,2025-06-22,Savings,13776.98,785.0,Healthcare
CUST_16389,2025-06-26,Checking,0.0,765.0,Unemployed
CUST_16390,2025-05-06,Credit Card,-431.48,765.0,Unemployed
CUST_16391,2025-03-30,Savings,4026.03,321.0,Healthcare
CUST_16392,2025-05-24,Savings,21487.58,695.0,Education
CUST_16393,2025-05-27,Investment,0.0,508.0,Retail
CUST_16394,2025-05-31,Savings,4613.75,444.0,Unemployed
CUST_16395,2025-01-25,Investment,26614.87,719.0,Healthcare
CUST_16396,2025-01-16,Savings,42864.9,648.0,Education
CUST_16397,2025-03-14,Savings,0.0,604.0,Unknown
CUST_16398,2025-05-09,Credit Card,7099.36,343.0,Unknown
CUST_16399,2025-02-11,Checking,0.0,406.0,Education
CUST_16400,2025-05-27,Checking,4782.49,449.0,Tech
CUST_16401,2025-06-11,Checking,648.43,563.0,Unemployed
CUST_16402,2025-03-21,Credit Card,23765.49,409.0,Retail
CUST_16403,2025-04-14,Savings,0.0,317.0,Retail
CUST_16404,2025-05-26,Checking,0.0,635.0,Unknown
CUST_16405,2025-02-03,Savings,27814.02,538.0,Healthcare
CUST_16406,2025-03-30,Checking,0.0,,Unknown
CUST_16407,2025-05-05,Savings,7961.47,593.0,Tech
CUST_16408,2025-02-14,Savings,9425.67,712.0,Finance
CUST_16409,2025-05-14,Checking,0.0,760.0,Healthcare
CUST_16410,2025-01-21,Savings,0.0,380.0,Education
CUST_16411,2025-05-02,Savings,21903.65,554.0,Finance
CUST_16412,2025-03-11,Checking,15156.08,662.0,Finance
CUST_16413,2025-04-06,Checking,4764.69,756.0,Unemployed
CUST_16414,2025-04-15,Credit Card,2948.12,742.0,Healthcare
CUST_16415,2025-02-17,Checking,9749.16,832.0,Unemployed
CUST_16416,2025-02-08,Savings,10732.99,537.0,Tech
CUST_16417,2025-01-31,Checking,23917.18,560.0,Retail
CUST_16418,2025-01-10,Savings,4687.16,572.0,Tech
CUST_16419,2025-01-30,Credit Card,11644.71,579.0,Healthcare
CUST_16420,2025-01-18,Investment,15772.68,449.0,Retail
CUST_16421,2025-03-29,Checking,16036.63,451.0,Finance
CUST_16422,2025-05-05,Checking,26745.79,311.0,Unknown
CUST_16423,2025-03-14,Savings,4811.17,313.0,Unknown
CUST_16424,2025-01-15,Checking,0.0,810.0,Education
CUST_16425,2025-01-04,Credit Card,-369.45,841.0,Unemployed
CUST_16426,2025-06-17,Savings,14612.4,744.0,Tech
CUST_16427,2025-01-09,Savings,3378.48,617.0,Unemployed
CUST_16428,2025-04-19,Checking,39301.96,537.0,Unemployed
CUST_16429,2025-05-17,Credit Card,5188.83,838.0,Unknown
CUST_16430,2025-06-03,Savings,0.0,,Retail
CUST_16431,2025-05-12,Investment,9840.53,733.0,Tech
CUST_16432,2025-01-16,Savings,28082.18,597.0,Retail
CUST_16433,2025-05-23,Savings,0.0,595.0,Education
CUST_16434,2025-04-09,Credit Card,0.0,313.0,Unemployed
CUST_16435,2025-05-01,Savings,2197.77,694.0,Healthcare
CUST_16436,2025-02-21,Checking,0.0,490.0,Unknown
CUST_16437,2025-03-10,Savings,0.0,720.0,Healthcare
CUST_16438,2025-01-05,Savings,0.0,405.0,Retail
CUST_16439,2025-01-20,Savings,8486.43,693.0,Retail
CUST_16440,2025-03-20,Investment,15725.65,737.0,Healthcare
CUST_16441,2025-05-26,Checking,0.0,306.0,Finance
CUST_16442,2025-04-21,Credit Card,3942.22,380.0,Unknown
CUST_16443,2025-01-02,Savings,7774.43,784.0,Finance
CUST_16444,2025-04-03,Checking,0.0,656.0,Unknown
CUST_16445,2025-01-13,Checking,17882.91,610.0,Finance
CUST_16446,2025-01-04,Investment,8178.51,805.0,Unknown
CUST_16447,2025-06-19,Credit Card,12867.15,818.0,Education
CUST_16448,2025-04-19,Credit Card,15199.53,748.0,Retail
CUST_16449,2025-03-15,Savings,41386.44,584.0,Tech
CUST_16450,2025-04-05,Checking,0.0,581.0,Tech
CUST_16451,2025-04-15,Checking,0.0,373.0,Retail
CUST_16452,2025-01-08,Investment,30243.87,344.0,Healthcare
CUST_16453,2025-03-08,Savings,14783.42,828.0,Retail
CUST_16454,2025-04-20,Savings,6035.41,756.0,Finance
CUST_16455,2025-01-09,Checking,0.0,706.0,Finance
CUST_16456,2025-04-27,Savings,1521.7,392.0,Tech
CUST_16457,2025-01-11,Savings,1812.79,,Retail
CUST_16458,2025-04-09,Credit Card,0.0,765.0,Tech
CUST_16459,2025-02-11,Checking,19597.98,626.0,Healthcare
CUST_16460,2025-05-21,Credit Card,0.0,714.0,Unemployed
CUST_16461,2025-06-13,Credit Card,0.0,798.0,Unemployed
CUST_16462,2025-04-30,Savings,0.0,739.0,Unemployed
CUST_16463,2025-05-21,Checking,37152.27,731.0,Education
CUST_16464,2025-01-12,Savings,3488.04,627.0,Unknown
CUST_16465,2025-02-06,Investment,9746.94,556.0,Education
CUST_16466,2025-03-15,Checking,0.0,373.0,Healthcare
CUST_16467,2025-03-14,Savings,18030.94,533.0,Finance
CUST_16468,2025-02-21,Savings,49278.22,820.0,Finance
CUST_16469,2025-05-10,Checking,12372.52,842.0,Finance
CUST_16470,2025-02-25,Savings,-32.57,557.0,Tech
CUST_16471,2025-03-01,Savings,0.0,528.0,NA
CUST_16472,2025-01-23,Credit Card,15405.38,544.0,Unemployed
CUST_16473,2025-04-13,Credit Card,0.0,726.0,Tech
CUST_16474,2025-02-09,Savings,0.0,755.0,Education
CUST_16475,2025-03-05,Checking,18975.66,772.0,Finance
CUST_16476,2025-03-26,Credit Card,0.0,473.0,Finance
CUST_16477,2025-05-31,Savings,3587.86,374.0,Unknown
CUST_16478,2025-06-06,Credit Card,16246.8,398.0,Unemployed
CUST_16479,2025-06-28,Savings,0.0,812.0,Unknown
CUST_16480,2025-03-30,Checking,0.0,423.0,Healthcare
CUST_16481,2025-01-31,Checking,11964.55,416.0,NA
CUST_16482,2025-06-27,Checking,16315.25,642.0,Unemployed
CUST_16483,2025-01-20,Credit Card,0.0,532.0,Tech
CUST_16484,2025-05-10,Savings,0.0,428.0,Education
CUST_16485,2025-06-02,Savings,0.0,673.0,Unemployed
CUST_16486,2025-01-13,Checking,15702.36,535.0,Finance
CUST_16487,2025-05-02,Credit Card,33783.47,489.0,Finance
CUST_16488,2025-04-13,Savings,18973.18,467.0,Tech
CUST_16489,2025-04-16,Credit Card,3632.2,590.0,Unknown
CUST_16490,2025-04-29,Savings,15746.83,640.0,Tech
CUST_16491,2025-03-11,Savings,0.0,694.0,Education
CUST_16492,2025-04-09,Credit Card,10526.05,773.0,Retail
CUST_16493,2025-03-23,Savings,0.0,438.0,Finance
CUST_16494,2025-03-16,Checking,3167.22,490.0,Finance
CUST_16495,2025-04-28,Savings,21135.4,818.0,Retail
CUST_16496,2025-03-25,Savings,17180.57,350.0,Education
CUST_16497,2025-03-10,Checking,13527.13,597.0,Healthcare
CUST_16498,2025-02-28,Checking,11244.15,371.0,Healthcare
CUST_16499,2025-05-06,Checking,0.0,555.0,Finance
CUST_16500,2025-04-21,Checking,7137.21,608.0,Healthcare
CUST_16501,2025-03-03,Savings,16749.13,390.0,Unknown
CUST_16502,2025-05-24,Checking,1352.68,448.0,Education
CUST_16503,2025-05-08,Investment,1931.27,329.0,Healthcare
CUST_16504,2025-04-15,Credit Card,0.0,761.0,Tech
CUST_16505,2025-03-09,Savings,725.76,684.0,Education
CUST_16506,2025-01-15,Savings,0.0,817.0,Retail
CUST_16507,2025-02-04,Investment,5361.08,672.0,Finance
CUST_16508,2025-01-14,Checking,195.87,496.0,Education
CUST_16509,2025-06-26,Checking,0.0,489.0,Healthcare
CUST_16510,2025-04-12,Credit Card,44014.13,378.0,Education
CUST_16511,2025-04-10,Savings,0.0,846.0,Unemployed
CUST_16512,2025-01-07,Checking,2979.59,371.0,Retail
CUST_16513,2025-01-30,Investment,5917.52,342.0,Unemployed
CUST_16514,2025-02-18,Checking,0.0,432.0,Education
CUST_16515,2025-05-24,Savings,3654.23,405.0,Retail
CUST_16516,2025-04-21,Savings,0.0,656.0,Retail
CUST_16517,2025-06-28,Savings,15907.69,307.0,Education
CUST_16518,2025-03-13,Credit Card,4666.42,642.0,Finance
CUST_16519,2025-03-21,Savings,15775.9,736.0,Unknown
CUST_16520,2025-03-24,Savings,27048.44,379.0,Finance
CUST_16521,2025-02-11,Investment,781.57,691.0,Healthcare
CUST_16522,2025-01-17,Savings,16601.73,587.0,Unemployed
CUST_16523,2025-06-22,Savings,28045.18,412.0,NA
CUST_16524,2025-01-07,Savings,3147.98,525.0,Unemployed
CUST_16525,2025-06-04,Savings,15366.49,632.0,Unemployed
CUST_16526,2025-01-10,Checking,0.0,716.0,Education
CUST_16527,2025-02-03,Investment,22958.18,577.0,Tech
CUST_16528,2025-02-05,Credit Card,0.0,302.0,Finance
CUST_16529,2025-06-02,Checking,15545.95,844.0,Retail
CUST_16530,2025-01-06,Checking,19926.77,777.0,Tech
CUST_16531,2025-06-01,Checking,0.0,,Education
CUST_16532,2025-05-26,Savings,0.0,606.0,Tech
CUST_16533,2025-05-14,Savings,0.0,513.0,Finance
CUST_16534,2025-01-29,Investment,21198.99,329.0,Education
CUST_16535,2025-05-06,Savings,0.0,718.0,Unemployed
CUST_16536,2025-06-02,Savings,9885.34,836.0,Unemployed
CUST_16537,2025-03-22,Checking,15897.17,327.0,Finance
CUST_16538,2025-06-23,Checking,7540.83,386.0,Tech
CUST_16539,2025-06-01,Savings,24121.0,325.0,Healthcare
CUST_16540,2025-03-16,Savings,0.0,419.0,Unknown
CUST_16541,2025-01-26,Savings,14118.73,691.0,Retail
CUST_16542,2025-05-07,Checking,2273.7,656.0,Retail
CUST_16543,2025-04-25,Savings,0.0,652.0,Unknown
CUST_16544,2025-05-06,Checking,0.0,314.0,Unknown
CUST_16545,2025-01-28,Checking,28476.52,604.0,Healthcare
CUST_16546,2025-05-11,Credit Card,14483.32,553.0,Healthcare
CUST_16547,2025-03-16,Savings,17028.62,819.0,Healthcare
CUST_16548,2025-06-15,Savings,19384.47,485.0,Finance
CUST_16549,2025-03-19,Checking,0.0,686.0,Education
CUST_16550,2025-06-28,Credit Card,8685.93,799.0,Healthcare
CUST_16551,2025-03-31,Savings,21476.28,313.0,Finance
CUST_16552,2025-06-25,Checking,0.0,529.0,Unemployed
CUST_16553,2025-01-21,Savings,25436.7,390.0,Tech
CUST_16554,2025-02-23,Savings,0.0,703.0,Tech
CUST_16555,2025-04-13,Checking,6871.42,804.0,Healthcare
CUST_16556,2025-02-28,Savings,10963.01,303.0,Tech
CUST_16557,2025-03-13,Credit Card,16318.98,518.0,Healthcare
CUST_16558,2025-06-28,Checking,683.95,515.0,Tech
CUST_16559,2025-01-20,Checking,20181.68,458.0,Tech
CUST_16560,2025-04-22,Checking,11420.22,672.0,Education
CUST_16561,2025-02-28,Checking,0.0,316.0,Unknown
CUST_16562,2025-03-12,Savings,32548.59,794.0,Education
CUST_16563,2025-05-17,Credit Card,0.0,765.0,Tech
CUST_16564,2025-04-19,Investment,33785.01,743.0,Education
CUST_16565,2025-05-09,Savings,2634.72,380.0,Healthcare
CUST_16566,2025-06-06,Savings,-158.63,465.0,Retail
CUST_16567,2025-02-25,Savings,10988.57,656.0,Healthcare
CUST_16568,2025-02-04,Checking,0.0,533.0,Education
CUST_16569,2025-05-03,Checking,0.0,461.0,Finance
CUST_16570,2025-05-11,Credit Card,3360.37,,Unknown
CUST_16571,2025-04-14,Credit Card,10625.79,662.0,Tech
CUST_16572,2025-01-07,Checking,28066.55,675.0,Education
CUST_16573,2025-01-27,Checking,0.0,473.0,Unemployed
CUST_16574,2025-01-01,Checking,13703.35,537.0,Unemployed
CUST_16575,2025-06-21,Checking,3441.5,462.0,Unknown
CUST_16576,2025-03-28,Checking,5495.63,537.0,Unknown
CUST_16577,2025-02-10,Checking,19580.67,531.0,Education
CUST_16578,2025-05-03,Checking,0.0,816.0,Education
CUST_16579,2025-03-16,Checking,7512.89,535.0,Unemployed
CUST_16580,2025-02-11,Checking,21349.07,622.0,Unknown
CUST_16581,2025-04-27,Credit Card,20444.01,843.0,NA
CUST_16582,2025-06-10,Checking,0.0,706.0,Unknown
CUST_16583,2025-06-27,Checking,0.0,476.0,Tech
CUST_16584,2025-03-04,Checking,2844.1,799.0,Retail
CUST_16585,2025-06-14,Checking,17209.08,418.0,Unemployed
CUST_16586,2025-05-07,Savings,1231.96,489.0,Unemployed
CUST_16587,2025-06-25,Savings,6241.07,664.0,Unemployed
CUST_16588,2025-05-13,Checking,23754.64,785.0,Unknown
CUST_16589,2025-02-17,Checking,-79.89,378.0,Unknown
CUST_16590,2025-01-03,Investment,27097.38,621.0,Education
CUST_16591,2025-04-26,Savings,0.0,438.0,Unknown
CUST_16592,2025-06-24,Savings,0.0,635.0,Finance
CUST_16593,2025-04-09,Savings,0.0,701.0,Unemployed
CUST_16594,2025-04-26,Savings,6750.48,525.0,Tech
CUST_16595,2025-01-14,Credit Card,16264.87,565.0,Unknown
CUST_16596,2025-04-22,Savings,2581.75,632.0,Unknown
CUST_16597,2025-03-02,Checking,0.0,523.0,Retail
CUST_16598,2025-06-08,Checking,0.0,819.0,Unemployed
CUST_16599,2025-04-05,Checking,30220.02,548.0,Finance
CUST_16600,2025-01-17,Credit Card,4663.82,720.0,Unemployed
CUST_16601,2025-05-04,Checking,0.0,486.0,Unknown
CUST_16602,2025-01-24,Savings,28437.99,548.0,Retail
CUST_16603,2025-04-26,Credit Card,-280.68,426.0,Retail
CUST_16604,2025-05-31,Credit Card,0.0,387.0,Unemployed
CUST_16605,2025-03-23,Savings,0.0,344.0,Unknown
CUST_16606,2025-02-19,Savings,0.0,545.0,Tech
CUST_16607,2025-03-20,Savings,0.0,710.0,Healthcare
CUST_16608,2025-03-20,Savings,0.0,517.0,Finance
CUST_16609,2025-03-11,Investment,41224.26,726.0,Unemployed
CUST_16610,2025-01-27,Checking,0.0,314.0,Education
CUST_16611,2025-01-15,Savings,0.0,634.0,Retail
CUST_16612,2025-02-19,Credit Card,9170.44,836.0,Finance
CUST_16613,2025-02-05,Checking,3860.5,791.0,Tech
CUST_16614,2025-01-08,Savings,14900.61,591.0,Finance
CUST_16615,2025-03-20,Investment,0.0,416.0,Education
CUST_16616,2025-05-11,Credit Card,0.0,768.0,Education
CUST_16617,2025-02-16,Credit Card,30105.8,686.0,Tech
CUST_16618,2025-04-15,Checking,0.0,492.0,Finance
CUST_16619,2025-04-08,Credit Card,10408.98,400.0,Unemployed
CUST_16620,2025-04-06,Savings,15354.54,369.0,Healthcare
CUST_16621,2025-06-09,Checking,17325.53,473.0,Healthcare
CUST_16622,2025-04-26,Investment,449.28,743.0,Unemployed
CUST_16623,2025-01-13,Savings,0.0,732.0,Retail
CUST_16624,2025-01-01,Credit Card,27492.71,514.0,Unemployed
CUST_16625,2025-02-03,Checking,0.0,836.0,Unknown
CUST_16626,2025-03-20,Savings,27949.97,618.0,Retail
CUST_16627,2025-03-19,Credit Card,10521.11,585.0,Finance
CUST_16628,2025-05-01,Savings,0.0,524.0,Unemployed
CUST_16629,2025-04-03,Checking,10901.65,648.0,Unknown
CUST_16630,2025-04-08,Savings,22262.03,687.0,Retail
CUST_16631,2025-03-23,Investment,6231.32,640.0,Education
CUST_16632,2025-06-08,Savings,0.0,803.0,Tech
CUST_16633,2025-06-02,Savings,0.0,370.0,Retail
CUST_16634,2025-02-07,Savings,0.0,428.0,Unemployed
CUST_16635,2025-01-14,Investment,17114.61,743.0,Healthcare
CUST_16636,2025-05-16,Credit Card,0.0,589.0,Unemployed
CUST_16637,2025-04-01,Credit Card,15217.43,686.0,Education
CUST_16638,2025-02-23,Checking,5422.99,317.0,Unknown
CUST_16639,2025-05-10,Checking,16182.43,375.0,Healthcare
CUST_16640,2025-04-11,Savings,0.0,664.0,Retail
CUST_16641,2025-03-30,Checking,0.0,579.0,Unemployed
CUST_16642,2025-02-25,Savings,0.0,579.0,Retail
CUST_16643,2025-04-04,Investment,32994.1,742.0,Unknown
CUST_16644,2025-04-03,Credit Card,0.0,628.0,Education
CUST_16645,2025-03-25,Checking,3098.25,835.0,Healthcare
CUST_16646,2025-03-26,Savings,37260.96,807.0,Tech
CUST_16647,2025-01-22,Credit Card,11429.56,749.0,Tech
CUST_16648,2025-02-04,Savings,17894.45,674.0,Unknown
CUST_16649,2025-01-16,Savings,0.0,595.0,Education
CUST_16650,2025-02-19,Savings,22684.8,775.0,Unemployed
CUST_16651,2025-05-02,Checking,24970.92,692.0,Retail
CUST_16652,2025-05-08,Credit Card,12523.97,408.0,NA
CUST_16653,2025-04-23,Savings,3710.35,658.0,Education
CUST_16654,2025-06-20,Savings,13391.41,588.0,Healthcare
CUST_16655,2025-01-17,Checking,0.0,717.0,Tech
CUST_16656,2025-03-21,Credit Card,21329.51,617.0,Retail
CUST_16657,2025-05-10,Savings,0.0,640.0,Healthcare
CUST_16658,2025-05-12,Savings,821.03,616.0,Tech
CUST_16659,2025-03-26,Investment,24763.32,648.0,Tech
CUST_16660,2025-06-16,Investment,21463.43,326.0,Finance
CUST_16661,2025-04-04,Investment,0.0,700.0,Retail
CUST_16662,2025-05-14,Credit Card,0.0,615.0,Education
CUST_16663,2025-03-22,Savings,14601.7,667.0,Finance
CUST_16664,2025-03-10,Savings,0.0,642.0,Tech
CUST_16665,2025-03-10,Savings,26290.19,664.0,Retail
CUST_16666,2025-05-28,Savings,6768.88,372.0,Unknown
CUST_16667,2025-01-16,Investment,26193.76,,Unknown
CUST_16668,2025-02-20,Credit Card,0.0,485.0,Retail
CUST_16669,2025-04-15,Credit Card,0.0,618.0,Finance
CUST_16670,2025-06-14,Savings,20512.29,841.0,Healthcare
CUST_16671,2025-06-19,Investment,554.41,652.0,Healthcare
CUST_16672,2025-03-07,Credit Card,0.0,654.0,Unknown
CUST_16673,2025-01-09,Savings,13422.08,405.0,Education
CUST_16674,2025-04-17,Credit Card,0.0,717.0,Retail
CUST_16675,2025-04-10,Savings,26632.01,504.0,Unemployed
CUST_16676,2025-03-27,Savings,7763.13,681.0,Finance
CUST_16677,2025-03-05,Checking,0.0,596.0,Tech
CUST_16678,2025-01-22,Checking,22177.82,578.0,Healthcare
CUST_16679,2025-06-11,Savings,22441.78,488.0,Finance
CUST_16680,2025-06-06,Savings,5055.99,842.0,Education
CUST_16681,2025-06-15,Investment,39131.13,749.0,Education
CUST_16682,2025-04-20,Checking,38785.17,557.0,Unemployed
CUST_16683,2025-04-07,Credit Card,9850.23,752.0,Retail
CUST_16684,2025-01-18,Savings,20981.09,377.0,NA
CUST_16685,2025-03-12,Savings,24632.08,322.0,Education
CUST_16686,2025-05-07,Savings,0.0,802.0,Unemployed
CUST_16687,2025-04-07,Savings,9300.74,484.0,Unemployed
CUST_16688,2025-01-01,Savings,0.0,846.0,Healthcare
CUST_16689,2025-05-12,Savings,0.0,812.0,Healthcare
CUST_16690,2025-01-04,Checking,6824.1,348.0,Education
CUST_16691,2025-05-05,Savings,7951.12,467.0,Unknown
CUST_16692,2025-03-23,Credit Card,0.0,320.0,Unemployed
CUST_16693,2025-01-27,Savings,10155.73,691.0,Unknown
CUST_16694,2025-06-20,Checking,1235.78,404.0,Retail
CUST_16695,2025-02-28,Savings,25968.78,589.0,Healthcare
CUST_16696,2025-02-01,Checking,22440.66,725.0,Healthcare
CUST_16697,2025-06-10,Savings,0.0,528.0,Unemployed
CUST_16698,2025-01-28,Investment,24690.93,480.0,Unknown
CUST_16699,2025-04-16,Credit Card,13039.33,651.0,Education
CUST_16700,2025-04-15,Checking,1725.79,524.0,Retail
CUST_16701,2025-03-11,Savings,0.0,533.0,Unknown
CUST_16702,2025-03-03,Checking,0.0,565.0,Unknown
CUST_16703,2025-02-03,Credit Card,0.0,613.0,Education
CUST_16704,2025-03-28,Savings,0.0,798.0,Tech
CUST_16705,2025-04-24,Checking,5313.23,517.0,Tech
CUST_16706,2025-04-16,Credit Card,0.0,510.0,Unknown
CUST_16707,2025-02-25,Credit Card,0.0,398.0,Unemployed
CUST_16708,2025-04-23,Credit Card,14852.74,687.0,Retail
CUST_16709,2025-01-13,Credit Card,27398.97,644.0,Tech
CUST_16710,2025-01-18,Investment,0.0,552.0,Unemployed
CUST_16711,2025-04-23,Checking,14144.12,823.0,Retail
CUST_16712,2025-06-20,Checking,354.73,417.0,Tech
CUST_16713,2025-02-08,Credit Card,0.0,508.0,Finance
CUST_16714,2025-06-19,Checking,7320.01,708.0,Healthcare
CUST_16715,2025-03-20,Investment,0.0,780.0,Unemployed
CUST_16716,2025-05-26,Savings,3737.37,628.0,Unknown
CUST_16717,2025-05-31,Savings,6064.04,482.0,Education
CUST_16718,2025-01-30,Savings,22408.72,716.0,Retail
CUST_16719,2025-04-08,Savings,25662.44,382.0,Tech
CUST_16720,2025-02-27,Savings,0.0,553.0,Unknown
CUST_16721,2025-03-08,Credit Card,950.9,304.0,Finance
CUST_16722,2025-03-12,Savings,17063.17,602.0,Tech
CUST_16723,2025-05-26,Credit Card,2285.55,835.0,Finance
CUST_16724,2025-04-16,Checking,15714.95,727.0,Education
CUST_16725,2025-01-07,Savings,18533.0,526.0,Healthcare
CUST_16726,2025-02-09,Savings,20287.77,689.0,Unknown
CUST_16727,2025-03-11,Checking,6316.65,311.0,Healthcare
CUST_16728,2025-03-09,Credit Card,0.0,636.0,Finance
CUST_16729,2025-02-18,Credit Card,2481.26,428.0,Unemployed
CUST_16730,2025-02-21,Credit Card,0.0,,Unknown
CUST_16731,2025-04-24,Investment,16657.08,789.0,Tech
CUST_16732,2025-04-17,Checking,27882.06,571.0,Healthcare
CUST_16733,2025-01-29,Investment,28304.51,656.0,Tech
CUST_16734,2025-05-29,Credit Card,18282.88,391.0,Retail
CUST_16735,2025-03-19,Credit Card,0.0,308.0,Tech
CUST_16736,2025-01-09,Savings,26047.32,422.0,Unemployed
CUST_16737,2025-06-24,Investment,11397.84,580.0,Retail
CUST_16738,2025-03-17,Checking,0.0,757.0,Retail
CUST_16739,2025-02-11,Credit Card,17928.91,750.0,Healthcare
CUST_16740,2025-06-28,Savings,1684.27,706.0,Retail
CUST_16741,2025-06-28,Savings,0.0,355.0,Tech
CUST_16742,2025-05-08,Savings,0.0,678.0,Unknown
CUST_16743,2025-01-20,Savings,4020.15,801.0,Education
CUST_16744,2025-06-04,Savings,3428.61,322.0,Unemployed
CUST_16745,2025-06-15,Credit Card,0.0,544.0,Tech
CUST_16746,2025-03-13,Savings,16266.09,717.0,Finance
CUST_16747,2025-03-06,Savings,12796.5,530.0,Unknown
CUST_16748,2025-04-23,Savings,0.0,509.0,Finance
CUST_16749,2025-01-24,Checking,44500.85,461.0,Tech
CUST_16750,2025-05-08,Savings,0.0,676.0,Finance
CUST_16751,2025-06-24,Savings,0.0,469.0,Education
CUST_16752,2025-03-24,Checking,10631.06,638.0,Finance
CUST_16753,2025-03-04,Checking,0.0,773.0,Healthcare
CUST_16754,2025-03-01,Savings,26814.15,526.0,Unknown
CUST_16755,2025-04-09,Savings,2370.66,662.0,Unknown
CUST_16756,2025-03-03,Savings,0.0,778.0,Unknown
CUST_16757,2025-01-30,Investment,14217.8,774.0,Education
CUST_16758,2025-01-22,Savings,0.0,494.0,Unknown
CUST_16759,2025-05-06,Checking,13007.29,311.0,Healthcare
CUST_16760,2025-06-06,Savings,24348.87,794.0,Healthcare
CUST_16761,2025-06-18,Checking,0.0,361.0,Unknown
CUST_16762,2025-02-11,Savings,0.0,828.0,Education
CUST_16763,2025-04-08,Savings,0.0,570.0,Unemployed
CUST_16764,2025-01-31,Checking,5196.93,837.0,Healthcare
CUST_16765,2025-06-07,Savings,38652.81,364.0,Finance
CUST_16766,2025-04-22,Savings,8439.09,779.0,Tech
CUST_16767,2025-05-26,Checking,1721.05,789.0,Education
CUST_16768,2025-05-02,Investment,0.0,367.0,Unknown
CUST_16769,2025-01-17,Savings,0.0,661.0,Tech
CUST_16770,2025-02-07,Checking,3004.72,318.0,Education
CUST_16771,2025-05-22,Investment,6397.37,844.0,Education
CUST_16772,2025-04-20,Credit Card,10146.73,390.0,Healthcare
CUST_16773,2025-01-22,Checking,16521.42,537.0,Tech
CUST_16774,2025-02-25,Credit Card,0.0,761.0,Unemployed
CUST_16775,2025-04-29,Savings,5601.35,323.0,Unknown
CUST_16776,2025-05-27,Checking,0.0,526.0,Finance
CUST_16777,2025-02-26,Savings,0.0,680.0,Tech
CUST_16778,2025-06-21,Savings,0.0,305.0,Education
CUST_16779,2025-02-04,Checking,13113.03,656.0,Finance
CUST_16780,2025-04-24,Savings,0.0,456.0,Healthcare
CUST_16781,2025-05-05,Checking,0.0,500.0,Finance
CUST_16782,2025-05-09,Checking,52507.85,524.0,Finance
CUST_16783,2025-02-21,Checking,0.0,762.0,Tech
CUST_16784,2025-03-26,Savings,27032.97,556.0,Education
CUST_16785,2025-06-14,Savings,4030.11,730.0,Education
CUST_16786,2025-03-06,Checking,0.0,724.0,Education
CUST_16787,2025-06-28,Investment,14857.97,,Retail
CUST_16788,2025-05-09,Savings,6208.89,404.0,Healthcare
CUST_16789,2025-01-21,Savings,2313.89,551.0,Tech
CUST_16790,2025-01-16,Credit Card,4340.09,398.0,Education
CUST_16791,2025-05-03,Savings,10910.5,477.0,Finance
CUST_16792,2025-03-02,Credit Card,0.0,564.0,Retail
CUST_16793,2025-02-23,Checking,0.0,431.0,Healthcare
CUST_16794,2025-06-17,Checking,0.0,498.0,Education
CUST_16795,2025-01-26,Savings,0.0,,Retail
CUST_16796,2025-03-21,Savings,32751.25,708.0,Unknown
CUST_16797,2025-03-06,Savings,0.0,561.0,Healthcare
CUST_16798,2025-04-10,Credit Card,19978.93,417.0,Unemployed
CUST_16799,2025-03-15,Credit Card,-337.44,784.0,Unemployed
CUST_16800,2025-06-20,Checking,13107.14,620.0,Finance
CUST_16801,2025-01-17,Credit Card,4971.25,607.0,Unknown
CUST_16802,2025-05-01,Savings,0.0,789.0,Retail
CUST_16803,2025-01-23,Checking,5434.21,620.0,Tech
CUST_16804,2025-05-15,Checking,14085.87,655.0,Unknown
CUST_16805,2025-06-21,Credit Card,0.0,819.0,Healthcare
CUST_16806,2025-03-12,Savings,39825.72,825.0,Retail
CUST_16807,2025-04-18,Checking,17182.86,323.0,Retail
CUST_16808,2025-03-20,Credit Card,17314.54,491.0,Healthcare
CUST_16809,2025-06-11,Checking,18907.58,648.0,Retail
CUST_16810,2025-02-15,Savings,0.0,324.0,Retail
CUST_16811,2025-03-19,Checking,15572.96,689.0,Healthcare
CUST_16812,2025-01-16,Savings,39141.19,489.0,Unknown
CUST_16813,2025-03-12,Checking,16391.21,327.0,Finance
CUST_16814,2025-04-06,Investment,1058.07,840.0,Unemployed
CUST_16815,2025-05-27,Checking,0.0,790.0,Tech
CUST_16816,2025-01-02,Checking,0.0,787.0,Healthcare
CUST_16817,2025-01-10,Checking,0.0,471.0,Education
CUST_16818,2025-06-27,Savings,0.0,337.0,Retail
CUST_16819,2025-05-05,Savings,0.0,598.0,Unknown
CUST_16820,2025-03-22,Investment,2720.39,565.0,Tech
CUST_16821,2025-05-20,Checking,8059.08,326.0,Tech
CUST_16822,2025-03-11,Savings,0.0,751.0,Healthcare
CUST_16823,2025-05-30,Savings,0.0,768.0,Education
CUST_16824,2025-02-01,Checking,0.0,384.0,Education
CUST_16825,2025-04-15,Credit Card,0.0,312.0,Finance
CUST_16826,2025-03-25,Credit Card,5268.73,558.0,Education
CUST_16827,2025-05-09,Savings,6871.73,399.0,Unemployed
CUST_16828,2025-02-27,Investment,0.0,560.0,Healthcare
CUST_16829,2025-05-26,Checking,0.0,577.0,Tech
CUST_16830,2025-05-14,Checking,4690.8,365.0,Tech
CUST_16831,2025-02-14,Checking,26634.45,,Education
CUST_16832,2025-04-07,Savings,0.0,816.0,Retail
CUST_16833,2025-01-23,Investment,21975.29,416.0,Unknown
CUST_16834,2025-01-23,Savings,0.0,798.0,Unemployed
CUST_16835,2025-06-03,Savings,10427.51,504.0,Unknown
CUST_16836,2025-05-15,Credit Card,20744.19,379.0,Finance
CUST_16837,2025-03-20,Checking,0.0,317.0,Education
CUST_16838,2025-02-13,Credit Card,10261.41,357.0,Unemployed
CUST_16839,2025-01-27,Checking,0.0,411.0,Healthcare
CUST_16840,2025-01-26,Savings,22554.74,614.0,Finance
CUST_16841,2025-04-07,Investment,0.0,461.0,Unemployed
CUST_16842,2025-02-05,Savings,0.0,623.0,Education
CUST_16843,2025-04-19,Credit Card,6970.7,630.0,Finance
CUST_16844,2025-02-24,Savings,15672.11,801.0,Retail
CUST_16845,2025-03-10,Credit Card,6390.75,356.0,Healthcare
CUST_16846,2025-03-02,Savings,12427.11,464.0,Education
CUST_16847,2025-05-10,Checking,0.0,465.0,Tech
CUST_16848,2025-02-24,Credit Card,0.0,596.0,Healthcare
CUST_16849,2025-05-02,Checking,26969.19,,Retail
CUST_16850,2025-04-07,Credit Card,12481.47,709.0,Unemployed
CUST_16851,2025-03-21,Credit Card,0.0,405.0,Retail
CUST_16852,2025-03-28,Credit Card,0.0,465.0,Tech
CUST_16853,2025-02-07,Investment,23347.6,553.0,Unknown
CUST_16854,2025-04-29,Checking,23965.32,427.0,Healthcare
CUST_16855,2025-03-19,Savings,1738.03,785.0,Education
CUST_16856,2025-06-06,Savings,0.0,375.0,Tech
CUST_16857,2025-06-03,Savings,1110.55,,Unknown
CUST_16858,2025-02-04,Savings,1838.19,733.0,Education
CUST_16859,2025-03-20,Checking,16543.05,836.0,Finance
CUST_16860,2025-03-08,Savings,0.0,738.0,Education
CUST_16861,2025-03-28,Savings,0.0,734.0,Finance
CUST_16862,2025-06-06,Savings,2244.97,825.0,Education
CUST_16863,2025-02-03,Credit Card,8875.86,432.0,Finance
CUST_16864,2025-04-07,Checking,17995.69,740.0,Healthcare
CUST_16865,2025-06-18,Savings,9664.71,833.0,Unknown
CUST_16866,2025-06-18,Credit Card,31281.57,690.0,Retail
CUST_16867,2025-05-31,Savings,0.0,543.0,Healthcare
CUST_16868,2025-03-12,Investment,26924.54,445.0,Tech
CUST_16869,2025-01-03,Checking,0.0,714.0,Healthcare
CUST_16870,2025-02-27,Savings,0.0,726.0,Healthcare
CUST_16871,2025-02-01,Checking,10808.35,511.0,Retail
CUST_16872,2025-01-31,Credit Card,22668.05,548.0,Unemployed
CUST_16873,2025-03-23,Checking,0.0,334.0,Healthcare
CUST_16874,2025-02-12,Credit Card,10887.72,552.0,NA
CUST_16875,2025-05-15,Savings,265.64,585.0,Healthcare
CUST_16876,2025-04-15,Savings,0.0,509.0,Healthcare
CUST_16877,2025-01-01,Savings,4423.46,409.0,Healthcare
CUST_16878,2025-03-02,Savings,0.0,629.0,Unknown
CUST_16879,2025-01-14,Savings,24072.34,441.0,Healthcare
CUST_16880,2025-06-29,Investment,24176.09,386.0,Retail
CUST_16881,2025-01-06,Savings,0.0,439.0,Unknown
CUST_16882,2025-04-13,Checking,0.0,,Retail
CUST_16883,2025-01-10,Checking,0.0,325.0,Tech
CUST_16884,2025-03-12,Credit Card,12985.92,,Unemployed
CUST_16885,2025-03-31,Investment,13045.42,659.0,Tech
CUST_16886,2025-06-07,Credit Card,56120.76,514.0,Tech
CUST_16887,2025-05-29,Investment,369.81,376.0,Unemployed
CUST_16888,2025-05-06,Credit Card,6370.54,394.0,Healthcare
CUST_16889,2025-04-07,Investment,33976.0,517.0,Unemployed
CUST_16890,2025-03-15,Credit Card,9295.12,667.0,Education
CUST_16891,2025-04-25,Savings,0.0,351.0,Unknown
CUST_16892,2025-06-19,Checking,10129.49,573.0,Healthcare
CUST_16893,2025-02-20,Checking,15572.23,743.0,Education
CUST_16894,2025-02-25,Savings,-125.43,332.0,Tech
CUST_16895,2025-02-10,Savings,16929.19,715.0,Healthcare
CUST_16896,2025-02-01,Checking,15594.35,724.0,Unemployed
CUST_16897,2025-01-15,Investment,0.0,306.0,Unemployed
CUST_16898,2025-03-03,Savings,28275.54,794.0,Unknown
CUST_16899,2025-06-04,Credit Card,0.0,653.0,Unemployed
CUST_16900,2025-01-28,Credit Card,11559.68,498.0,Unemployed
CUST_16901,2025-03-05,Investment,0.0,734.0,Tech
CUST_16902,2025-05-10,Investment,0.0,435.0,Retail
CUST_16903,2025-05-07,Credit Card,10375.58,587.0,Tech
CUST_16904,2025-02-05,Checking,33939.92,707.0,Healthcare
CUST_16905,2025-04-24,Savings,4192.38,635.0,Retail
CUST_16906,2025-01-13,Checking,0.0,301.0,Unemployed
CUST_16907,2025-01-15,Credit Card,8330.87,484.0,Retail
CUST_16908,2025-03-30,Credit Card,0.0,737.0,Education
CUST_16909,2025-01-22,Credit Card,20806.88,321.0,Finance
CUST_16910,2025-03-15,Savings,1570.48,511.0,Retail
CUST_16911,2025-01-25,Checking,0.0,776.0,Finance
CUST_16912,2025-04-11,Savings,12627.86,765.0,Tech
CUST_16913,2025-06-25,Savings,8133.16,533.0,Tech
CUST_16914,2025-06-20,Savings,501.83,471.0,Retail
CUST_16915,2025-04-27,Savings,0.0,817.0,Education
CUST_16916,2025-06-15,Credit Card,31837.06,543.0,Tech
CUST_16917,2025-02-10,Savings,0.0,720.0,Finance
CUST_16918,2025-06-22,Savings,18456.47,678.0,Retail
CUST_16919,2025-03-29,Investment,0.0,772.0,Unknown
CUST_16920,2025-06-17,Savings,15212.36,640.0,Retail
CUST_16921,2025-04-20,Savings,5801.78,422.0,Education
CUST_16922,2025-04-30,Savings,5420.22,733.0,Retail
CUST_16923,2025-04-07,Savings,0.0,487.0,Healthcare
CUST_16924,2025-05-25,Savings,12922.17,313.0,Finance
CUST_16925,2025-02-26,Savings,26076.85,369.0,Unknown
CUST_16926,2025-05-10,Checking,0.0,710.0,Unemployed
CUST_16927,2025-04-06,Savings,0.0,617.0,Unknown
CUST_16928,2025-05-01,Savings,49168.69,736.0,Healthcare
CUST_16929,2025-03-03,Credit Card,0.0,445.0,Healthcare
CUST_16930,2025-05-17,Checking,0.0,526.0,Finance
CUST_16931,2025-03-09,Investment,25755.51,681.0,Retail
CUST_16932,2025-03-22,Checking,26207.39,479.0,Retail
CUST_16933,2025-01-17,Savings,0.0,835.0,Healthcare
CUST_16934,2025-04-27,Credit Card,16481.39,398.0,Unemployed
CUST_16935,2025-02-19,Savings,2074.93,690.0,Finance
CUST_16936,2025-04-22,Savings,2759.68,569.0,Tech
CUST_16937,2025-04-04,Checking,22476.85,393.0,Finance
CUST_16938,2025-06-17,Checking,-222.64,762.0,Unemployed
CUST_16939,2025-03-26,Credit Card,0.0,584.0,Healthcare
CUST_16940,2025-05-29,Investment,177.01,321.0,Finance
CUST_16941,2025-05-26,Savings,-236.54,301.0,Finance
CUST_16942,2025-06-06,Checking,10210.36,402.0,Unknown
CUST_16943,2025-06-01,Checking,24849.95,335.0,Tech
CUST_16944,2025-03-15,Investment,11413.28,573.0,Education
CUST_16945,2025-04-19,Credit Card,4807.03,350.0,Education
CUST_16946,2025-05-25,Investment,13195.83,442.0,Tech
CUST_16947,2025-01-18,Savings,16702.94,782.0,Finance
CUST_16948,2025-02-11,Credit Card,13670.16,316.0,Healthcare
CUST_16949,2025-04-11,Savings,0.0,577.0,Tech
CUST_16950,2025-02-14,Savings,11369.07,737.0,Education
CUST_16951,2025-03-23,Investment,0.0,735.0,Unemployed
CUST_16952,2025-01-17,Savings,28008.82,683.0,Education
CUST_16953,2025-03-14,Investment,27966.22,431.0,Tech
CUST_16954,2025-01-14,Savings,18341.02,562.0,Finance
CUST_16955,2025-06-26,Credit Card,23689.02,693.0,Retail
CUST_16956,2025-06-06,Savings,3887.57,507.0,Healthcare
CUST_16957,2025-05-12,Savings,0.0,525.0,Unknown
CUST_16958,2025-03-23,Savings,0.0,764.0,Retail
CUST_16959,2025-05-28,Checking,20122.06,657.0,Healthcare
CUST_16960,2025-04-30,Savings,0.0,443.0,Retail
CUST_16961,2025-04-30,Checking,0.0,653.0,Retail
CUST_16962,2025-02-16,Savings,8362.07,550.0,Healthcare
CUST_16963,2025-04-17,Savings,4437.95,675.0,Unemployed
CUST_16964,2025-04-18,Savings,8971.59,544.0,Healthcare
CUST_16965,2025-01-09,Checking,0.0,317.0,Education
CUST_16966,2025-03-20,Credit Card,1497.55,784.0,Finance
CUST_16967,2025-06-04,Credit Card,17362.45,301.0,Finance
CUST_16968,2025-01-15,Savings,0.0,675.0,Education
CUST_16969,2025-01-19,Checking,0.0,465.0,Unemployed
CUST_16970,2025-03-31,Credit Card,19321.92,628.0,Retail
CUST_16971,2025-06-29,Savings,0.0,747.0,Unemployed
CUST_16972,2025-01-26,Checking,7767.33,391.0,Unemployed
CUST_16973,2025-06-03,Checking,1843.34,819.0,Healthcare
CUST_16974,2025-06-03,Savings,4993.5,551.0,Tech
CUST_16975,2025-06-23,Savings,27944.15,338.0,Retail
CUST_16976,2025-04-02,Savings,13579.04,735.0,Finance
CUST_16977,2025-06-26,Checking,0.0,661.0,Healthcare
CUST_16978,2025-03-23,Savings,0.0,382.0,Education
CUST_16979,2025-05-11,Savings,0.0,326.0,Unemployed
CUST_16980,2025-02-11,Savings,8245.57,320.0,Retail
CUST_16981,2025-01-19,Savings,18631.75,517.0,Unknown
CUST_16982,2025-01-17,Savings,5477.56,344.0,Tech
CUST_16983,2025-06-10,Investment,5036.93,706.0,Retail
CUST_16984,2025-03-17,Savings,0.0,778.0,Education
CUST_16985,2025-06-26,Checking,24860.67,636.0,Tech
CUST_16986,2025-03-04,Savings,2481.99,447.0,Retail
CUST_16987,2025-05-11,Checking,8879.62,710.0,Education
CUST_16988,2025-04-17,Checking,8844.19,813.0,Retail
CUST_16989,2025-02-18,Savings,0.0,684.0,Unknown
CUST_16990,2025-02-24,Credit Card,1341.38,781.0,Healthcare
CUST_16991,2025-06-03,Checking,0.0,400.0,Retail
CUST_16992,2025-04-09,Credit Card,25749.95,413.0,Unemployed
CUST_16993,2025-02-21,Checking,0.0,561.0,Education
CUST_16994,2025-04-10,Investment,0.0,721.0,Finance
CUST_16995,2025-04-27,Credit Card,168.95,353.0,Education
CUST_16996,2025-04-28,Investment,27462.44,487.0,Retail
CUST_16997,2025-01-07,Checking,15617.24,838.0,Healthcare
CUST_16998,2025-02-15,Checking,0.0,489.0,Finance
CUST_16999,2025-02-15,Credit Card,3267.36,846.0,Unknown
CUST_17000,2025-04-10,Credit Card,15819.97,357.0,Unknown
CUST_17001,2025-05-24,Investment,38403.55,802.0,Unemployed
CUST_17002,2025-06-01,Savings,-96.22,488.0,Education
CUST_17003,2025-02-23,Credit Card,0.0,847.0,Finance
CUST_17004,2025-03-03,Savings,9835.52,612.0,Healthcare
CUST_17005,2025-05-09,Checking,4350.72,468.0,Unemployed
CUST_17006,2025-02-18,Savings,11949.63,430.0,Tech
CUST_17007,2025-01-25,Savings,15357.12,451.0,Finance
CUST_17008,2025-01-10,Investment,9798.98,404.0,Education
CUST_17009,2025-04-28,Savings,12922.95,666.0,Healthcare
CUST_17010,2025-05-24,Checking,29535.27,391.0,Unknown
CUST_17011,2025-06-06,Checking,634.12,731.0,Education
CUST_17012,2025-04-02,Savings,0.0,604.0,Healthcare
CUST_17013,2025-05-14,Savings,9709.64,327.0,Education
CUST_17014,2025-05-24,Checking,0.0,587.0,Unknown
CUST_17015,2025-05-28,Savings,0.0,654.0,Healthcare
CUST_17016,2025-03-21,Credit Card,0.0,843.0,Unknown
CUST_17017,2025-03-12,Investment,0.0,703.0,Retail
CUST_17018,2025-03-19,Savings,22528.48,435.0,Unknown
CUST_17019,2025-02-12,Savings,5733.67,367.0,Education
CUST_17020,2025-06-03,Checking,15601.83,453.0,Healthcare
CUST_17021,2025-03-31,Credit Card,12653.97,762.0,Tech
CUST_17022,2025-03-19,Savings,1850.74,625.0,Unknown
CUST_17023,2025-06-10,Savings,19407.56,395.0,Healthcare
CUST_17024,2025-01-26,Checking,0.0,496.0,Tech
CUST_17025,2025-05-01,Investment,2480.56,407.0,Unemployed
CUST_17026,2025-02-14,Savings,0.0,,NA
CUST_17027,2025-03-04,Checking,26004.59,485.0,Healthcare
CUST_17028,2025-06-29,Investment,3392.97,753.0,Finance
CUST_17029,2025-03-09,Checking,13970.42,622.0,Finance
CUST_17030,2025-06-03,Credit Card,0.0,584.0,Retail
CUST_17031,2025-01-02,Checking,17705.29,382.0,Unemployed
CUST_17032,2025-05-22,Investment,16592.05,626.0,Healthcare
CUST_17033,2025-04-18,Checking,0.0,748.0,Retail
CUST_17034,2025-01-30,Credit Card,5061.88,620.0,Unemployed
CUST_17035,2025-02-18,Checking,6753.51,444.0,Unknown
CUST_17036,2025-05-20,Credit Card,504.18,577.0,Retail
CUST_17037,2025-02-13,Savings,25770.66,313.0,Unknown
CUST_17038,2025-06-10,Savings,0.0,561.0,Finance
CUST_17039,2025-01-13,Credit Card,0.0,713.0,Unknown
CUST_17040,2025-03-19,Savings,0.0,793.0,Education
CUST_17041,2025-05-06,Checking,20448.82,346.0,Finance
CUST_17042,2025-04-08,Savings,0.0,495.0,Unemployed
CUST_17043,2025-01-26,Credit Card,0.0,589.0,Unemployed
CUST_17044,2025-05-29,Savings,11470.78,731.0,Finance
CUST_17045,2025-06-05,Credit Card,2912.42,819.0,Unemployed
CUST_17046,2025-02-17,Checking,20605.24,623.0,Tech
CUST_17047,2025-06-17,Savings,17185.15,728.0,Education
CUST_17048,2025-03-07,Checking,4362.75,592.0,NA
CUST_17049,2025-03-28,Savings,0.0,676.0,Education
CUST_17050,2025-03-20,Savings,0.0,834.0,Tech
CUST_17051,2025-01-23,Savings,0.0,383.0,Unknown
CUST_17052,2025-03-22,Savings,2926.08,672.0,Education
CUST_17053,2025-02-17,Investment,0.0,323.0,Healthcare
CUST_17054,2025-05-04,Savings,2289.21,624.0,Tech
CUST_17055,2025-05-10,Checking,7603.46,,Education
CUST_17056,2025-03-25,Savings,33474.51,849.0,Retail
CUST_17057,2025-01-20,Checking,13713.01,520.0,Education
CUST_17058,2025-02-15,Savings,6070.06,513.0,NA
CUST_17059,2025-05-11,Checking,0.0,771.0,Tech
CUST_17060,2025-01-12,Credit Card,5393.17,790.0,Retail
CUST_17061,2025-02-09,Checking,18227.62,384.0,Unemployed
CUST_17062,2025-03-07,Savings,10862.59,684.0,Education
CUST_17063,2025-04-10,Checking,0.0,303.0,Unknown
CUST_17064,2025-03-19,Savings,0.0,413.0,Education
CUST_17065,2025-01-16,Savings,6100.59,514.0,Tech
CUST_17066,2025-03-24,Checking,0.0,635.0,Retail
CUST_17067,2025-06-11,Checking,0.0,466.0,Retail
CUST_17068,2025-02-13,Checking,0.0,586.0,Education
CUST_17069,2025-05-14,Credit Card,0.0,794.0,Unemployed
CUST_17070,2025-04-10,Savings,8767.14,683.0,Unknown
CUST_17071,2025-01-22,Savings,18126.74,816.0,Healthcare
CUST_17072,2025-01-18,Savings,6142.39,426.0,Tech
CUST_17073,2025-01-12,Checking,20891.73,732.0,Tech
CUST_17074,2025-06-29,Checking,3821.46,385.0,Finance
CUST_17075,2025-05-03,Savings,0.0,835.0,Retail
CUST_17076,2025-04-27,Credit Card,0.0,344.0,Retail
CUST_17077,2025-02-20,Checking,12485.21,589.0,Finance
CUST_17078,2025-03-12,Checking,978.78,534.0,Education
CUST_17079,2025-02-17,Checking,0.0,456.0,Education
CUST_17080,2025-01-19,Checking,0.0,705.0,Tech
CUST_17081,2025-01-06,Checking,0.0,804.0,Education
CUST_17082,2025-03-25,Savings,0.0,421.0,Healthcare
CUST_17083,2025-06-04,Savings,0.0,523.0,Healthcare
CUST_17084,2025-02-22,Savings,0.0,322.0,Healthcare
CUST_17085,2025-04-17,Checking,28360.65,496.0,Finance
CUST_17086,2025-04-11,Credit Card,14006.01,778.0,Unemployed
CUST_17087,2025-02-17,Checking,37882.04,584.0,Unknown
CUST_17088,2025-05-15,Savings,0.0,817.0,Healthcare
CUST_17089,2025-03-10,Credit Card,9697.16,607.0,Finance
CUST_17090,2025-01-11,Credit Card,0.0,644.0,Tech
CUST_17091,2025-05-23,Credit Card,5294.8,697.0,Tech
CUST_17092,2025-05-11,Checking,32761.6,763.0,Unemployed
CUST_17093,2025-05-02,Credit Card,0.0,414.0,Healthcare
CUST_17094,2025-03-10,Savings,0.0,749.0,Finance
CUST_17095,2025-01-23,Savings,0.0,703.0,Healthcare
CUST_17096,2025-02-06,Savings,0.0,847.0,Unemployed
CUST_17097,2025-01-09,Credit Card,0.0,528.0,Unemployed
CUST_17098,2025-01-15,Savings,24280.55,,Education
CUST_17099,2025-05-11,Checking,24876.44,364.0,Finance
CUST_17100,2025-04-03,Checking,13728.22,536.0,Finance
CUST_17101,2025-01-17,Savings,0.0,302.0,Finance
CUST_17102,2025-06-03,Credit Card,9164.62,799.0,Finance
CUST_17103,2025-05-29,Savings,17989.78,336.0,Education
CUST_17104,2025-03-13,Savings,10825.73,549.0,Unknown
CUST_17105,2025-05-29,Credit Card,4259.59,302.0,Healthcare
CUST_17106,2025-05-01,Savings,26158.71,534.0,Tech
CUST_17107,2025-01-11,Checking,0.0,716.0,Unemployed
CUST_17108,2025-06-15,Credit Card,2467.52,550.0,Retail
CUST_17109,2025-03-13,Investment,14384.0,442.0,Retail
CUST_17110,2025-04-16,Credit Card,9767.61,355.0,Finance
CUST_17111,2025-05-05,Savings,13399.46,360.0,Finance
CUST_17112,2025-02-04,Checking,13003.05,367.0,Tech
CUST_17113,2025-04-29,Savings,12873.0,378.0,Retail
CUST_17114,2025-01-14,Savings,-472.28,626.0,Finance
CUST_17115,2025-01-14,Savings,0.0,666.0,Unemployed
CUST_17116,2025-01-10,Savings,7057.08,834.0,Unemployed
CUST_17117,2025-05-20,Credit Card,27667.83,825.0,Unknown
CUST_17118,2025-02-07,Savings,4627.09,689.0,Education
CUST_17119,2025-04-18,Checking,13990.98,588.0,Retail
CUST_17120,2025-04-29,Checking,6686.56,820.0,Education
CUST_17121,2025-02-03,Checking,35505.88,552.0,Tech
CUST_17122,2025-06-18,Investment,2931.26,394.0,Tech
CUST_17123,2025-01-10,Savings,14042.55,302.0,Unknown
CUST_17124,2025-05-02,Checking,0.0,345.0,Retail
CUST_17125,2025-05-25,Checking,0.0,824.0,Unemployed
CUST_17126,2025-05-25,Savings,4896.47,781.0,Healthcare
CUST_17127,2025-04-25,Checking,22716.47,717.0,Retail
CUST_17128,2025-01-01,Credit Card,14503.83,342.0,Education
CUST_17129,2025-01-12,Savings,0.0,505.0,Healthcare
CUST_17130,2025-04-13,Savings,15992.89,574.0,Unknown
CUST_17131,2025-01-04,Savings,0.0,396.0,Education
CUST_17132,2025-06-19,Credit Card,17599.88,478.0,Education
CUST_17133,2025-05-21,Credit Card,13166.15,447.0,Education
CUST_17134,2025-04-08,Checking,2752.92,683.0,Finance
CUST_17135,2025-04-16,Checking,15908.79,371.0,Healthcare
CUST_17136,2025-03-26,Credit Card,1038.01,516.0,Finance
CUST_17137,2025-05-01,Credit Card,7240.46,732.0,Finance
CUST_17138,2025-05-12,Credit Card,0.0,800.0,Education
CUST_17139,2025-03-23,Credit Card,1157.01,332.0,Tech
CUST_17140,2025-01-19,Checking,18857.94,515.0,Unemployed
CUST_17141,2025-05-10,Checking,0.0,400.0,Retail
CUST_17142,2025-01-12,Credit Card,17279.36,769.0,Tech
CUST_17143,2025-03-22,Investment,0.0,479.0,Education
CUST_17144,2025-03-15,Savings,0.0,632.0,Retail
CUST_17145,2025-04-08,Savings,278.2,787.0,Unemployed
CUST_17146,2025-01-06,Investment,7303.78,759.0,Retail
CUST_17147,2025-05-16,Savings,0.0,676.0,Unemployed
CUST_17148,2025-05-05,Credit Card,0.0,434.0,Education
CUST_17149,2025-02-20,Savings,21607.41,709.0,Finance
CUST_17150,2025-01-11,Savings,22830.35,454.0,Retail
CUST_17151,2025-05-07,Savings,0.0,579.0,Unemployed
CUST_17152,2025-05-20,Savings,0.0,778.0,Retail
CUST_17153,2025-03-14,Savings,694.19,498.0,Retail
CUST_17154,2025-01-02,Checking,38266.18,716.0,Retail
CUST_17155,2025-01-08,Credit Card,5254.43,397.0,Healthcare
CUST_17156,2025-05-19,Investment,28565.25,549.0,Finance
CUST_17157,2025-05-04,Checking,15980.26,404.0,Healthcare
CUST_17158,2025-02-22,Checking,3427.02,626.0,Healthcare
CUST_17159,2025-01-10,Checking,0.0,781.0,Unemployed
CUST_17160,2025-04-22,Checking,16687.85,676.0,Education
CUST_17161,2025-01-08,Checking,0.0,314.0,Finance
CUST_17162,2025-02-05,Savings,0.0,780.0,Tech
CUST_17163,2025-04-16,Savings,14882.63,,Unknown
CUST_17164,2025-01-14,Savings,1391.23,784.0,Finance
CUST_17165,2025-03-27,Savings,0.0,578.0,Tech
CUST_17166,2025-05-29,Credit Card,380.84,632.0,Unemployed
CUST_17167,2025-02-19,Savings,0.0,556.0,Unemployed
CUST_17168,2025-06-16,Credit Card,11741.97,484.0,Retail
CUST_17169,2025-01-20,Investment,5543.69,326.0,Unemployed
CUST_17170,2025-03-28,Investment,0.0,324.0,Tech
CUST_17171,2025-05-15,Investment,0.0,361.0,Unknown
CUST_17172,2025-05-17,Savings,0.0,532.0,Tech
CUST_17173,2025-05-09,Checking,0.0,763.0,NA
CUST_17174,2025-06-03,Savings,13986.38,648.0,Unknown
CUST_17175,2025-06-15,Credit Card,0.0,585.0,Unknown
CUST_17176,2025-02-07,Credit Card,45558.13,713.0,Tech
CUST_17177,2025-02-13,Credit Card,25783.33,705.0,NA
CUST_17178,2025-03-27,Checking,25711.05,680.0,Retail
CUST_17179,2025-02-13,Credit Card,0.0,469.0,Healthcare
CUST_17180,2025-03-15,Savings,0.0,589.0,Tech
CUST_17181,2025-04-29,Savings,-86.04,815.0,Finance
CUST_17182,2025-05-02,Credit Card,9402.89,586.0,Education
CUST_17183,2025-05-14,Checking,2570.62,606.0,Healthcare
CUST_17184,2025-05-25,Investment,0.0,307.0,Tech
CUST_17185,2025-02-20,Savings,0.0,656.0,Healthcare
CUST_17186,2025-02-07,Credit Card,0.0,438.0,Unemployed
CUST_17187,2025-06-01,Checking,1353.8,810.0,Unemployed
CUST_17188,2025-02-20,Credit Card,0.0,547.0,Unemployed
CUST_17189,2025-01-10,Credit Card,0.0,840.0,Tech
CUST_17190,2025-04-30,Investment,0.0,482.0,Tech
CUST_17191,2025-05-29,Savings,29822.88,722.0,Healthcare
CUST_17192,2025-03-11,Investment,15626.71,696.0,Tech
CUST_17193,2025-03-26,Savings,19340.15,604.0,Unknown
CUST_17194,2025-02-26,Savings,9091.58,318.0,Tech
CUST_17195,2025-05-06,Checking,0.0,682.0,Education
CUST_17196,2025-02-08,Credit Card,16076.47,525.0,Finance
CUST_17197,2025-02-02,Checking,25223.34,529.0,Retail
CUST_17198,2025-01-18,Credit Card,27410.88,794.0,Education
CUST_17199,2025-02-26,Credit Card,14354.58,783.0,Retail
CUST_17200,2025-04-06,Savings,5014.81,658.0,Retail
CUST_17201,2025-02-17,Investment,4971.63,672.0,Finance
CUST_17202,2025-02-11,Savings,12781.77,377.0,Unknown
CUST_17203,2025-01-27,Credit Card,0.0,626.0,Education
CUST_17204,2025-03-15,Savings,14578.69,575.0,Tech
CUST_17205,2025-04-20,Checking,0.0,651.0,Finance
CUST_17206,2025-06-29,Checking,38142.0,481.0,Tech
CUST_17207,2025-06-19,Savings,492.54,804.0,Tech
CUST_17208,2025-02-01,Savings,7918.06,688.0,Unemployed
CUST_17209,2025-01-26,Savings,7170.79,634.0,Tech
CUST_17210,2025-01-25,Savings,0.0,745.0,Tech
CUST_17211,2025-03-16,Savings,11859.53,808.0,Education
CUST_17212,2025-01-23,Checking,10131.35,547.0,Retail
CUST_17213,2025-02-26,Credit Card,20342.07,592.0,Retail
CUST_17214,2025-06-29,Checking,15806.71,830.0,Education
CUST_17215,2025-05-06,Credit Card,7807.21,437.0,Retail
CUST_17216,2025-03-28,Checking,0.0,644.0,Unemployed
CUST_17217,2025-01-31,Checking,0.0,336.0,Finance
CUST_17218,2025-03-05,Checking,29855.16,613.0,Tech
CUST_17219,2025-02-02,Checking,6307.2,519.0,Tech
CUST_17220,2025-01-02,Checking,36148.39,442.0,Unknown
CUST_17221,2025-01-18,Savings,0.0,703.0,Unemployed
CUST_17222,2025-06-24,Credit Card,37907.16,703.0,Tech
CUST_17223,2025-06-10,Credit Card,0.0,778.0,Healthcare
CUST_17224,2025-03-25,Savings,0.0,519.0,Finance
CUST_17225,2025-02-04,Credit Card,11632.16,666.0,Healthcare
CUST_17226,2025-06-28,Savings,19963.08,495.0,Education
CUST_17227,2025-04-24,Savings,15171.2,331.0,Healthcare
CUST_17228,2025-05-26,Savings,0.0,353.0,Retail
CUST_17229,2025-04-20,Credit Card,0.0,722.0,Retail
CUST_17230,2025-03-29,Credit Card,0.0,533.0,Finance
CUST_17231,2025-03-13,Credit Card,0.0,409.0,Healthcare
CUST_17232,2025-05-05,Savings,4756.52,399.0,Healthcare
CUST_17233,2025-01-30,Checking,0.0,510.0,Tech
CUST_17234,2025-06-21,Credit Card,19998.61,702.0,Finance
CUST_17235,2025-02-22,Savings,16171.84,449.0,Tech
CUST_17236,2025-05-18,Checking,29291.15,693.0,Finance
CUST_17237,2025-03-28,Savings,0.0,557.0,Unknown
CUST_17238,2025-06-29,Savings,0.0,544.0,Finance
CUST_17239,2025-06-26,Checking,20782.46,449.0,Healthcare
CUST_17240,2025-05-19,Checking,21916.9,398.0,Unemployed
CUST_17241,2025-06-13,Savings,25229.86,402.0,Tech
CUST_17242,2025-06-10,Savings,22312.44,311.0,Education
CUST_17243,2025-06-24,Savings,8287.18,525.0,Tech
CUST_17244,2025-01-13,Savings,0.0,741.0,Education
CUST_17245,2025-02-09,Savings,16024.98,447.0,Retail
CUST_17246,2025-03-30,Savings,0.0,478.0,Finance
CUST_17247,2025-03-09,Checking,6579.25,306.0,Unknown
CUST_17248,2025-02-11,Checking,0.0,451.0,Tech
CUST_17249,2025-05-27,Credit Card,8999.49,652.0,Finance
CUST_17250,2025-04-04,Credit Card,23631.0,716.0,Unemployed
CUST_17251,2025-01-19,Savings,-241.74,495.0,Tech
CUST_17252,2025-01-23,Savings,0.0,624.0,Retail
CUST_17253,2025-02-23,Credit Card,3407.96,781.0,Tech
CUST_17254,2025-03-06,Savings,0.0,507.0,Retail
CUST_17255,2025-05-20,Savings,14961.81,602.0,Finance
CUST_17256,2025-01-24,Savings,6747.78,598.0,Unknown
CUST_17257,2025-02-03,Checking,4469.17,725.0,Healthcare
CUST_17258,2025-02-22,Checking,9929.79,361.0,Unemployed
CUST_17259,2025-05-16,Investment,0.0,494.0,Unknown
CUST_17260,2025-01-18,Credit Card,26009.79,662.0,Education
CUST_17261,2025-02-26,Checking,0.0,377.0,Finance
CUST_17262,2025-04-22,Savings,0.0,583.0,Unemployed
CUST_17263,2025-01-05,Savings,17975.56,356.0,Unemployed
CUST_17264,2025-06-03,Savings,14168.5,675.0,Healthcare
CUST_17265,2025-06-07,Savings,34982.94,675.0,Finance
CUST_17266,2025-01-13,Savings,0.0,672.0,Finance
CUST_17267,2025-03-24,Savings,0.0,543.0,Tech
CUST_17268,2025-01-29,Savings,0.0,338.0,Retail
CUST_17269,2025-01-03,Savings,7002.84,608.0,Unknown
CUST_17270,2025-03-31,Investment,941.31,385.0,Retail
CUST_17271,2025-04-14,Checking,0.0,398.0,Tech
CUST_17272,2025-05-03,Investment,4014.91,673.0,Tech
CUST_17273,2025-03-17,Savings,0.0,794.0,Finance
CUST_17274,2025-05-10,Checking,28189.32,507.0,Retail
CUST_17275,2025-04-18,Savings,0.0,382.0,Unknown
CUST_17276,2025-06-05,Savings,0.0,300.0,Finance
CUST_17277,2025-03-23,Savings,0.0,736.0,Unknown
CUST_17278,2025-03-18,Investment,0.0,549.0,Unknown
CUST_17279,2025-01-02,Investment,0.0,709.0,Healthcare
CUST_17280,2025-05-07,Savings,417.57,685.0,Healthcare
CUST_17281,2025-05-15,Savings,15790.72,383.0,Unknown
CUST_17282,2025-01-26,Checking,0.0,789.0,Tech
CUST_17283,2025-03-29,Savings,11782.56,538.0,Retail
CUST_17284,2025-01-16,Savings,14362.8,,Healthcare
CUST_17285,2025-05-31,Savings,15154.19,679.0,Unknown
CUST_17286,2025-06-17,Checking,20534.9,690.0,Retail
CUST_17287,2025-03-14,Savings,0.0,627.0,Unknown
CUST_17288,2025-02-01,Savings,13118.47,779.0,Retail
CUST_17289,2025-01-15,Savings,31477.41,603.0,Education
CUST_17290,2025-05-21,Checking,26004.05,581.0,Healthcare
CUST_17291,2025-01-05,Investment,33379.34,644.0,Healthcare
CUST_17292,2025-03-15,Savings,8615.05,434.0,Finance
CUST_17293,2025-02-21,Credit Card,0.0,767.0,Unknown
CUST_17294,2025-03-18,Credit Card,0.0,660.0,Finance
CUST_17295,2025-06-18,Investment,0.0,414.0,Unknown
CUST_17296,2025-04-20,Credit Card,0.0,485.0,Unemployed
CUST_17297,2025-06-27,Checking,-176.73,777.0,Retail
CUST_17298,2025-05-23,Credit Card,0.0,300.0,Unknown
CUST_17299,2025-04-16,Savings,10093.56,840.0,Tech
CUST_17300,2025-05-07,Checking,7922.15,723.0,Finance
CUST_17301,2025-01-07,Investment,5614.29,569.0,Finance
CUST_17302,2025-02-09,Credit Card,16779.4,718.0,Unemployed
CUST_17303,2025-06-05,Investment,0.0,626.0,Unemployed
CUST_17304,2025-06-09,Credit Card,21439.84,494.0,Retail
CUST_17305,2025-04-09,Credit Card,0.0,554.0,Unemployed
CUST_17306,2025-05-23,Credit Card,446.3,378.0,Healthcare
CUST_17307,2025-03-26,Credit Card,9778.14,397.0,Finance
CUST_17308,2025-03-06,Checking,0.0,449.0,Tech
CUST_17309,2025-05-12,Investment,0.0,746.0,Retail
CUST_17310,2025-01-11,Credit Card,15676.23,422.0,Healthcare
CUST_17311,2025-04-18,Credit Card,0.0,658.0,Education
CUST_17312,2025-01-26,Checking,0.0,538.0,Tech
CUST_17313,2025-06-14,Savings,0.0,829.0,Unemployed
CUST_17314,2025-05-31,Savings,0.0,503.0,Unknown
CUST_17315,2025-03-26,Investment,12443.06,,Healthcare
CUST_17316,2025-06-17,Checking,6759.31,486.0,Retail
CUST_17317,2025-05-31,Savings,0.0,787.0,Unknown
CUST_17318,2025-05-03,Savings,0.0,421.0,Education
CUST_17319,2025-05-24,Credit Card,0.0,649.0,Unemployed
CUST_17320,2025-03-09,Credit Card,5469.37,399.0,Unemployed
CUST_17321,2025-04-14,Credit Card,0.0,583.0,Tech
CUST_17322,2025-03-21,Checking,10253.4,826.0,Finance
CUST_17323,2025-06-08,Savings,9733.59,683.0,Finance
CUST_17324,2025-02-22,Savings,12984.56,486.0,Tech
CUST_17325,2025-04-16,Savings,0.0,307.0,Finance
CUST_17326,2025-06-02,Credit Card,862.7,844.0,Retail
CUST_17327,2025-02-13,Savings,21131.49,718.0,Tech
CUST_17328,2025-05-20,Checking,0.0,389.0,Tech
CUST_17329,2025-03-31,Checking,0.0,795.0,Unknown
CUST_17330,2025-04-11,Checking,0.0,415.0,Unemployed
CUST_17331,2025-04-07,Investment,0.0,319.0,Finance
CUST_17332,2025-01-09,Savings,6822.1,431.0,Unemployed
CUST_17333,2025-01-12,Credit Card,0.0,591.0,Tech
CUST_17334,2025-03-10,Savings,0.0,653.0,Education
CUST_17335,2025-01-28,Savings,22779.72,536.0,Tech
CUST_17336,2025-02-25,Checking,12596.31,522.0,Finance
CUST_17337,2025-04-09,Savings,7236.23,735.0,Finance
CUST_17338,2025-04-20,Credit Card,3587.41,338.0,Finance
CUST_17339,2025-03-18,Checking,159.41,626.0,Finance
CUST_17340,2025-04-13,Savings,0.0,508.0,Unknown
CUST_17341,2025-04-16,Savings,0.0,405.0,Retail
CUST_17342,2025-04-19,Checking,29411.58,548.0,Unknown
CUST_17343,2025-04-22,Credit Card,5313.4,653.0,Finance
CUST_17344,2025-02-27,Checking,0.0,769.0,Education
CUST_17345,2025-03-19,Checking,0.0,564.0,Tech
CUST_17346,2025-03-16,Credit Card,9567.21,763.0,Healthcare
CUST_17347,2025-02-11,Checking,9267.97,740.0,Healthcare
CUST_17348,2025-06-15,Savings,0.0,583.0,NA
CUST_17349,2025-03-09,Checking,0.0,833.0,Healthcare
CUST_17350,2025-02-02,Checking,0.0,668.0,Finance
CUST_17351,2025-03-12,Credit Card,0.0,794.0,Healthcare
CUST_17352,2025-02-25,Checking,0.0,453.0,Unknown
CUST_17353,2025-04-15,Investment,0.0,615.0,NA
CUST_17354,2025-04-11,Savings,27899.7,599.0,Unemployed
CUST_17355,2025-02-20,Investment,0.0,739.0,Finance
CUST_17356,2025-03-15,Checking,8792.72,450.0,Healthcare
CUST_17357,2025-06-20,Checking,28974.31,705.0,Finance
CUST_17358,2025-05-01,Savings,0.0,474.0,Retail
CUST_17359,2025-05-23,Savings,0.0,354.0,Education
CUST_17360,2025-06-15,Credit Card,0.0,610.0,Tech
CUST_17361,2025-05-23,Credit Card,0.0,453.0,Unemployed
CUST_17362,2025-01-05,Savings,1077.51,799.0,Finance
CUST_17363,2025-03-24,Checking,22450.87,800.0,Education
CUST_17364,2025-02-20,Savings,17683.32,489.0,Retail
CUST_17365,2025-01-10,Investment,22734.09,805.0,Retail
CUST_17366,2025-05-20,Credit Card,0.0,448.0,Education
CUST_17367,2025-01-04,Savings,0.0,307.0,Healthcare
CUST_17368,2025-04-05,Credit Card,38840.76,768.0,Education
CUST_17369,2025-05-26,Investment,8221.59,620.0,Unknown
CUST_17370,2025-03-21,Savings,0.0,750.0,Healthcare
CUST_17371,2025-02-05,Credit Card,43405.93,427.0,Healthcare
CUST_17372,2025-01-25,Checking,3650.3,586.0,Education
CUST_17373,2025-04-08,Checking,0.0,386.0,Retail
CUST_17374,2025-06-13,Savings,26817.93,380.0,Tech
CUST_17375,2025-04-11,Savings,0.0,833.0,Tech
CUST_17376,2025-01-09,Checking,9326.25,551.0,Education
CUST_17377,2025-03-02,Savings,17636.67,489.0,Finance
CUST_17378,2025-02-22,Credit Card,15220.91,783.0,Education
CUST_17379,2025-05-26,Savings,28341.34,678.0,Tech
CUST_17380,2025-06-20,Checking,20256.9,755.0,Unemployed
CUST_17381,2025-06-12,Credit Card,32849.54,307.0,Education
CUST_17382,2025-03-04,Checking,3605.19,617.0,Unemployed
CUST_17383,2025-05-01,Checking,0.0,633.0,Unemployed
CUST_17384,2025-04-15,Investment,-199.79,529.0,Unknown
CUST_17385,2025-01-04,Credit Card,25604.71,807.0,Unemployed
CUST_17386,2025-04-03,Savings,0.0,826.0,Retail
CUST_17387,2025-06-18,Checking,17711.06,774.0,Tech
CUST_17388,2025-06-22,Investment,0.0,705.0,Tech
CUST_17389,2025-06-27,Savings,0.0,586.0,Tech
CUST_17390,2025-01-28,Savings,22764.27,745.0,Retail
CUST_17391,2025-06-19,Savings,11549.99,642.0,Tech
CUST_17392,2025-03-21,Savings,0.0,624.0,NA
CUST_17393,2025-03-17,Credit Card,0.0,466.0,Tech
CUST_17394,2025-04-26,Credit Card,0.0,595.0,Education
CUST_17395,2025-03-10,Investment,0.0,482.0,Finance
CUST_17396,2025-04-08,Credit Card,898.61,385.0,Healthcare
CUST_17397,2025-01-01,Savings,0.0,448.0,Tech
CUST_17398,2025-06-16,Savings,23097.39,358.0,Unknown
CUST_17399,2025-04-06,Investment,11195.81,304.0,Healthcare
CUST_17400,2025-01-17,Savings,41987.77,382.0,Healthcare
CUST_17401,2025-04-22,Savings,13011.78,682.0,Retail
CUST_17402,2025-04-01,Investment,13287.85,848.0,Education
CUST_17403,2025-03-29,Checking,9079.91,778.0,Unemployed
CUST_17404,2025-06-12,Savings,964.8,326.0,Education
CUST_17405,2025-06-23,Credit Card,0.0,824.0,Healthcare
CUST_17406,2025-06-19,Investment,1475.25,713.0,Retail
CUST_17407,2025-06-16,Savings,2163.83,479.0,Finance
CUST_17408,2025-03-31,Credit Card,3586.87,763.0,Unknown
CUST_17409,2025-02-18,Savings,14539.81,826.0,Tech
CUST_17410,2025-02-07,Checking,9501.1,300.0,Unemployed
CUST_17411,2025-05-31,Investment,0.0,570.0,Finance
CUST_17412,2025-05-30,Investment,0.0,783.0,Tech
CUST_17413,2025-05-12,Savings,8364.17,347.0,Healthcare
CUST_17414,2025-06-26,Savings,0.0,482.0,Retail
CUST_17415,2025-02-28,Savings,0.0,672.0,Unknown
CUST_17416,2025-03-09,Checking,0.0,838.0,Retail
CUST_17417,2025-05-10,Savings,41390.7,806.0,Unemployed
CUST_17418,2025-02-18,Checking,0.0,805.0,Unemployed
CUST_17419,2025-05-06,Savings,0.0,365.0,Education
CUST_17420,2025-06-08,Checking,0.0,,Unemployed
CUST_17421,2025-04-21,Savings,0.0,769.0,Education
CUST_17422,2025-06-17,Credit Card,19997.13,542.0,Finance
CUST_17423,2025-02-17,Savings,1184.18,636.0,Unemployed
CUST_17424,2025-02-20,Savings,0.0,420.0,Education
CUST_17425,2025-02-12,Credit Card,26463.71,344.0,Tech
CUST_17426,2025-04-08,Credit Card,8954.59,351.0,Retail
CUST_17427,2025-06-26,Savings,11307.85,450.0,Retail
CUST_17428,2025-05-04,Savings,14762.55,712.0,Healthcare
CUST_17429,2025-03-21,Credit Card,0.0,840.0,Healthcare
CUST_17430,2025-04-21,Savings,4896.79,797.0,Unemployed
CUST_17431,2025-05-23,Credit Card,17318.72,508.0,Unemployed
CUST_17432,2025-01-27,Checking,0.0,307.0,Finance
CUST_17433,2025-06-07,Savings,9599.91,690.0,Unknown
CUST_17434,2025-06-13,Checking,13152.78,546.0,Healthcare
CUST_17435,2025-04-23,Credit Card,0.0,694.0,Tech
CUST_17436,2025-03-27,Investment,0.0,638.0,Unknown
CUST_17437,2025-04-24,Savings,0.0,711.0,Education
CUST_17438,2025-05-04,Checking,8401.01,839.0,Education
CUST_17439,2025-02-18,Savings,33274.55,644.0,Finance
CUST_17440,2025-03-17,Checking,0.0,595.0,Education
CUST_17441,2025-02-24,Credit Card,2109.69,534.0,Retail
CUST_17442,2025-02-25,Savings,20199.85,744.0,Education
CUST_17443,2025-04-05,Investment,8988.13,532.0,Healthcare
CUST_17444,2025-02-13,Checking,0.0,609.0,Retail
CUST_17445,2025-06-08,Investment,27894.61,777.0,Healthcare
CUST_17446,2025-03-28,Credit Card,7959.86,813.0,Unknown
CUST_17447,2025-03-25,Savings,1516.77,635.0,Healthcare
CUST_17448,2025-05-31,Savings,2758.36,351.0,Finance
CUST_17449,2025-06-05,Savings,13863.03,845.0,Unknown
CUST_17450,2025-01-16,Savings,0.0,600.0,Finance
CUST_17451,2025-06-14,Checking,28574.31,542.0,Retail
CUST_17452,2025-05-29,Checking,23879.5,655.0,Unknown
CUST_17453,2025-05-25,Investment,5127.2,741.0,Education
CUST_17454,2025-02-06,Checking,5924.14,418.0,Unemployed
CUST_17455,2025-03-18,Credit Card,0.0,708.0,Unemployed
CUST_17456,2025-05-27,Investment,0.0,670.0,Tech
CUST_17457,2025-06-07,Credit Card,0.0,372.0,Education
CUST_17458,2025-02-14,Savings,1938.88,748.0,Retail
CUST_17459,2025-05-26,Checking,5935.15,770.0,Tech
CUST_17460,2025-03-03,Savings,0.0,455.0,Healthcare
CUST_17461,2025-06-13,Savings,15333.68,609.0,Healthcare
CUST_17462,2025-04-10,Savings,0.0,335.0,Tech
CUST_17463,2025-02-21,Credit Card,11177.18,547.0,Healthcare
CUST_17464,2025-01-19,Checking,17108.75,727.0,Education
CUST_17465,2025-04-19,Checking,24605.81,343.0,Finance
CUST_17466,2025-02-13,Investment,21455.8,752.0,Unemployed
CUST_17467,2025-01-07,Savings,29849.64,418.0,Unknown
CUST_17468,2025-06-21,Checking,17232.34,648.0,Education
CUST_17469,2025-04-27,Credit Card,7515.86,687.0,Healthcare
CUST_17470,2025-03-09,Savings,0.0,369.0,Finance
CUST_17471,2025-02-03,Checking,3208.43,753.0,Education
CUST_17472,2025-03-10,Savings,29441.93,566.0,Unemployed
CUST_17473,2025-02-24,Credit Card,2032.38,737.0,Healthcare
CUST_17474,2025-01-10,Savings,4922.83,665.0,Education
CUST_17475,2025-02-11,Savings,27143.35,486.0,Healthcare
CUST_17476,2025-02-10,Checking,1500.17,526.0,Retail
CUST_17477,2025-05-02,Savings,0.0,360.0,Tech
CUST_17478,2025-05-18,Savings,21997.78,467.0,Healthcare
CUST_17479,2025-01-10,Checking,0.0,431.0,Unemployed
CUST_17480,2025-04-12,Savings,11057.26,454.0,Education
CUST_17481,2025-05-08,Checking,8432.44,306.0,Unknown
CUST_17482,2025-06-28,Checking,9736.09,822.0,Unemployed
CUST_17483,2025-05-29,Checking,0.0,550.0,Healthcare
CUST_17484,2025-05-16,Checking,16707.0,561.0,Healthcare
CUST_17485,2025-04-02,Savings,4107.58,419.0,Unemployed
CUST_17486,2025-04-23,Savings,14244.24,347.0,Education
CUST_17487,2025-03-19,Credit Card,12511.9,368.0,Education
CUST_17488,2025-03-26,Credit Card,9738.97,561.0,Finance
CUST_17489,2025-01-30,Savings,0.0,744.0,Unknown
CUST_17490,2025-02-18,Checking,0.0,778.0,Unemployed
CUST_17491,2025-01-09,Checking,4185.59,530.0,Unemployed
CUST_17492,2025-05-25,Checking,7572.1,523.0,Healthcare
CUST_17493,2025-03-10,Checking,0.0,756.0,NA
CUST_17494,2025-02-27,Savings,19144.05,665.0,Tech
CUST_17495,2025-03-03,Credit Card,82.35,327.0,Unemployed
CUST_17496,2025-02-21,Savings,0.0,400.0,Healthcare
CUST_17497,2025-02-09,Checking,13928.53,357.0,Education
CUST_17498,2025-06-15,Credit Card,33217.45,323.0,Finance
CUST_17499,2025-06-20,Checking,0.0,714.0,Healthcare
CUST_17500,2025-03-04,Savings,3120.26,526.0,Retail
CUST_17501,2025-05-27,Investment,20958.5,468.0,Education
CUST_17502,2025-02-19,Credit Card,13547.58,788.0,Retail
CUST_17503,2025-06-10,Credit Card,14318.61,,Retail
CUST_17504,2025-05-21,Checking,5457.27,662.0,Unemployed
CUST_17505,2025-03-19,Savings,0.0,764.0,Tech
CUST_17506,2025-04-07,Investment,8867.79,729.0,Tech
CUST_17507,2025-02-12,Checking,10602.24,720.0,Unemployed
CUST_17508,2025-06-26,Credit Card,21887.59,320.0,Healthcare
CUST_17509,2025-02-05,Savings,0.0,668.0,Tech
CUST_17510,2025-05-02,Savings,30242.29,763.0,Healthcare
CUST_17511,2025-04-18,Investment,343.31,396.0,Healthcare
CUST_17512,2025-01-10,Checking,0.0,791.0,Unemployed
CUST_17513,2025-04-05,Savings,0.0,652.0,Unknown
CUST_17514,2025-01-06,Savings,20694.93,394.0,Education
CUST_17515,2025-02-26,Checking,0.0,323.0,Unknown
CUST_17516,2025-05-09,Savings,14478.9,679.0,Education
CUST_17517,2025-03-12,Checking,0.0,695.0,Finance
CUST_17518,2025-01-21,Checking,4337.63,703.0,Unknown
CUST_17519,2025-04-02,Credit Card,0.0,,Tech
CUST_17520,2025-05-07,Savings,16780.65,353.0,Unemployed
CUST_17521,2025-03-21,Investment,2749.4,591.0,Finance
CUST_17522,2025-02-25,Savings,13361.45,411.0,Unemployed
CUST_17523,2025-04-26,Checking,2316.22,721.0,Retail
CUST_17524,2025-05-28,Savings,12916.22,430.0,Healthcare
CUST_17525,2025-01-25,Credit Card,4308.36,719.0,Unknown
CUST_17526,2025-06-05,Investment,16109.59,577.0,Healthcare
CUST_17527,2025-01-05,Credit Card,13006.79,367.0,Education
CUST_17528,2025-04-30,Checking,7943.64,702.0,Retail
CUST_17529,2025-01-21,Checking,0.0,474.0,Healthcare
CUST_17530,2025-01-18,Credit Card,0.0,579.0,Healthcare
CUST_17531,2025-06-24,Investment,0.0,763.0,Retail
CUST_17532,2025-02-26,Investment,26430.42,689.0,Retail
CUST_17533,2025-04-03,Savings,16705.38,435.0,Healthcare
CUST_17534,2025-01-19,Investment,5566.22,708.0,Retail
CUST_17535,2025-05-08,Savings,0.0,523.0,Tech
CUST_17536,2025-04-07,Savings,0.0,487.0,Retail
CUST_17537,2025-05-11,Savings,6837.13,686.0,Finance
CUST_17538,2025-06-19,Savings,32648.14,308.0,Finance
CUST_17539,2025-01-21,Credit Card,5088.96,479.0,Healthcare
CUST_17540,2025-02-09,Credit Card,23028.8,743.0,Healthcare
CUST_17541,2025-03-08,Credit Card,9134.95,745.0,Education
CUST_17542,2025-06-02,Checking,13438.61,415.0,Retail
CUST_17543,2025-05-07,Checking,0.0,544.0,Unknown
CUST_17544,2025-02-24,Credit Card,2043.99,582.0,Finance
CUST_17545,2025-06-29,Savings,0.0,512.0,Education
CUST_17546,2025-06-21,Credit Card,9568.76,750.0,Healthcare
CUST_17547,2025-04-19,Checking,1348.66,324.0,Unknown
CUST_17548,2025-04-08,Checking,10398.28,532.0,Unemployed
CUST_17549,2025-04-22,Checking,0.0,815.0,Unemployed
CUST_17550,2025-04-25,Credit Card,11835.91,587.0,Tech
CUST_17551,2025-04-27,Savings,7533.54,483.0,Retail
CUST_17552,2025-03-28,Savings,7053.04,550.0,Education
CUST_17553,2025-03-22,Credit Card,10840.64,590.0,Tech
CUST_17554,2025-03-07,Checking,1435.99,658.0,Unknown
CUST_17555,2025-01-19,Credit Card,62100.76,604.0,Unknown
CUST_17556,2025-05-15,Savings,12026.69,649.0,Unknown
CUST_17557,2025-04-28,Savings,6576.68,638.0,Unemployed
CUST_17558,2025-02-11,Credit Card,16129.61,778.0,Healthcare
CUST_17559,2025-02-11,Checking,0.0,764.0,Finance
CUST_17560,2025-02-28,Checking,0.0,429.0,Education
CUST_17561,2025-01-20,Savings,17005.53,486.0,Education
CUST_17562,2025-03-14,Savings,18337.15,720.0,Healthcare
CUST_17563,2025-01-17,Checking,22876.27,795.0,Healthcare
CUST_17564,2025-01-27,Savings,0.0,840.0,Finance
CUST_17565,2025-06-24,Credit Card,3104.16,534.0,Finance
CUST_17566,2025-01-02,Credit Card,9944.46,577.0,Finance
CUST_17567,2025-03-04,Savings,15804.72,401.0,Tech
CUST_17568,2025-03-03,Checking,12898.74,758.0,Tech
CUST_17569,2025-04-10,Checking,0.0,531.0,Healthcare
CUST_17570,2025-01-19,Savings,12721.35,573.0,Unknown
CUST_17571,2025-01-17,Savings,9818.53,664.0,Unknown
CUST_17572,2025-03-10,Checking,9777.73,777.0,Education
CUST_17573,2025-06-16,Checking,0.0,767.0,Tech
CUST_17574,2025-04-27,Checking,0.0,573.0,Healthcare
CUST_17575,2025-03-22,Checking,32183.46,627.0,Unemployed
CUST_17576,2025-02-08,Credit Card,19791.69,483.0,Unemployed
CUST_17577,2025-02-05,Credit Card,4055.45,493.0,Tech
CUST_17578,2025-06-17,Checking,4311.68,571.0,Finance
CUST_17579,2025-06-22,Credit Card,38342.48,599.0,Unemployed
CUST_17580,2025-05-12,Savings,5680.0,495.0,Healthcare
CUST_17581,2025-06-02,Credit Card,3248.15,630.0,Unemployed
CUST_17582,2025-06-07,Checking,0.0,785.0,Finance
CUST_17583,2025-01-29,Credit Card,1495.04,798.0,Retail
CUST_17584,2025-02-20,Checking,0.0,699.0,Unemployed
CUST_17585,2025-06-01,Savings,12811.89,696.0,Education
CUST_17586,2025-01-14,Checking,23888.88,399.0,Finance
CUST_17587,2025-03-10,Savings,24055.97,380.0,Education
CUST_17588,2025-05-26,Checking,0.0,316.0,Healthcare
CUST_17589,2025-06-19,Checking,0.0,511.0,Unknown
CUST_17590,2025-02-26,Credit Card,10089.12,425.0,Unknown
CUST_17591,2025-01-12,Checking,24780.6,429.0,Retail
CUST_17592,2025-01-17,Checking,0.0,834.0,Education
CUST_17593,2025-01-30,Savings,0.0,513.0,Unknown
CUST_17594,2025-03-29,Investment,10361.22,428.0,Unemployed
CUST_17595,2025-04-09,Credit Card,0.0,823.0,Tech
CUST_17596,2025-01-23,Credit Card,0.0,761.0,Unemployed
CUST_17597,2025-05-09,Savings,0.0,356.0,Unemployed
CUST_17598,2025-03-20,Checking,0.0,573.0,Healthcare
CUST_17599,2025-02-01,Savings,0.0,638.0,Retail
CUST_17600,2025-01-09,Checking,21073.16,442.0,Tech
CUST_17601,2025-01-15,Savings,28308.73,722.0,Unknown
CUST_17602,2025-06-05,Checking,5443.35,633.0,Tech
CUST_17603,2025-06-01,Checking,15942.31,432.0,Unemployed
CUST_17604,2025-06-12,Savings,0.0,563.0,Retail
CUST_17605,2025-01-27,Checking,2876.33,446.0,Finance
CUST_17606,2025-04-19,Credit Card,0.0,735.0,Retail
CUST_17607,2025-03-17,Savings,11173.36,311.0,Retail
CUST_17608,2025-05-28,Credit Card,0.0,354.0,Unknown
CUST_17609,2025-03-06,Savings,438.94,529.0,Unknown
CUST_17610,2025-06-26,Savings,14426.01,421.0,Retail
CUST_17611,2025-04-19,Savings,8572.96,532.0,Education
CUST_17612,2025-05-09,Credit Card,16743.6,461.0,Finance
CUST_17613,2025-01-10,Checking,0.0,799.0,Unknown
CUST_17614,2025-02-16,Credit Card,0.0,478.0,Unknown
CUST_17615,2025-05-03,Checking,21483.27,661.0,Healthcare
CUST_17616,2025-02-28,Savings,16387.19,507.0,Tech
CUST_17617,2025-04-06,Credit Card,28531.36,731.0,Unemployed
CUST_17618,2025-04-13,Savings,6113.85,755.0,NA
CUST_17619,2025-05-04,Credit Card,11243.59,803.0,Finance
CUST_17620,2025-03-27,Savings,39938.72,453.0,Retail
CUST_17621,2025-05-26,Savings,0.0,637.0,Unemployed
CUST_17622,2025-04-22,Credit Card,11670.56,592.0,Unknown
CUST_17623,2025-06-23,Investment,23266.09,735.0,Unemployed
CUST_17624,2025-06-09,Savings,8188.73,695.0,Education
CUST_17625,2025-01-27,Credit Card,5994.61,465.0,Education
CUST_17626,2025-01-18,Savings,0.0,751.0,Unknown
CUST_17627,2025-06-16,Credit Card,27008.35,835.0,Unknown
CUST_17628,2025-06-26,Checking,21034.1,700.0,Tech
CUST_17629,2025-03-23,Savings,24238.38,414.0,Healthcare
CUST_17630,2025-06-21,Savings,4676.69,650.0,Finance
CUST_17631,2025-03-13,Savings,189.06,559.0,Unemployed
CUST_17632,2025-02-23,Savings,4899.41,525.0,Unemployed
CUST_17633,2025-06-11,Savings,30489.84,785.0,Finance
CUST_17634,2025-03-12,Checking,1095.38,430.0,Finance
CUST_17635,2025-06-13,Investment,27229.14,563.0,Unknown
CUST_17636,2025-05-26,Savings,2793.53,823.0,Retail
CUST_17637,2025-02-07,Checking,0.0,480.0,Retail
CUST_17638,2025-05-17,Checking,0.0,648.0,Education
CUST_17639,2025-06-28,Investment,13611.95,770.0,Unemployed
CUST_17640,2025-02-04,Checking,16521.83,460.0,Healthcare
CUST_17641,2025-03-23,Checking,0.0,413.0,Tech
CUST_17642,2025-05-13,Checking,27152.95,317.0,Unemployed
CUST_17643,2025-05-22,Savings,0.0,403.0,Unknown
CUST_17644,2025-06-07,Savings,15626.57,485.0,Tech
CUST_17645,2025-01-04,Checking,16362.23,641.0,Healthcare
CUST_17646,2025-06-16,Savings,21097.47,761.0,Finance
CUST_17647,2025-06-02,Checking,0.0,442.0,Healthcare
CUST_17648,2025-06-05,Savings,21003.09,752.0,Tech
CUST_17649,2025-05-30,Checking,2827.37,750.0,Retail
CUST_17650,2025-06-08,Savings,-105.42,361.0,Healthcare
CUST_17651,2025-01-23,Investment,17375.14,575.0,Education
CUST_17652,2025-02-17,Credit Card,19410.29,594.0,Retail
CUST_17653,2025-05-28,Savings,0.0,428.0,Education
CUST_17654,2025-05-05,Savings,0.0,663.0,Education
CUST_17655,2025-06-15,Checking,22988.19,366.0,Unknown
CUST_17656,2025-02-24,Savings,12124.84,346.0,Healthcare
CUST_17657,2025-03-09,Savings,7726.28,673.0,Education
CUST_17658,2025-03-29,Savings,0.0,436.0,Unemployed
CUST_17659,2025-01-01,Investment,11582.62,394.0,NA
CUST_17660,2025-05-15,Credit Card,23283.98,537.0,Healthcare
CUST_17661,2025-04-05,Checking,39768.99,,Tech
CUST_17662,2025-05-20,Checking,-312.8,595.0,Finance
CUST_17663,2025-04-16,Investment,18156.29,791.0,Retail
CUST_17664,2025-05-13,Investment,32823.22,557.0,Healthcare
CUST_17665,2025-04-18,Investment,0.0,686.0,Tech
CUST_17666,2025-06-27,Savings,31986.93,569.0,Tech
CUST_17667,2025-02-11,Savings,8009.65,623.0,Healthcare
CUST_17668,2025-04-12,Checking,6122.96,346.0,Finance
CUST_17669,2025-05-04,Checking,0.0,786.0,Unemployed
CUST_17670,2025-05-20,Savings,-458.42,710.0,Tech
CUST_17671,2025-04-13,Savings,0.0,424.0,Healthcare
CUST_17672,2025-05-26,Credit Card,0.0,511.0,Healthcare
CUST_17673,2025-03-15,Credit Card,11744.34,668.0,Unemployed
CUST_17674,2025-04-18,Savings,21690.31,565.0,Education
CUST_17675,2025-05-02,Credit Card,0.0,434.0,Healthcare
CUST_17676,2025-01-17,Checking,0.0,614.0,Unknown
CUST_17677,2025-03-12,Credit Card,8845.17,599.0,Tech
CUST_17678,2025-03-03,Checking,0.0,597.0,Education
CUST_17679,2025-02-10,Savings,8661.95,578.0,Tech
CUST_17680,2025-04-29,Checking,954.66,673.0,Finance
CUST_17681,2025-06-11,Checking,0.0,787.0,Finance
CUST_17682,2025-02-14,Checking,12074.46,361.0,Tech
CUST_17683,2025-02-27,Savings,0.0,353.0,Unknown
CUST_17684,2025-06-28,Investment,20375.73,637.0,Unknown
CUST_17685,2025-05-06,Savings,2067.56,674.0,Retail
CUST_17686,2025-06-11,Savings,0.0,773.0,Retail
CUST_17687,2025-02-13,Checking,4501.33,411.0,Retail
CUST_17688,2025-01-15,Checking,23629.56,568.0,Tech
CUST_17689,2025-03-19,Checking,32627.34,623.0,Healthcare
CUST_17690,2025-03-11,Credit Card,13896.07,384.0,Education
CUST_17691,2025-06-27,Checking,0.0,671.0,Healthcare
CUST_17692,2025-04-11,Checking,5489.1,374.0,Unemployed
CUST_17693,2025-06-09,Credit Card,3523.74,807.0,Tech
CUST_17694,2025-01-03,Savings,2746.4,527.0,Unemployed
CUST_17695,2025-03-27,Checking,1184.15,693.0,Unknown
CUST_17696,2025-03-15,Credit Card,0.0,314.0,Unemployed
CUST_17697,2025-02-20,Savings,19634.28,480.0,Healthcare
CUST_17698,2025-03-08,Checking,17911.7,807.0,Unknown
CUST_17699,2025-03-17,Investment,5347.44,637.0,Unemployed
CUST_17700,2025-04-03,Savings,23881.21,562.0,Finance
CUST_17701,2025-06-25,Checking,13865.76,377.0,Education
CUST_17702,2025-05-25,Investment,0.0,528.0,Tech
CUST_17703,2025-01-07,Savings,-316.07,329.0,Education
CUST_17704,2025-01-13,Savings,27205.56,673.0,Unknown
CUST_17705,2025-04-30,Credit Card,-409.72,454.0,NA
CUST_17706,2025-03-07,Credit Card,0.0,484.0,Retail
CUST_17707,2025-01-04,Checking,15836.14,747.0,Unknown
CUST_17708,2025-05-18,Checking,796.74,746.0,Finance
CUST_17709,2025-03-29,Credit Card,13411.77,731.0,Tech
CUST_17710,2025-01-17,Credit Card,4458.26,468.0,Retail
CUST_17711,2025-02-21,Savings,0.0,380.0,Education
CUST_17712,2025-05-14,Savings,0.0,509.0,Unknown
CUST_17713,2025-03-10,Checking,0.0,558.0,Education
CUST_17714,2025-05-17,Credit Card,0.0,848.0,Finance
CUST_17715,2025-01-21,Credit Card,14425.68,585.0,Unemployed
CUST_17716,2025-01-24,Investment,23086.56,353.0,Retail
CUST_17717,2025-01-04,Credit Card,0.0,768.0,Healthcare
CUST_17718,2025-06-01,Checking,0.0,668.0,Retail
CUST_17719,2025-01-03,Checking,22067.56,399.0,Finance
CUST_17720,2025-03-09,Credit Card,22511.42,746.0,Retail
CUST_17721,2025-04-11,Credit Card,15844.38,491.0,Unknown
CUST_17722,2025-06-17,Checking,0.0,713.0,Tech
CUST_17723,2025-06-25,Savings,12726.79,781.0,Finance
CUST_17724,2025-02-23,Investment,13273.68,392.0,Unknown
CUST_17725,2025-02-04,Checking,18508.64,552.0,Unknown
CUST_17726,2025-02-25,Savings,7264.84,338.0,Unknown
CUST_17727,2025-04-18,Checking,0.0,845.0,Healthcare
CUST_17728,2025-02-09,Checking,0.0,657.0,Education
CUST_17729,2025-03-09,Savings,22655.79,308.0,Unknown
CUST_17730,2025-02-15,Credit Card,10693.13,487.0,Retail
CUST_17731,2025-03-19,Savings,0.0,438.0,Unknown
CUST_17732,2025-05-21,Savings,30597.01,597.0,NA
CUST_17733,2025-06-04,Checking,22333.21,379.0,Education
CUST_17734,2025-01-06,Credit Card,29937.48,555.0,Unknown
CUST_17735,2025-01-17,Investment,22014.69,478.0,Finance
CUST_17736,2025-06-13,Credit Card,0.0,556.0,Education
CUST_17737,2025-04-09,Investment,9950.07,517.0,Unemployed
CUST_17738,2025-03-22,Savings,14052.41,566.0,Unemployed
CUST_17739,2025-01-02,Savings,0.0,616.0,Unemployed
CUST_17740,2025-03-18,Checking,0.0,583.0,Unemployed
CUST_17741,2025-06-29,Savings,16150.97,644.0,Tech
CUST_17742,2025-03-07,Credit Card,17340.32,374.0,Unemployed
CUST_17743,2025-02-21,Checking,40523.29,635.0,Finance
CUST_17744,2025-04-02,Investment,1094.2,662.0,Finance
CUST_17745,2025-06-20,Savings,0.0,489.0,Retail
CUST_17746,2025-01-22,Checking,2733.01,771.0,Unknown
CUST_17747,2025-04-21,Checking,17651.9,405.0,Finance
CUST_17748,2025-04-17,Savings,-461.48,369.0,Tech
CUST_17749,2025-03-08,Checking,6526.19,821.0,Retail
CUST_17750,2025-05-20,Checking,0.0,513.0,Tech
CUST_17751,2025-03-10,Checking,22896.43,816.0,Healthcare
CUST_17752,2025-03-25,Savings,16169.23,327.0,Retail
CUST_17753,2025-04-13,Savings,0.0,614.0,Finance
CUST_17754,2025-02-08,Checking,0.0,806.0,Finance
CUST_17755,2025-01-13,Savings,0.0,535.0,Finance
CUST_17756,2025-02-10,Savings,0.0,391.0,Healthcare
CUST_17757,2025-02-26,Savings,0.0,662.0,Tech
CUST_17758,2025-01-12,Savings,0.0,337.0,Finance
CUST_17759,2025-01-13,Savings,19003.69,790.0,Unemployed
CUST_17760,2025-04-30,Savings,20193.13,409.0,NA
CUST_17761,2025-04-07,Checking,518.16,443.0,Unemployed
CUST_17762,2025-02-26,Checking,8070.44,496.0,Unknown
CUST_17763,2025-02-09,Checking,21064.99,345.0,Finance
CUST_17764,2025-04-28,Credit Card,16756.73,448.0,Retail
CUST_17765,2025-03-21,Checking,35070.48,437.0,Retail
CUST_17766,2025-05-08,Checking,8891.19,789.0,Education
CUST_17767,2025-06-22,Credit Card,26789.53,701.0,Unknown
CUST_17768,2025-02-04,Checking,6426.8,640.0,Unknown
CUST_17769,2025-01-03,Credit Card,3207.52,601.0,Healthcare
CUST_17770,2025-04-30,Checking,15180.26,417.0,Retail
CUST_17771,2025-01-05,Checking,13282.3,450.0,Healthcare
CUST_17772,2025-01-11,Credit Card,0.0,466.0,Healthcare
CUST_17773,2025-05-06,Savings,0.0,724.0,Education
CUST_17774,2025-03-12,Savings,6121.63,736.0,Retail
CUST_17775,2025-04-27,Savings,0.0,373.0,Unemployed
CUST_17776,2025-05-18,Savings,387.04,661.0,Unknown
CUST_17777,2025-04-16,Savings,0.0,395.0,Finance
CUST_17778,2025-04-26,Checking,0.0,591.0,Unemployed
CUST_17779,2025-06-11,Credit Card,0.0,476.0,Unemployed
CUST_17780,2025-03-08,Credit Card,16518.63,326.0,Unemployed
CUST_17781,2025-01-31,Savings,11700.19,604.0,Unknown
CUST_17782,2025-03-16,Investment,5794.29,504.0,Healthcare
CUST_17783,2025-03-12,Checking,0.0,519.0,Healthcare
CUST_17784,2025-03-07,Savings,20520.48,599.0,Retail
CUST_17785,2025-03-11,Credit Card,18509.73,557.0,Retail
CUST_17786,2025-02-10,Credit Card,3332.88,539.0,Unemployed
CUST_17787,2025-06-09,Credit Card,25321.2,528.0,Education
CUST_17788,2025-01-20,Savings,2156.85,773.0,Tech
CUST_17789,2025-06-27,Checking,8070.54,455.0,Unemployed
CUST_17790,2025-06-02,Credit Card,0.0,517.0,Unemployed
CUST_17791,2025-05-20,Checking,0.0,764.0,Unknown
CUST_17792,2025-02-08,Checking,0.0,494.0,Unknown
CUST_17793,2025-05-25,Checking,15313.88,569.0,Tech
CUST_17794,2025-02-14,Credit Card,10643.29,827.0,Unknown
CUST_17795,2025-05-19,Savings,0.0,655.0,Tech
CUST_17796,2025-03-11,Checking,13496.74,839.0,Healthcare
CUST_17797,2025-05-05,Savings,31894.27,775.0,Education
CUST_17798,2025-05-31,Checking,0.0,607.0,Unknown
CUST_17799,2025-04-01,Credit Card,0.0,708.0,Tech
CUST_17800,2025-03-11,Savings,5121.0,740.0,Unemployed
CUST_17801,2025-06-15,Checking,25673.52,820.0,Retail
CUST_17802,2025-05-10,Checking,0.0,822.0,Unknown
CUST_17803,2025-03-25,Savings,32627.76,784.0,Unemployed
CUST_17804,2025-03-30,Checking,0.0,557.0,Unknown
CUST_17805,2025-03-20,Savings,7820.73,469.0,Healthcare
CUST_17806,2025-04-23,Checking,0.0,760.0,Healthcare
CUST_17807,2025-04-03,Savings,0.0,410.0,Unemployed
CUST_17808,2025-03-13,Credit Card,1798.99,519.0,Unknown
CUST_17809,2025-06-14,Credit Card,9052.91,304.0,Retail
CUST_17810,2025-02-18,Checking,23610.98,831.0,Education
CUST_17811,2025-02-21,Savings,0.0,594.0,Education
CUST_17812,2025-02-02,Investment,11309.66,757.0,Tech
CUST_17813,2025-01-22,Checking,0.0,812.0,Retail
CUST_17814,2025-04-24,Savings,20147.8,511.0,Finance
CUST_17815,2025-05-13,Credit Card,24655.73,418.0,Education
CUST_17816,2025-01-18,Savings,20562.87,684.0,Tech
CUST_17817,2025-06-15,Checking,20540.97,559.0,Healthcare
CUST_17818,2025-04-28,Checking,3629.25,698.0,Education
CUST_17819,2025-04-27,Checking,9150.68,474.0,Finance
CUST_17820,2025-02-06,Credit Card,3545.3,713.0,Healthcare
CUST_17821,2025-03-05,Checking,4317.37,433.0,Healthcare
CUST_17822,2025-05-18,Savings,0.0,401.0,Unknown
CUST_17823,2025-03-20,Investment,9225.03,684.0,Retail
CUST_17824,2025-06-19,Investment,11267.01,754.0,Retail
CUST_17825,2025-05-03,Checking,19779.47,361.0,Unemployed
CUST_17826,2025-06-25,Checking,10881.77,306.0,Education
CUST_17827,2025-02-13,Savings,18216.19,814.0,Finance
CUST_17828,2025-03-23,Credit Card,0.0,631.0,Retail
CUST_17829,2025-03-28,Savings,26351.57,678.0,Tech
CUST_17830,2025-01-16,Savings,1381.2,744.0,Healthcare
CUST_17831,2025-02-23,Checking,0.0,634.0,Tech
CUST_17832,2025-04-12,Savings,0.0,767.0,NA
CUST_17833,2025-06-12,Savings,13650.21,587.0,Tech
CUST_17834,2025-04-08,Checking,6233.07,311.0,Healthcare
CUST_17835,2025-06-05,Savings,0.0,403.0,Retail
CUST_17836,2025-01-02,Savings,8227.35,562.0,Tech
CUST_17837,2025-04-04,Savings,6900.97,734.0,Education
CUST_17838,2025-05-21,Savings,0.0,472.0,Education
CUST_17839,2025-06-18,Credit Card,13467.72,620.0,Finance
CUST_17840,2025-02-28,Credit Card,2992.56,344.0,Finance
CUST_17841,2025-03-10,Checking,0.0,845.0,Unknown
CUST_17842,2025-04-29,Checking,15426.13,510.0,Unemployed
CUST_17843,2025-04-02,Savings,7622.26,716.0,Finance
CUST_17844,2025-02-14,Savings,27703.39,563.0,Tech
CUST_17845,2025-05-28,Savings,0.0,600.0,Healthcare
CUST_17846,2025-01-24,Checking,1504.36,755.0,Unemployed
CUST_17847,2025-04-01,Credit Card,20989.9,525.0,Finance
CUST_17848,2025-04-04,Checking,0.0,403.0,Retail
CUST_17849,2025-02-27,Savings,20461.24,520.0,Education
CUST_17850,2025-06-04,Savings,20852.44,633.0,Education
CUST_17851,2025-06-03,Credit Card,9706.71,717.0,Retail
CUST_17852,2025-05-08,Savings,2523.07,600.0,Education
CUST_17853,2025-01-07,Credit Card,0.0,784.0,Tech
CUST_17854,2025-06-19,Checking,0.0,756.0,Unknown
CUST_17855,2025-02-16,Credit Card,9662.46,735.0,Retail
CUST_17856,2025-02-22,Investment,0.0,693.0,Unknown
CUST_17857,2025-02-07,Investment,0.0,342.0,Tech
CUST_17858,2025-02-22,Checking,0.0,509.0,Unemployed
CUST_17859,2025-05-23,Checking,0.0,310.0,Unknown
CUST_17860,2025-06-03,Savings,7785.66,515.0,Education
CUST_17861,2025-02-17,Investment,0.0,463.0,Retail
CUST_17862,2025-04-05,Checking,23043.09,524.0,Retail
CUST_17863,2025-05-27,Savings,18703.71,545.0,Unemployed
CUST_17864,2025-05-17,Checking,25393.22,315.0,Unemployed
CUST_17865,2025-03-05,Savings,0.0,493.0,Unemployed
CUST_17866,2025-04-03,Checking,8117.0,308.0,Retail
CUST_17867,2025-05-05,Checking,17347.57,813.0,Education
CUST_17868,2025-06-28,Savings,3037.91,592.0,Education
CUST_17869,2025-02-08,Savings,0.0,383.0,Education
CUST_17870,2025-01-04,Investment,6795.19,508.0,Finance
CUST_17871,2025-05-06,Credit Card,1924.65,357.0,NA
CUST_17872,2025-01-03,Credit Card,0.0,811.0,Unknown
CUST_17873,2025-03-05,Savings,0.0,630.0,Healthcare
CUST_17874,2025-01-29,Credit Card,0.0,760.0,Unknown
CUST_17875,2025-04-26,Checking,0.0,624.0,Retail
CUST_17876,2025-01-11,Savings,0.0,509.0,Unknown
CUST_17877,2025-04-07,Savings,26285.94,424.0,Education
CUST_17878,2025-04-12,Savings,0.0,761.0,Retail
CUST_17879,2025-06-04,Savings,11733.5,589.0,Unemployed
CUST_17880,2025-01-21,Investment,23340.34,513.0,Tech
CUST_17881,2025-02-08,Savings,0.0,731.0,Tech
CUST_17882,2025-04-12,Checking,31914.94,396.0,Education
CUST_17883,2025-02-15,Checking,3852.94,548.0,Finance
CUST_17884,2025-03-07,Savings,25372.29,802.0,Unknown
CUST_17885,2025-04-01,Checking,9062.63,824.0,Healthcare
CUST_17886,2025-06-13,Savings,0.0,804.0,Unknown
CUST_17887,2025-04-21,Credit Card,0.0,390.0,Finance
CUST_17888,2025-03-23,Savings,0.0,466.0,Retail
CUST_17889,2025-05-03,Checking,15196.25,550.0,Finance
CUST_17890,2025-04-09,Credit Card,28059.25,746.0,Education
CUST_17891,2025-02-04,Credit Card,0.0,485.0,Unemployed
CUST_17892,2025-06-08,Credit Card,4105.0,548.0,Unemployed
CUST_17893,2025-06-05,Checking,0.0,639.0,Finance
CUST_17894,2025-04-13,Savings,11267.23,745.0,Tech
CUST_17895,2025-05-09,Checking,6325.52,437.0,Education
CUST_17896,2025-01-25,Credit Card,0.0,408.0,Unknown
CUST_17897,2025-02-12,Credit Card,14586.62,716.0,Education
CUST_17898,2025-03-25,Savings,0.0,725.0,Unknown
CUST_17899,2025-02-20,Savings,5168.6,343.0,Education
CUST_17900,2025-05-10,Credit Card,16551.6,641.0,Finance
CUST_17901,2025-05-06,Checking,0.0,500.0,Tech
CUST_17902,2025-03-10,Savings,-384.33,677.0,Finance
CUST_17903,2025-01-09,Checking,0.0,403.0,Retail
CUST_17904,2025-01-02,Checking,11782.54,757.0,Unemployed
CUST_17905,2025-06-11,Investment,10243.36,714.0,Healthcare
CUST_17906,2025-06-08,Checking,0.0,701.0,Healthcare
CUST_17907,2025-01-10,Savings,10113.09,689.0,Unemployed
CUST_17908,2025-04-24,Savings,0.0,661.0,Healthcare
CUST_17909,2025-03-17,Savings,17529.09,733.0,Unemployed
CUST_17910,2025-06-13,Checking,18435.52,682.0,Retail
CUST_17911,2025-03-26,Checking,0.0,327.0,Retail
CUST_17912,2025-02-18,Savings,0.0,406.0,Retail
CUST_17913,2025-03-11,Checking,4137.15,839.0,Tech
CUST_17914,2025-06-26,Credit Card,0.0,485.0,Education
CUST_17915,2025-05-11,Savings,0.0,494.0,Unemployed
CUST_17916,2025-05-13,Savings,9617.79,445.0,Unknown
CUST_17917,2025-03-31,Investment,17135.92,427.0,Retail
CUST_17918,2025-01-26,Savings,9768.07,405.0,Healthcare
CUST_17919,2025-03-13,Credit Card,48294.93,715.0,Unemployed
CUST_17920,2025-01-05,Checking,23728.81,651.0,Unknown
CUST_17921,2025-01-15,Credit Card,16030.63,682.0,Unknown
CUST_17922,2025-05-03,Credit Card,15487.83,648.0,Healthcare
CUST_17923,2025-05-24,Checking,6301.38,780.0,Unemployed
CUST_17924,2025-01-01,Credit Card,12569.8,613.0,Unemployed
CUST_17925,2025-05-24,Investment,7963.93,822.0,Finance
CUST_17926,2025-06-14,Checking,20762.58,659.0,Unknown
CUST_17927,2025-01-03,Savings,812.91,620.0,Education
CUST_17928,2025-06-29,Savings,11.31,683.0,Retail
CUST_17929,2025-02-16,Credit Card,22671.02,316.0,Education
CUST_17930,2025-04-05,Checking,0.0,669.0,Retail
CUST_17931,2025-01-13,Savings,0.0,365.0,Healthcare
CUST_17932,2025-04-30,Savings,0.0,412.0,Education
CUST_17933,2025-02-24,Checking,16229.26,715.0,Education
CUST_17934,2025-05-29,Savings,45078.29,370.0,Retail
CUST_17935,2025-03-07,Checking,0.0,360.0,Retail
CUST_17936,2025-06-04,Credit Card,14677.23,743.0,Unknown
CUST_17937,2025-06-15,Checking,7306.64,613.0,Education
CUST_17938,2025-03-31,Savings,21922.83,782.0,Unemployed
CUST_17939,2025-03-03,Savings,14545.69,543.0,Retail
CUST_17940,2025-04-12,Savings,22852.84,816.0,Education
CUST_17941,2025-06-23,Savings,9382.04,669.0,Finance
CUST_17942,2025-05-19,Checking,0.0,616.0,Education
CUST_17943,2025-01-08,Checking,0.0,320.0,Tech
CUST_17944,2025-04-07,Savings,8179.71,530.0,Education
CUST_17945,2025-04-27,Savings,12006.24,825.0,Unknown
CUST_17946,2025-03-05,Savings,0.0,768.0,Unknown
CUST_17947,2025-01-21,Investment,35225.89,377.0,Unemployed
CUST_17948,2025-04-25,Checking,19118.33,829.0,Finance
CUST_17949,2025-03-26,Credit Card,0.0,589.0,Finance
CUST_17950,2025-01-20,Credit Card,3156.47,517.0,Unemployed
CUST_17951,2025-01-08,Checking,0.0,399.0,Unknown
CUST_17952,2025-02-27,Credit Card,33594.24,448.0,Unknown
CUST_17953,2025-02-15,Savings,0.0,684.0,Healthcare
CUST_17954,2025-01-31,Checking,11281.13,454.0,Unemployed
CUST_17955,2025-04-03,Savings,6849.87,694.0,Healthcare
CUST_17956,2025-01-09,Credit Card,17208.61,675.0,Unknown
CUST_17957,2025-01-15,Savings,9841.42,401.0,Tech
CUST_17958,2025-04-04,Credit Card,36039.87,391.0,Retail
CUST_17959,2025-06-03,Savings,18768.96,,Retail
CUST_17960,2025-05-18,Credit Card,0.0,705.0,Finance
CUST_17961,2025-01-29,Savings,26063.24,320.0,Finance
CUST_17962,2025-03-21,Checking,8047.3,707.0,Healthcare
CUST_17963,2025-02-05,Checking,26088.7,318.0,Unknown
CUST_17964,2025-03-25,Savings,243.81,835.0,Finance
CUST_17965,2025-04-19,Checking,0.0,837.0,Education
CUST_17966,2025-04-28,Investment,0.0,452.0,Education
CUST_17967,2025-02-06,Savings,20920.94,600.0,Tech
CUST_17968,2025-03-27,Investment,16957.68,712.0,Unknown
CUST_17969,2025-03-12,Checking,0.0,501.0,Education
CUST_17970,2025-05-31,Credit Card,0.0,438.0,Tech
CUST_17971,2025-06-18,Savings,21495.12,323.0,Healthcare
CUST_17972,2025-04-03,Checking,0.0,311.0,Education
CUST_17973,2025-03-21,Credit Card,37608.67,434.0,Tech
CUST_17974,2025-04-12,Checking,0.0,380.0,Unknown
CUST_17975,2025-06-05,Checking,5211.15,654.0,Retail
CUST_17976,2025-06-25,Savings,8450.25,369.0,Tech
CUST_17977,2025-06-15,Savings,10472.77,503.0,Unemployed
CUST_17978,2025-06-08,Checking,9864.25,578.0,Unknown
CUST_17979,2025-01-14,Credit Card,6956.59,678.0,Education
CUST_17980,2025-04-27,Checking,0.0,593.0,Tech
CUST_17981,2025-03-14,Savings,1648.29,714.0,Unemployed
CUST_17982,2025-04-01,Checking,0.0,727.0,Healthcare
CUST_17983,2025-03-31,Savings,6738.15,455.0,Finance
CUST_17984,2025-01-29,Checking,0.0,576.0,Retail
CUST_17985,2025-06-28,Credit Card,9731.92,564.0,Healthcare
CUST_17986,2025-02-18,Credit Card,3519.92,348.0,Retail
CUST_17987,2025-06-20,Savings,17621.49,592.0,Retail
CUST_17988,2025-03-13,Credit Card,445.04,320.0,Unemployed
CUST_17989,2025-05-13,Checking,14033.43,743.0,Tech
CUST_17990,2025-02-11,Credit Card,13280.38,834.0,Unknown
CUST_17991,2025-05-15,Savings,2914.02,771.0,Finance
CUST_17992,2025-02-11,Checking,10293.23,437.0,Tech
CUST_17993,2025-06-13,Savings,0.0,529.0,Tech
CUST_17994,2025-04-15,Checking,25123.48,704.0,Education
CUST_17995,2025-01-27,Savings,0.0,656.0,Tech
CUST_17996,2025-02-27,Savings,2325.26,840.0,Finance
CUST_17997,2025-02-15,Savings,0.0,320.0,Healthcare
CUST_17998,2025-03-07,Savings,0.0,826.0,Unemployed
CUST_17999,2025-01-25,Savings,29653.07,404.0,Tech
CUST_18000,2025-03-14,Checking,7068.35,635.0,Finance
CUST_18001,2025-04-27,Savings,548.23,723.0,Tech
CUST_18002,2025-06-04,Checking,464.67,303.0,Unemployed
CUST_18003,2025-05-09,Savings,5029.68,768.0,Retail
CUST_18004,2025-03-28,Investment,15836.87,837.0,Unemployed
CUST_18005,2025-03-15,Investment,7907.58,493.0,Tech
CUST_18006,2025-06-19,Savings,8227.92,659.0,Education
CUST_18007,2025-06-29,Checking,0.0,819.0,Retail
CUST_18008,2025-06-02,Savings,593.01,372.0,Finance
CUST_18009,2025-05-05,Investment,7347.81,377.0,Unemployed
CUST_18010,2025-03-08,Checking,4532.14,367.0,Tech
CUST_18011,2025-01-06,Savings,0.0,633.0,Unknown
CUST_18012,2025-05-05,Savings,0.0,384.0,Retail
CUST_18013,2025-02-27,Savings,11533.47,795.0,Retail
CUST_18014,2025-03-11,Savings,11902.96,378.0,Healthcare
CUST_18015,2025-02-22,Checking,19841.19,605.0,Retail
CUST_18016,2025-03-07,Checking,7936.76,319.0,Unemployed
CUST_18017,2025-02-27,Savings,0.0,455.0,Finance
CUST_18018,2025-03-23,Savings,40374.36,416.0,Unknown
CUST_18019,2025-03-28,Savings,4867.98,749.0,Tech
CUST_18020,2025-01-02,Savings,0.0,327.0,Unemployed
CUST_18021,2025-05-30,Credit Card,4127.59,628.0,Retail
CUST_18022,2025-02-06,Savings,0.0,663.0,Unknown
CUST_18023,2025-05-28,Checking,0.0,718.0,Finance
CUST_18024,2025-04-13,Savings,14218.3,321.0,Healthcare
CUST_18025,2025-01-24,Savings,2771.81,560.0,Tech
CUST_18026,2025-04-22,Checking,3658.41,359.0,Education
CUST_18027,2025-03-06,Checking,0.0,712.0,Retail
CUST_18028,2025-05-09,Checking,1602.68,462.0,Retail
CUST_18029,2025-04-27,Checking,0.0,413.0,Healthcare
CUST_18030,2025-04-26,Checking,0.0,653.0,Finance
CUST_18031,2025-04-15,Savings,8544.2,495.0,Healthcare
CUST_18032,2025-01-03,Checking,0.0,344.0,Finance
CUST_18033,2025-02-15,Checking,0.0,478.0,Tech
CUST_18034,2025-02-24,Savings,6448.66,792.0,Retail
CUST_18035,2025-03-16,Checking,0.0,624.0,Education
CUST_18036,2025-02-14,Savings,0.0,669.0,Healthcare
CUST_18037,2025-06-03,Savings,0.0,646.0,Unemployed
CUST_18038,2025-03-18,Checking,10048.64,414.0,Education
CUST_18039,2025-01-24,Credit Card,0.0,,Education
CUST_18040,2025-02-04,Credit Card,0.0,466.0,Retail
CUST_18041,2025-01-24,Savings,23684.94,653.0,Retail
CUST_18042,2025-01-28,Checking,10070.38,414.0,Unknown
CUST_18043,2025-01-16,Checking,0.0,707.0,Unknown
CUST_18044,2025-02-28,Savings,0.0,622.0,Unemployed
CUST_18045,2025-05-24,Credit Card,20696.18,840.0,Education
CUST_18046,2025-01-15,Credit Card,2368.57,341.0,Tech
CUST_18047,2025-01-11,Investment,0.0,759.0,Unemployed
CUST_18048,2025-03-20,Savings,16260.13,418.0,Education
CUST_18049,2025-04-25,Savings,2482.75,749.0,Finance
CUST_18050,2025-03-09,Credit Card,23445.05,,Unemployed
CUST_18051,2025-02-12,Checking,0.0,488.0,Unknown
CUST_18052,2025-03-10,Credit Card,0.0,584.0,Finance
CUST_18053,2025-05-21,Savings,5248.88,,Finance
CUST_18054,2025-05-18,Checking,19470.16,756.0,Finance
CUST_18055,2025-03-16,Checking,8742.7,610.0,Healthcare
CUST_18056,2025-04-13,Savings,6553.18,683.0,Unknown
CUST_18057,2025-02-10,Checking,0.0,464.0,Tech
CUST_18058,2025-06-27,Checking,0.0,706.0,Healthcare
CUST_18059,2025-02-28,Savings,19486.64,775.0,Healthcare
CUST_18060,2025-02-08,Savings,21062.64,357.0,Finance
CUST_18061,2025-01-03,Checking,20578.93,715.0,Tech
CUST_18062,2025-01-07,Checking,16865.76,550.0,Unknown
CUST_18063,2025-02-18,Credit Card,11697.75,519.0,Tech
CUST_18064,2025-01-26,Savings,11468.14,459.0,Education
CUST_18065,2025-06-10,Savings,7003.9,486.0,Unemployed
CUST_18066,2025-04-11,Investment,13431.08,763.0,Healthcare
CUST_18067,2025-06-25,Investment,4374.64,797.0,Unemployed
CUST_18068,2025-03-20,Savings,13389.07,629.0,Unemployed
CUST_18069,2025-01-02,Credit Card,18763.4,648.0,Tech
CUST_18070,2025-05-07,Savings,0.0,799.0,Unknown
CUST_18071,2025-06-09,Savings,21444.71,789.0,Retail
CUST_18072,2025-05-12,Savings,4132.83,579.0,Unemployed
CUST_18073,2025-01-20,Savings,26873.0,463.0,Healthcare
CUST_18074,2025-04-27,Credit Card,24056.99,697.0,Unemployed
CUST_18075,2025-06-13,Credit Card,0.0,367.0,Tech
CUST_18076,2025-02-01,Investment,5009.52,727.0,Retail
CUST_18077,2025-01-28,Credit Card,0.0,731.0,Unemployed
CUST_18078,2025-03-18,Checking,0.0,674.0,NA
CUST_18079,2025-01-01,Checking,10336.09,722.0,Retail
CUST_18080,2025-02-25,Investment,17704.31,377.0,Finance
CUST_18081,2025-02-04,Credit Card,6038.54,787.0,Unknown
CUST_18082,2025-04-22,Credit Card,11641.39,469.0,Unknown
CUST_18083,2025-01-30,Investment,0.0,337.0,Unknown
CUST_18084,2025-02-23,Savings,4714.71,589.0,Education
CUST_18085,2025-02-05,Credit Card,0.0,470.0,Unemployed
CUST_18086,2025-03-21,Credit Card,9238.38,591.0,Unemployed
CUST_18087,2025-02-27,Investment,25845.92,721.0,Education
CUST_18088,2025-03-24,Savings,4145.95,404.0,Tech
CUST_18089,2025-03-06,Checking,0.0,705.0,Unknown
CUST_18090,2025-03-10,Checking,7944.14,758.0,Tech
CUST_18091,2025-05-08,Savings,15581.54,547.0,Unemployed
CUST_18092,2025-02-20,Checking,0.0,608.0,Unknown
CUST_18093,2025-01-22,Savings,23627.62,672.0,Unemployed
CUST_18094,2025-04-17,Savings,0.0,405.0,Education
CUST_18095,2025-04-19,Checking,0.0,614.0,Retail
CUST_18096,2025-04-26,Checking,0.0,838.0,Tech
CUST_18097,2025-04-11,Checking,9031.99,371.0,Unemployed
CUST_18098,2025-04-10,Checking,32239.87,677.0,Finance
CUST_18099,2025-06-13,Savings,10501.25,795.0,Unknown
CUST_18100,2025-03-09,Savings,0.0,484.0,Finance
CUST_18101,2025-02-05,Savings,12698.26,,Education
CUST_18102,2025-06-29,Savings,17005.3,473.0,Tech
CUST_18103,2025-06-27,Checking,22409.98,692.0,Tech
CUST_18104,2025-06-18,Credit Card,0.0,363.0,Unemployed
CUST_18105,2025-05-26,Savings,28295.9,714.0,Unemployed
CUST_18106,2025-01-22,Savings,8201.69,702.0,Unknown
CUST_18107,2025-03-07,Credit Card,31297.92,412.0,Retail
CUST_18108,2025-01-21,Savings,7333.82,364.0,Tech
CUST_18109,2025-04-10,Investment,13651.45,700.0,Education
CUST_18110,2025-05-08,Credit Card,0.0,589.0,Tech
CUST_18111,2025-02-13,Savings,19772.61,782.0,Unemployed
CUST_18112,2025-04-13,Savings,0.0,719.0,Tech
CUST_18113,2025-02-16,Checking,9031.68,614.0,Finance
CUST_18114,2025-02-08,Savings,0.0,388.0,Education
CUST_18115,2025-01-29,Savings,3678.43,656.0,Healthcare
CUST_18116,2025-02-23,Savings,21278.37,817.0,Education
CUST_18117,2025-03-31,Credit Card,-325.34,664.0,Education
CUST_18118,2025-03-26,Checking,21585.12,566.0,Unemployed
CUST_18119,2025-01-17,Savings,0.0,705.0,Healthcare
CUST_18120,2025-03-21,Checking,6963.59,438.0,Unknown
CUST_18121,2025-06-08,Checking,37247.26,464.0,Unemployed
CUST_18122,2025-03-14,Checking,6825.83,405.0,Healthcare
CUST_18123,2025-02-18,Savings,3862.05,448.0,Finance
CUST_18124,2025-04-11,Checking,7099.21,484.0,NA
CUST_18125,2025-01-02,Investment,46.26,709.0,Education
CUST_18126,2025-06-25,Savings,0.0,500.0,Education
CUST_18127,2025-05-22,Savings,35887.22,519.0,Education
CUST_18128,2025-02-28,Savings,0.0,769.0,Education
CUST_18129,2025-04-07,Savings,0.0,733.0,Finance
CUST_18130,2025-04-09,Savings,2668.9,328.0,Education
CUST_18131,2025-04-13,Credit Card,10353.1,363.0,Healthcare
CUST_18132,2025-06-28,Investment,1883.07,395.0,Healthcare
CUST_18133,2025-01-02,Savings,4268.84,839.0,Tech
CUST_18134,2025-02-10,Checking,2541.46,809.0,Finance
CUST_18135,2025-05-03,Checking,11383.05,639.0,Tech
CUST_18136,2025-03-23,Checking,17284.67,550.0,Education
CUST_18137,2025-05-24,Checking,2113.04,578.0,Unknown
CUST_18138,2025-05-12,Savings,43844.7,338.0,Finance
CUST_18139,2025-05-20,Checking,20613.37,368.0,Unknown
CUST_18140,2025-01-29,Checking,4918.15,576.0,Finance
CUST_18141,2025-05-15,Credit Card,0.0,419.0,Retail
CUST_18142,2025-01-14,Credit Card,6714.09,385.0,Retail
CUST_18143,2025-01-12,Savings,17208.28,476.0,Unknown
CUST_18144,2025-04-09,Savings,17323.25,391.0,Tech
CUST_18145,2025-05-13,Investment,0.0,719.0,Tech
CUST_18146,2025-03-22,Checking,6730.42,,Healthcare
CUST_18147,2025-04-16,Credit Card,0.0,640.0,Unknown
CUST_18148,2025-02-01,Savings,27457.94,720.0,Healthcare
CUST_18149,2025-03-15,Checking,6855.19,527.0,Unemployed
CUST_18150,2025-06-20,Checking,0.0,772.0,Unknown
CUST_18151,2025-03-22,Credit Card,10524.9,387.0,Unemployed
CUST_18152,2025-03-10,Savings,0.0,649.0,NA
CUST_18153,2025-02-14,Savings,11751.74,489.0,Unemployed
CUST_18154,2025-04-16,Checking,43807.97,435.0,Healthcare
CUST_18155,2025-05-17,Credit Card,25405.19,624.0,Finance
CUST_18156,2025-06-26,Investment,8882.42,339.0,Education
CUST_18157,2025-06-10,Investment,0.0,586.0,Tech
CUST_18158,2025-04-10,Investment,24112.48,,Healthcare
CUST_18159,2025-05-26,Savings,14538.36,719.0,Unknown
CUST_18160,2025-01-09,Savings,997.39,838.0,Finance
CUST_18161,2025-03-03,Savings,0.0,590.0,Retail
CUST_18162,2025-01-29,Savings,0.0,615.0,Education
CUST_18163,2025-05-05,Credit Card,10620.26,431.0,Retail
CUST_18164,2025-04-24,Credit Card,0.0,838.0,Unemployed
CUST_18165,2025-06-02,Savings,7517.72,602.0,Unknown
CUST_18166,2025-05-23,Checking,18916.52,581.0,Retail
CUST_18167,2025-05-14,Investment,0.0,791.0,Unknown
CUST_18168,2025-04-30,Checking,14676.5,579.0,Education
CUST_18169,2025-06-19,Savings,23334.94,799.0,Finance
CUST_18170,2025-06-06,Checking,10927.71,498.0,Unknown
CUST_18171,2025-03-20,Savings,15493.5,674.0,Retail
CUST_18172,2025-04-03,Checking,11039.59,599.0,Finance
CUST_18173,2025-01-04,Checking,5243.93,598.0,Retail
CUST_18174,2025-03-23,Savings,17557.08,621.0,Healthcare
CUST_18175,2025-06-26,Investment,29138.21,409.0,Unknown
CUST_18176,2025-06-21,Checking,17824.87,770.0,Unemployed
CUST_18177,2025-03-16,Checking,2095.71,711.0,Education
CUST_18178,2025-01-14,Investment,2488.06,812.0,Tech
CUST_18179,2025-05-11,Savings,3049.16,779.0,Education
CUST_18180,2025-04-24,Savings,19211.41,439.0,Retail
CUST_18181,2025-03-03,Credit Card,0.0,803.0,Retail
CUST_18182,2025-04-16,Savings,0.0,359.0,Unemployed
CUST_18183,2025-03-05,Credit Card,12033.85,482.0,Unknown
CUST_18184,2025-04-12,Savings,5324.64,718.0,Healthcare
CUST_18185,2025-06-22,Savings,27219.75,526.0,Healthcare
CUST_18186,2025-04-16,Checking,0.0,690.0,Education
CUST_18187,2025-01-20,Savings,8121.27,443.0,Tech
CUST_18188,2025-02-27,Credit Card,0.0,326.0,Unemployed
CUST_18189,2025-04-22,Checking,17154.19,807.0,Education
CUST_18190,2025-02-26,Investment,800.1,426.0,Tech
CUST_18191,2025-04-29,Credit Card,0.0,755.0,Finance
CUST_18192,2025-04-07,Savings,19038.2,580.0,Retail
CUST_18193,2025-04-02,Credit Card,24184.8,694.0,Finance
CUST_18194,2025-02-21,Checking,3534.79,,Education
CUST_18195,2025-02-06,Checking,3822.51,,Tech
CUST_18196,2025-01-08,Credit Card,24058.71,640.0,Tech
CUST_18197,2025-02-13,Checking,22382.63,418.0,Finance
CUST_18198,2025-04-08,Checking,20471.39,667.0,Healthcare
CUST_18199,2025-05-13,Checking,0.0,684.0,Healthcare
CUST_18200,2025-04-28,Savings,0.0,809.0,Unemployed
CUST_18201,2025-03-10,Savings,29549.66,457.0,Finance
CUST_18202,2025-06-08,Checking,14145.66,385.0,Healthcare
CUST_18203,2025-02-14,Savings,0.0,660.0,Tech
CUST_18204,2025-05-17,Savings,3404.63,384.0,Education
CUST_18205,2025-02-01,Savings,6274.58,658.0,Healthcare
CUST_18206,2025-02-02,Checking,3415.31,432.0,Unemployed
CUST_18207,2025-05-06,Savings,616.13,686.0,Tech
CUST_18208,2025-03-08,Credit Card,23459.03,546.0,Unemployed
CUST_18209,2025-01-30,Savings,12926.06,440.0,Unknown
CUST_18210,2025-04-24,Checking,38799.68,746.0,Education
CUST_18211,2025-01-29,Checking,24280.76,375.0,Tech
CUST_18212,2025-05-11,Checking,7044.67,397.0,Unknown
CUST_18213,2025-01-30,Savings,26256.61,602.0,Unknown
CUST_18214,2025-05-17,Investment,10292.4,765.0,Unknown
CUST_18215,2025-06-03,Investment,41274.38,354.0,Retail
CUST_18216,2025-05-10,Credit Card,275.85,604.0,Unknown
CUST_18217,2025-03-03,Investment,11795.67,833.0,Education
CUST_18218,2025-01-03,Checking,0.0,334.0,NA
CUST_18219,2025-06-23,Checking,0.0,839.0,Unknown
CUST_18220,2025-03-09,Credit Card,-120.92,788.0,Healthcare
CUST_18221,2025-01-25,Checking,23543.55,439.0,Unemployed
CUST_18222,2025-06-28,Credit Card,8120.48,399.0,Healthcare
CUST_18223,2025-05-21,Credit Card,0.0,672.0,Tech
CUST_18224,2025-02-13,Investment,6404.88,322.0,Finance
CUST_18225,2025-06-12,Savings,0.0,583.0,Tech
CUST_18226,2025-02-24,Credit Card,0.0,412.0,Unknown
CUST_18227,2025-05-17,Checking,22259.36,672.0,Unemployed
CUST_18228,2025-05-10,Checking,0.0,496.0,Unemployed
CUST_18229,2025-02-10,Savings,0.0,463.0,Unemployed
CUST_18230,2025-06-21,Credit Card,0.0,730.0,Retail
CUST_18231,2025-03-05,Investment,0.0,309.0,Unemployed
CUST_18232,2025-01-31,Savings,0.0,697.0,Education
CUST_18233,2025-02-16,Checking,0.0,451.0,Finance
CUST_18234,2025-05-10,Savings,1553.01,490.0,Tech
CUST_18235,2025-04-06,Investment,9705.66,576.0,Retail
CUST_18236,2025-03-18,Checking,0.0,792.0,Retail
CUST_18237,2025-04-20,Savings,10416.58,542.0,Healthcare
CUST_18238,2025-03-10,Savings,6660.07,787.0,Tech
CUST_18239,2025-02-27,Checking,13102.28,575.0,Tech
CUST_18240,2025-04-16,Savings,0.0,,Unemployed
CUST_18241,2025-02-13,Checking,34759.31,606.0,Unknown
CUST_18242,2025-03-15,Investment,0.0,595.0,Unemployed
CUST_18243,2025-02-25,Credit Card,0.0,533.0,Retail
CUST_18244,2025-06-20,Savings,12724.62,640.0,NA
CUST_18245,2025-05-07,Investment,6767.12,492.0,Unemployed
CUST_18246,2025-06-11,Checking,17703.78,663.0,Unknown
CUST_18247,2025-01-30,Savings,351.29,557.0,Healthcare
CUST_18248,2025-03-12,Savings,0.0,810.0,Finance
CUST_18249,2025-04-28,Savings,0.0,530.0,Retail
CUST_18250,2025-02-24,Credit Card,31694.17,313.0,NA
CUST_18251,2025-03-08,Savings,455.11,313.0,Healthcare
CUST_18252,2025-05-21,Savings,2489.07,509.0,Education
CUST_18253,2025-01-03,Credit Card,32020.87,339.0,Finance
CUST_18254,2025-01-26,Checking,0.0,333.0,Healthcare
CUST_18255,2025-02-26,Credit Card,5363.63,533.0,Education
CUST_18256,2025-05-06,Credit Card,0.0,589.0,Education
CUST_18257,2025-06-01,Savings,0.0,732.0,Tech
CUST_18258,2025-02-22,Credit Card,33346.65,617.0,Unemployed
CUST_18259,2025-02-12,Savings,33554.51,707.0,Healthcare
CUST_18260,2025-02-18,Checking,20315.69,379.0,Retail
CUST_18261,2025-02-11,Checking,19812.7,475.0,Tech
CUST_18262,2025-01-11,Savings,16315.53,584.0,Finance
CUST_18263,2025-04-13,Investment,0.0,617.0,Unemployed
CUST_18264,2025-04-08,Checking,9360.93,709.0,Retail
CUST_18265,2025-05-26,Savings,0.0,441.0,Retail
CUST_18266,2025-03-26,Investment,0.0,546.0,Education
CUST_18267,2025-04-10,Checking,21789.05,476.0,Healthcare
CUST_18268,2025-04-14,Checking,13319.75,643.0,Education
CUST_18269,2025-06-29,Checking,0.0,563.0,Education
CUST_18270,2025-02-15,Credit Card,-404.31,467.0,NA
CUST_18271,2025-02-13,Savings,20782.86,324.0,Healthcare
CUST_18272,2025-01-22,Savings,6979.1,826.0,Unknown
CUST_18273,2025-04-24,Checking,0.0,827.0,Healthcare
CUST_18274,2025-05-05,Savings,0.0,609.0,Education
CUST_18275,2025-05-04,Credit Card,32859.26,327.0,Unemployed
CUST_18276,2025-01-30,Savings,5987.9,669.0,Unknown
CUST_18277,2025-01-08,Savings,20877.75,683.0,Healthcare
CUST_18278,2025-04-08,Savings,32575.08,593.0,Healthcare
CUST_18279,2025-02-26,Credit Card,0.0,778.0,Retail
CUST_18280,2025-04-21,Credit Card,10280.77,336.0,Education
CUST_18281,2025-03-14,Savings,0.0,846.0,Healthcare
CUST_18282,2025-04-25,Checking,0.0,671.0,Education
CUST_18283,2025-01-20,Savings,13636.24,401.0,Finance
CUST_18284,2025-01-25,Checking,2118.72,654.0,Tech
CUST_18285,2025-01-19,Savings,11778.2,764.0,Retail
CUST_18286,2025-01-05,Checking,18948.16,779.0,Unknown
CUST_18287,2025-03-16,Checking,13403.9,515.0,Retail
CUST_18288,2025-05-08,Investment,9962.34,626.0,Unknown
CUST_18289,2025-03-13,Savings,7862.9,546.0,Education
CUST_18290,2025-06-04,Credit Card,0.0,387.0,Healthcare
CUST_18291,2025-02-09,Checking,0.0,633.0,Unknown
CUST_18292,2025-01-26,Investment,25334.22,499.0,Education
CUST_18293,2025-01-27,Savings,16886.2,682.0,Unemployed
CUST_18294,2025-03-24,Savings,0.0,727.0,Tech
CUST_18295,2025-05-08,Credit Card,5961.4,634.0,Retail
CUST_18296,2025-06-27,Savings,0.0,749.0,Retail
CUST_18297,2025-06-19,Savings,0.0,515.0,Tech
CUST_18298,2025-06-06,Savings,13035.55,554.0,Education
CUST_18299,2025-06-16,Credit Card,8903.06,828.0,Retail
CUST_18300,2025-06-18,Savings,6736.61,804.0,Healthcare
CUST_18301,2025-02-02,Credit Card,0.0,737.0,Education
CUST_18302,2025-04-07,Checking,0.0,769.0,Healthcare
CUST_18303,2025-04-21,Savings,19249.78,305.0,Unknown
CUST_18304,2025-01-16,Checking,30404.1,518.0,Unemployed
CUST_18305,2025-01-23,Savings,13249.4,812.0,Unemployed
CUST_18306,2025-05-15,Checking,2415.49,812.0,Unemployed
CUST_18307,2025-01-26,Checking,23375.5,488.0,Finance
CUST_18308,2025-04-06,Checking,0.0,546.0,Tech
CUST_18309,2025-01-12,Savings,20795.93,727.0,Unemployed
CUST_18310,2025-03-13,Checking,0.0,849.0,Retail
CUST_18311,2025-05-13,Credit Card,0.0,662.0,Tech
CUST_18312,2025-04-16,Credit Card,8.13,695.0,Tech
CUST_18313,2025-04-27,Credit Card,3482.1,435.0,Healthcare
CUST_18314,2025-06-26,Savings,18724.07,733.0,Unknown
CUST_18315,2025-01-26,Credit Card,0.0,617.0,Retail
CUST_18316,2025-05-13,Savings,0.0,834.0,Finance
CUST_18317,2025-01-22,Savings,8144.74,800.0,Tech
CUST_18318,2025-01-13,Credit Card,13367.38,648.0,Healthcare
CUST_18319,2025-06-05,Investment,0.0,358.0,Unemployed
CUST_18320,2025-06-10,Checking,0.0,439.0,Healthcare
CUST_18321,2025-04-17,Savings,0.0,503.0,Unemployed
CUST_18322,2025-01-23,Savings,0.0,457.0,Unknown
CUST_18323,2025-04-07,Checking,0.0,629.0,Retail
CUST_18324,2025-01-18,Credit Card,12541.27,495.0,Education
CUST_18325,2025-04-27,Savings,0.0,730.0,Education
CUST_18326,2025-01-30,Credit Card,14799.03,818.0,Unknown
CUST_18327,2025-01-26,Savings,0.0,771.0,Finance
CUST_18328,2025-05-24,Credit Card,-113.48,757.0,Unknown
CUST_18329,2025-02-08,Investment,19569.43,344.0,Unemployed
CUST_18330,2025-06-10,Checking,25173.32,337.0,Healthcare
CUST_18331,2025-06-03,Savings,0.0,640.0,Education
CUST_18332,2025-06-25,Credit Card,0.0,601.0,Unknown
CUST_18333,2025-06-15,Checking,-313.33,492.0,Tech
CUST_18334,2025-05-10,Checking,0.0,431.0,Finance
CUST_18335,2025-04-23,Checking,0.0,767.0,Unemployed
CUST_18336,2025-05-14,Savings,4528.67,469.0,Tech
CUST_18337,2025-02-15,Credit Card,0.0,564.0,Education
CUST_18338,2025-02-19,Savings,6467.84,498.0,Healthcare
CUST_18339,2025-06-15,Investment,30630.37,582.0,Education
CUST_18340,2025-04-16,Savings,3415.26,704.0,Finance
CUST_18341,2025-05-26,Credit Card,0.0,846.0,Unemployed
CUST_18342,2025-06-04,Savings,916.65,779.0,Finance
CUST_18343,2025-06-18,Savings,6930.36,503.0,Tech
CUST_18344,2025-03-13,Savings,2518.04,770.0,Tech
CUST_18345,2025-03-15,Credit Card,0.0,648.0,Finance
CUST_18346,2025-01-17,Checking,0.0,342.0,Unknown
CUST_18347,2025-06-06,Credit Card,14505.02,781.0,Unknown
CUST_18348,2025-03-11,Savings,0.0,676.0,Tech
CUST_18349,2025-05-30,Checking,26937.14,377.0,Unknown
CUST_18350,2025-01-06,Credit Card,0.0,335.0,Retail
CUST_18351,2025-01-26,Savings,0.0,682.0,Unemployed
CUST_18352,2025-06-16,Checking,0.0,473.0,Finance
CUST_18353,2025-05-20,Checking,7252.86,629.0,Unemployed
CUST_18354,2025-04-09,Savings,0.0,354.0,Tech
CUST_18355,2025-05-22,Savings,0.0,578.0,Unknown
CUST_18356,2025-01-22,Checking,14335.34,758.0,Unemployed
CUST_18357,2025-02-20,Savings,0.0,824.0,Education
CUST_18358,2025-05-31,Credit Card,13223.42,754.0,Healthcare
CUST_18359,2025-06-25,Investment,17411.96,791.0,Unknown
CUST_18360,2025-04-14,Checking,15014.6,373.0,Retail
CUST_18361,2025-06-27,Checking,8504.38,754.0,Retail
CUST_18362,2025-03-30,Savings,0.0,454.0,Healthcare
CUST_18363,2025-05-21,Credit Card,0.0,818.0,Healthcare
CUST_18364,2025-05-18,Savings,0.0,674.0,Unemployed
CUST_18365,2025-01-09,Checking,0.0,605.0,Unemployed
CUST_18366,2025-03-20,Investment,5468.62,642.0,Education
CUST_18367,2025-02-21,Checking,0.0,343.0,Unemployed
CUST_18368,2025-05-10,Credit Card,2409.84,847.0,Healthcare
CUST_18369,2025-06-02,Checking,15263.07,740.0,Retail
CUST_18370,2025-01-13,Savings,0.0,396.0,Education
CUST_18371,2025-02-20,Credit Card,0.0,464.0,Healthcare
CUST_18372,2025-02-03,Savings,22714.39,402.0,Education
CUST_18373,2025-02-04,Credit Card,0.0,735.0,Education
CUST_18374,2025-05-11,Savings,10134.13,680.0,Unemployed
CUST_18375,2025-04-30,Credit Card,23588.83,746.0,Unemployed
CUST_18376,2025-03-11,Savings,0.0,306.0,Tech
CUST_18377,2025-06-25,Checking,0.0,393.0,Healthcare
CUST_18378,2025-05-27,Checking,1527.78,743.0,Unemployed
CUST_18379,2025-03-08,Checking,6014.0,778.0,Tech
CUST_18380,2025-04-13,Savings,0.0,793.0,Unemployed
CUST_18381,2025-03-14,Checking,34569.24,336.0,Retail
CUST_18382,2025-04-26,Savings,13079.4,832.0,Unknown
CUST_18383,2025-05-13,Checking,0.0,397.0,Education
CUST_18384,2025-03-08,Savings,0.0,320.0,Retail
CUST_18385,2025-05-19,Checking,4054.96,531.0,Education
CUST_18386,2025-05-01,Savings,11582.57,767.0,Healthcare
CUST_18387,2025-04-04,Investment,32606.82,653.0,Unknown
CUST_18388,2025-05-09,Checking,6137.22,371.0,Finance
CUST_18389,2025-04-01,Savings,1356.67,651.0,Healthcare
CUST_18390,2025-04-02,Checking,0.0,351.0,Education
CUST_18391,2025-03-04,Credit Card,10555.74,521.0,Finance
CUST_18392,2025-01-29,Savings,20250.38,624.0,Finance
CUST_18393,2025-01-12,Checking,0.0,759.0,Healthcare
CUST_18394,2025-03-18,Checking,6120.37,466.0,Retail
CUST_18395,2025-02-10,Savings,0.0,582.0,Healthcare
CUST_18396,2025-05-10,Credit Card,0.0,800.0,Education
CUST_18397,2025-02-06,Savings,30409.77,666.0,Unknown
CUST_18398,2025-06-22,Savings,18309.45,335.0,Retail
CUST_18399,2025-06-25,Credit Card,0.0,827.0,Education
CUST_18400,2025-01-24,Checking,2577.91,554.0,Unemployed
CUST_18401,2025-04-09,Credit Card,240.73,499.0,Unemployed
CUST_18402,2025-05-30,Checking,0.0,,Unknown
CUST_18403,2025-04-10,Credit Card,0.0,785.0,Retail
CUST_18404,2025-05-19,Credit Card,16759.55,558.0,Tech
CUST_18405,2025-02-27,Savings,0.0,552.0,Retail
CUST_18406,2025-06-23,Credit Card,11960.43,793.0,Tech
CUST_18407,2025-01-29,Checking,0.0,533.0,Education
CUST_18408,2025-06-12,Savings,0.0,406.0,Healthcare
CUST_18409,2025-05-23,Checking,22916.09,635.0,Education
CUST_18410,2025-03-01,Savings,0.0,352.0,Healthcare
CUST_18411,2025-04-05,Credit Card,31774.74,341.0,Unemployed
CUST_18412,2025-02-11,Checking,19969.17,559.0,Tech
CUST_18413,2025-02-12,Investment,7740.7,668.0,Healthcare
CUST_18414,2025-03-15,Savings,0.0,509.0,Education
CUST_18415,2025-06-26,Checking,0.0,765.0,Education
CUST_18416,2025-06-09,Savings,8036.94,341.0,Education
CUST_18417,2025-03-05,Checking,7771.6,652.0,Unknown
CUST_18418,2025-01-02,Credit Card,0.0,558.0,NA
CUST_18419,2025-06-01,Credit Card,6016.73,636.0,Education
CUST_18420,2025-03-07,Credit Card,8880.65,694.0,Retail
CUST_18421,2025-06-15,Credit Card,490.19,404.0,Finance
CUST_18422,2025-01-31,Savings,38587.78,423.0,Tech
CUST_18423,2025-04-25,Savings,2990.39,398.0,Finance
CUST_18424,2025-01-26,Checking,0.0,305.0,Finance
CUST_18425,2025-01-29,Checking,0.0,566.0,Retail
CUST_18426,2025-03-19,Savings,15552.92,342.0,Retail
CUST_18427,2025-01-25,Checking,0.0,568.0,Unknown
CUST_18428,2025-02-17,Checking,0.0,494.0,Tech
CUST_18429,2025-03-06,Savings,25930.42,623.0,Tech
CUST_18430,2025-03-08,Credit Card,7546.82,364.0,Unemployed
CUST_18431,2025-03-31,Checking,0.0,500.0,Tech
CUST_18432,2025-05-26,Savings,0.0,541.0,Unknown
CUST_18433,2025-05-17,Savings,14305.08,306.0,Education
CUST_18434,2025-02-07,Credit Card,5232.24,518.0,Education
CUST_18435,2025-03-28,Investment,24511.13,302.0,Unknown
CUST_18436,2025-05-29,Checking,0.0,763.0,Tech
CUST_18437,2025-03-06,Savings,0.0,604.0,Retail
CUST_18438,2025-05-29,Investment,9479.29,613.0,Finance
CUST_18439,2025-01-27,Checking,23839.19,777.0,Tech
CUST_18440,2025-04-16,Credit Card,8877.04,710.0,Unemployed
CUST_18441,2025-05-03,Credit Card,0.0,797.0,Tech
CUST_18442,2025-02-13,Savings,24466.5,833.0,Finance
CUST_18443,2025-04-10,Checking,315.75,656.0,Healthcare
CUST_18444,2025-01-28,Savings,7700.44,370.0,Tech
CUST_18445,2025-06-22,Savings,16260.08,312.0,Tech
CUST_18446,2025-01-17,Credit Card,28447.97,705.0,Education
CUST_18447,2025-05-07,Credit Card,10533.28,816.0,Finance
CUST_18448,2025-05-03,Credit Card,43809.24,321.0,Unemployed
CUST_18449,2025-06-17,Checking,3656.78,608.0,Tech
CUST_18450,2025-05-11,Savings,9403.49,594.0,Unemployed
CUST_18451,2025-03-17,Savings,0.0,848.0,Tech
CUST_18452,2025-02-15,Savings,9838.86,330.0,Healthcare
CUST_18453,2025-06-07,Checking,9457.25,,Finance
CUST_18454,2025-03-10,Checking,20685.54,520.0,Tech
CUST_18455,2025-05-17,Savings,11667.71,658.0,Healthcare
CUST_18456,2025-03-26,Investment,0.0,682.0,Tech
CUST_18457,2025-01-11,Savings,8846.05,817.0,Retail
CUST_18458,2025-03-10,Credit Card,0.0,636.0,Healthcare
CUST_18459,2025-04-09,Checking,13242.41,461.0,Unemployed
CUST_18460,2025-04-01,Savings,0.0,457.0,Unknown
CUST_18461,2025-06-08,Credit Card,0.0,312.0,Retail
CUST_18462,2025-06-10,Credit Card,0.0,485.0,Unknown
CUST_18463,2025-06-16,Checking,0.0,608.0,Tech
CUST_18464,2025-04-04,Checking,0.0,447.0,Healthcare
CUST_18465,2025-06-23,Savings,0.0,354.0,Finance
CUST_18466,2025-06-14,Checking,4668.42,809.0,Unknown
CUST_18467,2025-04-25,Investment,0.0,344.0,Unknown
CUST_18468,2025-01-31,Savings,12742.74,385.0,Unemployed
CUST_18469,2025-01-11,Savings,10740.91,591.0,Education
CUST_18470,2025-03-28,Investment,141.53,563.0,Tech
CUST_18471,2025-05-01,Savings,23634.78,567.0,Healthcare
CUST_18472,2025-05-10,Checking,0.0,524.0,Retail
CUST_18473,2025-04-15,Checking,20096.66,515.0,Healthcare
CUST_18474,2025-01-27,Checking,7342.35,530.0,Finance
CUST_18475,2025-01-02,Checking,0.0,476.0,Healthcare
CUST_18476,2025-04-13,Savings,21941.33,816.0,Retail
CUST_18477,2025-04-11,Savings,13357.29,812.0,Tech
CUST_18478,2025-01-21,Credit Card,0.0,403.0,Unemployed
CUST_18479,2025-02-27,Credit Card,10459.71,400.0,Retail
CUST_18480,2025-05-13,Checking,10444.77,604.0,Unemployed
CUST_18481,2025-06-29,Checking,20110.76,650.0,Unemployed
CUST_18482,2025-06-22,Savings,13780.39,750.0,Retail
CUST_18483,2025-03-26,Savings,14853.57,568.0,Retail
CUST_18484,2025-04-03,Credit Card,0.0,671.0,Education
CUST_18485,2025-01-20,Checking,1854.41,337.0,Unemployed
CUST_18486,2025-03-02,Savings,1217.92,362.0,Tech
CUST_18487,2025-02-07,Savings,0.0,804.0,Education
CUST_18488,2025-05-28,Savings,24299.83,564.0,Unemployed
CUST_18489,2025-01-25,Savings,0.0,834.0,Healthcare
CUST_18490,2025-05-10,Credit Card,9030.82,378.0,Tech
CUST_18491,2025-05-01,Investment,33.62,484.0,Tech
CUST_18492,2025-06-09,Credit Card,1423.42,794.0,Unemployed
CUST_18493,2025-01-26,Investment,15163.14,669.0,Healthcare
CUST_18494,2025-06-18,Investment,0.0,630.0,Healthcare
CUST_18495,2025-03-08,Checking,11848.7,739.0,Retail
CUST_18496,2025-01-01,Savings,11991.82,537.0,Unemployed
CUST_18497,2025-02-20,Credit Card,0.0,591.0,Unemployed
CUST_18498,2025-01-05,Savings,18667.44,725.0,Tech
CUST_18499,2025-01-13,Savings,25511.44,594.0,Unknown
CUST_18500,2025-05-27,Savings,35370.87,799.0,Finance
CUST_18501,2025-05-20,Checking,1069.51,336.0,Unemployed
CUST_18502,2025-02-17,Savings,7866.84,825.0,Retail
CUST_18503,2025-06-02,Savings,8782.83,696.0,Tech
CUST_18504,2025-02-26,Checking,14986.57,695.0,Healthcare
CUST_18505,2025-04-25,Credit Card,31228.1,321.0,Healthcare
CUST_18506,2025-02-04,Checking,12302.41,639.0,Finance
CUST_18507,2025-03-17,Credit Card,12710.9,794.0,Tech
CUST_18508,2025-04-04,Savings,0.0,702.0,Education
CUST_18509,2025-01-05,Savings,35729.66,502.0,Retail
CUST_18510,2025-01-22,Checking,0.0,645.0,Tech
CUST_18511,2025-04-13,Checking,0.0,314.0,Education
CUST_18512,2025-06-24,Checking,0.0,329.0,Healthcare
CUST_18513,2025-05-11,Credit Card,9876.15,328.0,Healthcare
CUST_18514,2025-05-04,Credit Card,0.0,459.0,Education
CUST_18515,2025-02-22,Investment,5806.78,571.0,Education
CUST_18516,2025-06-08,Savings,0.0,719.0,Finance
CUST_18517,2025-03-10,Savings,9575.62,788.0,Tech
CUST_18518,2025-04-14,Checking,13464.13,475.0,Healthcare
CUST_18519,2025-06-10,Savings,7637.55,530.0,Retail
CUST_18520,2025-06-27,Savings,0.0,617.0,Healthcare
CUST_18521,2025-01-16,Savings,18178.43,766.0,Tech
CUST_18522,2025-04-26,Savings,0.0,739.0,Education
CUST_18523,2025-03-17,Savings,2174.66,355.0,Finance
CUST_18524,2025-04-19,Savings,0.0,630.0,Unknown
CUST_18525,2025-02-08,Checking,981.26,572.0,Healthcare
CUST_18526,2025-03-30,Checking,33068.73,320.0,Finance
CUST_18527,2025-06-23,Credit Card,4925.73,464.0,Education
CUST_18528,2025-04-22,Checking,0.0,791.0,Unemployed
CUST_18529,2025-02-16,Savings,0.0,717.0,Tech
CUST_18530,2025-06-21,Savings,857.24,566.0,Healthcare
CUST_18531,2025-05-17,Savings,0.0,637.0,Tech
CUST_18532,2025-05-08,Credit Card,19244.89,487.0,Retail
CUST_18533,2025-06-27,Credit Card,0.0,774.0,Tech
CUST_18534,2025-03-18,Savings,3214.0,507.0,Unknown
CUST_18535,2025-01-15,Savings,20159.55,373.0,Unemployed
CUST_18536,2025-02-05,Investment,0.0,693.0,Education
CUST_18537,2025-03-04,Checking,11585.88,789.0,Education
CUST_18538,2025-03-10,Credit Card,4395.03,325.0,Retail
CUST_18539,2025-06-18,Savings,4526.68,836.0,Unknown
CUST_18540,2025-03-15,Savings,12678.4,814.0,Tech
CUST_18541,2025-01-24,Credit Card,0.0,556.0,Unemployed
CUST_18542,2025-02-18,Checking,23050.43,579.0,Education
CUST_18543,2025-05-26,Checking,0.0,332.0,Education
CUST_18544,2025-01-07,Checking,22038.74,593.0,Education
CUST_18545,2025-01-04,Checking,11510.18,607.0,Education
CUST_18546,2025-03-31,Credit Card,12097.11,590.0,Finance
CUST_18547,2025-03-01,Savings,29218.47,603.0,Unknown
CUST_18548,2025-02-24,Savings,22751.78,342.0,Healthcare
CUST_18549,2025-01-16,Credit Card,17212.63,779.0,Finance
CUST_18550,2025-01-29,Savings,582.06,382.0,Education
CUST_18551,2025-05-31,Checking,-410.71,503.0,Unknown
CUST_18552,2025-01-14,Credit Card,17622.15,437.0,Unemployed
CUST_18553,2025-03-20,Investment,11792.71,382.0,Tech
CUST_18554,2025-06-26,Checking,9517.59,450.0,Finance
CUST_18555,2025-02-02,Checking,4145.81,618.0,Retail
CUST_18556,2025-06-02,Credit Card,0.0,546.0,Healthcare
CUST_18557,2025-01-21,Credit Card,0.0,336.0,Tech
CUST_18558,2025-05-25,Credit Card,14653.36,567.0,Finance
CUST_18559,2025-01-23,Checking,2274.76,414.0,Healthcare
CUST_18560,2025-02-26,Savings,1299.76,380.0,Unknown
CUST_18561,2025-05-22,Checking,0.0,826.0,Unemployed
CUST_18562,2025-04-03,Credit Card,6390.52,635.0,Unknown
CUST_18563,2025-01-20,Credit Card,0.0,383.0,Finance
CUST_18564,2025-06-07,Savings,0.0,453.0,Retail
CUST_18565,2025-01-19,Checking,16890.54,552.0,Education
CUST_18566,2025-04-13,Checking,5949.16,801.0,Retail
CUST_18567,2025-03-18,Investment,3419.3,747.0,Education
CUST_18568,2025-05-31,Checking,0.0,572.0,Healthcare
CUST_18569,2025-02-02,Checking,0.0,806.0,Finance
CUST_18570,2025-01-18,Savings,28780.45,431.0,Finance
CUST_18571,2025-03-14,Checking,16696.04,624.0,Retail
CUST_18572,2025-06-10,Savings,0.0,650.0,Tech
CUST_18573,2025-06-09,Credit Card,3417.06,382.0,Healthcare
CUST_18574,2025-01-17,Credit Card,8710.0,425.0,Unemployed
CUST_18575,2025-01-19,Checking,11571.25,513.0,Education
CUST_18576,2025-03-11,Checking,4635.26,761.0,Unknown
CUST_18577,2025-04-30,Credit Card,0.0,404.0,Healthcare
CUST_18578,2025-04-11,Savings,4527.81,670.0,Unknown
CUST_18579,2025-02-03,Savings,3612.65,362.0,Unemployed
CUST_18580,2025-03-25,Investment,35859.49,768.0,Retail
CUST_18581,2025-06-02,Credit Card,45376.3,325.0,Unemployed
CUST_18582,2025-03-15,Credit Card,14632.47,300.0,Finance
CUST_18583,2025-03-29,Savings,0.0,393.0,Education
CUST_18584,2025-03-26,Savings,15185.24,751.0,Education
CUST_18585,2025-01-11,Savings,0.0,311.0,Unemployed
CUST_18586,2025-04-01,Savings,0.0,597.0,Education
CUST_18587,2025-05-24,Credit Card,0.0,719.0,Education
CUST_18588,2025-05-07,Savings,13258.29,466.0,Healthcare
CUST_18589,2025-04-23,Credit Card,0.0,553.0,Healthcare
CUST_18590,2025-03-21,Savings,695.15,593.0,Unemployed
CUST_18591,2025-01-07,Savings,4337.96,443.0,Unknown
CUST_18592,2025-01-16,Investment,4566.06,508.0,Unknown
CUST_18593,2025-01-16,Savings,0.0,525.0,Retail
CUST_18594,2025-06-17,Savings,10050.74,757.0,Unemployed
CUST_18595,2025-01-12,Savings,0.0,583.0,Unemployed
CUST_18596,2025-02-04,Savings,31089.19,785.0,Unknown
CUST_18597,2025-01-21,Checking,0.0,410.0,Finance
CUST_18598,2025-06-27,Savings,5595.46,649.0,Unemployed
CUST_18599,2025-06-20,Checking,14374.45,632.0,Unemployed
CUST_18600,2025-01-17,Credit Card,15240.74,379.0,NA
CUST_18601,2025-02-01,Checking,16630.41,685.0,Healthcare
CUST_18602,2025-02-10,Savings,0.0,703.0,Retail
CUST_18603,2025-05-14,Checking,0.0,627.0,Unknown
CUST_18604,2025-01-27,Savings,7037.87,593.0,Tech
CUST_18605,2025-05-28,Checking,12217.5,793.0,Unemployed
CUST_18606,2025-06-02,Checking,23856.92,483.0,Unemployed
CUST_18607,2025-03-07,Savings,0.0,511.0,Unemployed
CUST_18608,2025-05-17,Credit Card,0.0,550.0,Education
CUST_18609,2025-04-02,Investment,0.0,466.0,Unemployed
CUST_18610,2025-03-02,Credit Card,38891.48,842.0,Finance
CUST_18611,2025-06-15,Savings,27506.42,461.0,Education
CUST_18612,2025-01-03,Checking,2457.62,572.0,Finance
CUST_18613,2025-04-13,Investment,24272.06,835.0,Unemployed
CUST_18614,2025-02-24,Savings,0.0,718.0,Tech
CUST_18615,2025-01-01,Credit Card,19317.78,706.0,Unknown
CUST_18616,2025-04-11,Savings,0.0,691.0,Unemployed
CUST_18617,2025-02-14,Savings,10347.35,737.0,Finance
CUST_18618,2025-06-24,Credit Card,20292.05,386.0,Unemployed
CUST_18619,2025-01-26,Credit Card,100.5,704.0,Tech
CUST_18620,2025-05-01,Credit Card,14201.24,574.0,Finance
CUST_18621,2025-05-22,Investment,0.0,714.0,Healthcare
CUST_18622,2025-02-15,Savings,9553.15,626.0,Education
CUST_18623,2025-05-02,Savings,0.0,411.0,Retail
CUST_18624,2025-01-31,Investment,17287.07,601.0,Retail
CUST_18625,2025-02-28,Savings,0.0,435.0,Finance
CUST_18626,2025-01-29,Checking,0.0,632.0,Retail
CUST_18627,2025-04-16,Checking,24585.63,302.0,Unemployed
CUST_18628,2025-01-17,Savings,0.0,461.0,Education
CUST_18629,2025-05-22,Savings,0.0,811.0,Healthcare
CUST_18630,2025-06-13,Checking,2868.8,376.0,Healthcare
CUST_18631,2025-01-24,Credit Card,10295.12,484.0,Tech
CUST_18632,2025-04-19,Credit Card,0.0,779.0,Retail
CUST_18633,2025-04-01,Checking,0.0,462.0,Unemployed
CUST_18634,2025-01-25,Checking,23394.21,320.0,Education
CUST_18635,2025-02-01,Savings,20798.87,597.0,Retail
CUST_18636,2025-04-26,Savings,0.0,598.0,Education
CUST_18637,2025-03-23,Checking,0.0,581.0,Unknown
CUST_18638,2025-04-20,Savings,9592.52,771.0,Tech
CUST_18639,2025-05-26,Savings,7726.26,709.0,Unknown
CUST_18640,2025-02-06,Checking,0.0,691.0,Unemployed
CUST_18641,2025-01-26,Checking,0.0,464.0,Unknown
CUST_18642,2025-05-17,Savings,926.69,,Retail
CUST_18643,2025-03-05,Checking,16498.34,463.0,Unknown
CUST_18644,2025-03-13,Checking,18757.51,403.0,Healthcare
CUST_18645,2025-05-28,Savings,4337.23,429.0,Tech
CUST_18646,2025-04-16,Investment,0.0,419.0,Unemployed
CUST_18647,2025-03-27,Savings,16016.95,558.0,Unknown
CUST_18648,2025-06-07,Credit Card,0.0,403.0,Retail
CUST_18649,2025-02-22,Savings,0.0,663.0,Healthcare
CUST_18650,2025-04-02,Credit Card,3673.09,845.0,Healthcare
CUST_18651,2025-04-09,Savings,28196.71,668.0,Education
CUST_18652,2025-01-11,Credit Card,28759.28,625.0,Healthcare
CUST_18653,2025-01-31,Savings,0.0,484.0,Finance
CUST_18654,2025-06-26,Credit Card,0.0,693.0,Unknown
CUST_18655,2025-04-10,Checking,41508.44,643.0,Retail
CUST_18656,2025-03-28,Savings,0.0,829.0,Retail
CUST_18657,2025-05-27,Credit Card,29296.09,716.0,Education
CUST_18658,2025-05-20,Savings,19640.16,530.0,Healthcare
CUST_18659,2025-01-15,Investment,22862.87,434.0,Education
CUST_18660,2025-06-08,Savings,0.0,344.0,Finance
CUST_18661,2025-06-20,Checking,0.0,791.0,Education
CUST_18662,2025-04-11,Credit Card,0.0,721.0,Retail
CUST_18663,2025-06-14,Savings,16982.47,444.0,Unemployed
CUST_18664,2025-01-29,Savings,0.0,616.0,Unemployed
CUST_18665,2025-04-24,Credit Card,2548.99,592.0,Education
CUST_18666,2025-04-17,Credit Card,29517.08,835.0,Retail
CUST_18667,2025-06-03,Investment,13918.1,765.0,Tech
CUST_18668,2025-04-18,Savings,20039.58,348.0,Finance
CUST_18669,2025-05-10,Checking,0.0,758.0,Unknown
CUST_18670,2025-03-25,Savings,0.0,724.0,Finance
CUST_18671,2025-01-15,Savings,22762.35,367.0,Retail
CUST_18672,2025-05-12,Credit Card,6886.74,808.0,Unemployed
CUST_18673,2025-02-19,Savings,0.0,509.0,Tech
CUST_18674,2025-06-15,Checking,14395.79,599.0,Healthcare
CUST_18675,2025-01-23,Checking,0.0,423.0,Education
CUST_18676,2025-02-28,Credit Card,43063.39,,Unknown
CUST_18677,2025-03-31,Investment,13985.47,720.0,Unknown
CUST_18678,2025-04-25,Checking,0.0,349.0,Healthcare
CUST_18679,2025-03-16,Checking,18215.3,482.0,Unknown
CUST_18680,2025-06-05,Credit Card,29221.52,,Tech
CUST_18681,2025-05-03,Checking,4910.68,387.0,Finance
CUST_18682,2025-05-16,Savings,0.0,849.0,Healthcare
CUST_18683,2025-06-06,Savings,5664.82,371.0,Tech
CUST_18684,2025-05-19,Savings,0.0,590.0,Finance
CUST_18685,2025-01-18,Checking,1125.28,803.0,Unemployed
CUST_18686,2025-02-19,Credit Card,0.0,612.0,Healthcare
CUST_18687,2025-05-22,Savings,18128.22,587.0,Unknown
CUST_18688,2025-04-28,Savings,0.0,807.0,Unemployed
CUST_18689,2025-05-17,Investment,14122.43,370.0,Finance
CUST_18690,2025-05-19,Credit Card,438.5,460.0,Retail
CUST_18691,2025-04-18,Checking,8343.52,426.0,Unknown
CUST_18692,2025-03-08,Savings,0.0,755.0,Finance
CUST_18693,2025-06-16,Savings,7943.26,828.0,Finance
CUST_18694,2025-03-19,Savings,11489.72,603.0,Unknown
CUST_18695,2025-06-05,Savings,-262.96,789.0,Tech
CUST_18696,2025-03-16,Savings,0.0,538.0,Tech
CUST_18697,2025-02-08,Checking,10055.23,475.0,Education
CUST_18698,2025-01-25,Savings,10862.44,509.0,Unknown
CUST_18699,2025-01-21,Savings,0.0,658.0,Tech
CUST_18700,2025-05-18,Savings,0.0,488.0,Retail
CUST_18701,2025-06-20,Checking,-216.96,808.0,Retail
CUST_18702,2025-01-15,Checking,0.0,332.0,Unemployed
CUST_18703,2025-02-17,Checking,15618.59,800.0,Finance
CUST_18704,2025-03-27,Savings,0.0,611.0,Tech
CUST_18705,2025-05-29,Savings,9328.56,839.0,Unknown
CUST_18706,2025-04-26,Savings,0.0,450.0,Unknown
CUST_18707,2025-02-19,Savings,35262.33,818.0,Unknown
CUST_18708,2025-05-31,Credit Card,0.0,410.0,Education
CUST_18709,2025-05-21,Investment,0.0,431.0,Tech
CUST_18710,2025-03-10,Checking,22986.26,819.0,Unknown
CUST_18711,2025-01-04,Investment,0.0,604.0,Education
CUST_18712,2025-03-19,Checking,6365.28,328.0,Finance
CUST_18713,2025-01-09,Savings,14402.65,650.0,Unknown
CUST_18714,2025-05-01,Investment,0.0,817.0,Unknown
CUST_18715,2025-04-25,Savings,0.0,791.0,Unemployed
CUST_18716,2025-06-12,Checking,7852.45,707.0,Unemployed
CUST_18717,2025-04-11,Savings,11799.81,807.0,Retail
CUST_18718,2025-05-29,Savings,0.0,404.0,Tech
CUST_18719,2025-05-26,Checking,32608.51,619.0,Tech
CUST_18720,2025-04-07,Checking,12214.15,345.0,Retail
CUST_18721,2025-03-22,Savings,16649.78,540.0,Retail
CUST_18722,2025-02-12,Savings,15769.84,569.0,Unemployed
CUST_18723,2025-04-05,Savings,0.0,336.0,Unemployed
CUST_18724,2025-01-06,Investment,3278.45,,Unemployed
CUST_18725,2025-03-08,Credit Card,4756.44,785.0,Healthcare
CUST_18726,2025-05-20,Checking,1184.61,409.0,Healthcare
CUST_18727,2025-04-10,Savings,8111.87,785.0,Healthcare
CUST_18728,2025-01-12,Credit Card,0.0,617.0,Retail
CUST_18729,2025-03-07,Savings,6921.29,375.0,Healthcare
CUST_18730,2025-01-02,Savings,450.27,797.0,Tech
CUST_18731,2025-05-23,Savings,0.0,778.0,Retail
CUST_18732,2025-05-31,Credit Card,11336.34,688.0,Tech
CUST_18733,2025-06-06,Savings,0.0,663.0,Retail
CUST_18734,2025-03-22,Savings,0.0,608.0,NA
CUST_18735,2025-05-15,Checking,1184.01,362.0,Finance
CUST_18736,2025-06-05,Savings,0.0,566.0,Tech
CUST_18737,2025-05-22,Checking,0.0,332.0,Unknown
CUST_18738,2025-06-21,Checking,13180.63,339.0,Retail
CUST_18739,2025-06-07,Checking,0.0,559.0,Education
CUST_18740,2025-06-09,Savings,0.0,566.0,Retail
CUST_18741,2025-03-11,Savings,6092.62,524.0,Finance
CUST_18742,2025-04-25,Credit Card,0.0,682.0,Retail
CUST_18743,2025-03-29,Credit Card,0.0,797.0,Finance
CUST_18744,2025-01-06,Savings,3340.71,304.0,Healthcare
CUST_18745,2025-01-27,Savings,31468.03,745.0,Tech
CUST_18746,2025-03-23,Savings,0.0,587.0,Finance
CUST_18747,2025-03-29,Checking,16833.19,357.0,Education
CUST_18748,2025-04-30,Credit Card,4973.08,371.0,Tech
CUST_18749,2025-01-24,Savings,0.0,840.0,Retail
CUST_18750,2025-04-12,Checking,0.0,381.0,Retail
CUST_18751,2025-02-03,Credit Card,17993.97,576.0,Finance
CUST_18752,2025-06-17,Investment,16654.93,,Unknown
CUST_18753,2025-02-16,Savings,0.0,435.0,Education
CUST_18754,2025-01-24,Savings,10155.87,413.0,Finance
CUST_18755,2025-03-06,Savings,0.0,456.0,Unknown
CUST_18756,2025-01-18,Credit Card,2351.63,695.0,Education
CUST_18757,2025-02-13,Credit Card,0.0,528.0,Unemployed
CUST_18758,2025-03-17,Checking,18976.66,554.0,Finance
CUST_18759,2025-02-26,Savings,11942.64,478.0,Healthcare
CUST_18760,2025-04-17,Savings,0.0,528.0,Healthcare
CUST_18761,2025-06-05,Savings,0.0,666.0,Healthcare
CUST_18762,2025-05-04,Checking,4564.25,330.0,Finance
CUST_18763,2025-05-31,Savings,2580.7,407.0,Unknown
CUST_18764,2025-06-11,Savings,807.15,581.0,Tech
CUST_18765,2025-05-19,Credit Card,-279.32,689.0,Retail
CUST_18766,2025-06-12,Savings,25687.8,840.0,Tech
CUST_18767,2025-04-26,Checking,0.0,828.0,Retail
CUST_18768,2025-04-03,Savings,9499.72,703.0,Education
CUST_18769,2025-02-11,Credit Card,41340.03,469.0,Healthcare
CUST_18770,2025-01-28,Checking,0.0,474.0,Healthcare
CUST_18771,2025-05-03,Investment,7890.76,373.0,Retail
CUST_18772,2025-01-24,Checking,8666.97,753.0,Healthcare
CUST_18773,2025-05-16,Investment,4833.54,808.0,Tech
CUST_18774,2025-04-16,Credit Card,5616.6,539.0,Finance
CUST_18775,2025-04-28,Checking,0.0,395.0,Healthcare
CUST_18776,2025-02-22,Investment,10382.67,813.0,Unemployed
CUST_18777,2025-05-12,Savings,0.0,501.0,Unknown
CUST_18778,2025-04-10,Savings,31967.56,336.0,Unknown
CUST_18779,2025-01-05,Savings,30695.59,390.0,Healthcare
CUST_18780,2025-02-18,Checking,61.52,532.0,Unemployed
CUST_18781,2025-04-08,Credit Card,20776.28,552.0,Education
CUST_18782,2025-01-30,Credit Card,599.46,670.0,Finance
CUST_18783,2025-03-13,Savings,5147.15,743.0,Retail
CUST_18784,2025-04-13,Checking,0.0,740.0,Finance
CUST_18785,2025-03-04,Savings,17296.58,363.0,Finance
CUST_18786,2025-06-24,Checking,0.0,304.0,Retail
CUST_18787,2025-01-26,Savings,16777.32,371.0,Finance
CUST_18788,2025-02-06,Investment,4369.34,696.0,Education
CUST_18789,2025-01-07,Savings,4741.31,629.0,Unemployed
CUST_18790,2025-05-07,Savings,0.0,847.0,Tech
CUST_18791,2025-06-17,Credit Card,5897.78,446.0,Finance
CUST_18792,2025-04-02,Checking,0.0,714.0,Tech
CUST_18793,2025-06-16,Savings,5923.92,648.0,Education
CUST_18794,2025-04-13,Checking,34096.52,664.0,Education
CUST_18795,2025-02-22,Savings,0.0,715.0,Unknown
CUST_18796,2025-05-12,Investment,2796.42,806.0,Unknown
CUST_18797,2025-04-18,Checking,0.0,822.0,Finance
CUST_18798,2025-04-22,Savings,0.0,549.0,Healthcare
CUST_18799,2025-06-02,Checking,0.0,548.0,Finance
CUST_18800,2025-01-07,Savings,27062.34,,Tech
CUST_18801,2025-06-05,Credit Card,31047.29,568.0,Education
CUST_18802,2025-03-08,Investment,0.0,747.0,Tech
CUST_18803,2025-04-18,Credit Card,11013.64,382.0,Tech
CUST_18804,2025-04-21,Savings,0.0,840.0,Unknown
CUST_18805,2025-05-28,Savings,0.0,706.0,Retail
CUST_18806,2025-03-24,Savings,0.0,638.0,Education
CUST_18807,2025-05-04,Checking,36977.43,379.0,Education
CUST_18808,2025-05-19,Checking,21474.78,394.0,Tech
CUST_18809,2025-04-14,Checking,0.0,558.0,NA
CUST_18810,2025-03-08,Investment,9272.59,421.0,Education
CUST_18811,2025-01-07,Savings,0.0,423.0,Unemployed
CUST_18812,2025-05-31,Savings,19189.28,834.0,Unemployed
CUST_18813,2025-04-20,Savings,-118.84,588.0,Finance
CUST_18814,2025-02-03,Savings,2078.38,761.0,Retail
CUST_18815,2025-04-16,Savings,0.0,391.0,Finance
CUST_18816,2025-05-27,Checking,14058.4,323.0,Unknown
CUST_18817,2025-02-27,Savings,38139.93,406.0,Healthcare
CUST_18818,2025-01-09,Savings,736.11,351.0,Healthcare
CUST_18819,2025-02-17,Credit Card,564.05,593.0,Unemployed
CUST_18820,2025-04-25,Savings,4622.89,599.0,Tech
CUST_18821,2025-02-10,Checking,8903.13,644.0,Unemployed
CUST_18822,2025-02-17,Savings,515.34,681.0,Healthcare
CUST_18823,2025-06-22,Checking,0.0,,Finance
CUST_18824,2025-01-25,Investment,6237.86,735.0,Healthcare
CUST_18825,2025-04-26,Savings,0.0,684.0,Tech
CUST_18826,2025-03-19,Checking,0.0,671.0,Education
CUST_18827,2025-04-18,Credit Card,0.0,619.0,Retail
CUST_18828,2025-01-25,Checking,0.0,538.0,Tech
CUST_18829,2025-05-27,Savings,0.0,691.0,Tech
CUST_18830,2025-02-08,Savings,14404.72,584.0,Tech
CUST_18831,2025-04-29,Checking,0.0,312.0,Finance
CUST_18832,2025-03-20,Credit Card,-482.69,684.0,Education
CUST_18833,2025-03-21,Savings,0.0,840.0,Tech
CUST_18834,2025-01-27,Savings,20335.93,592.0,Education
CUST_18835,2025-04-14,Savings,0.0,556.0,Unemployed
CUST_18836,2025-03-15,Savings,0.0,407.0,Unknown
CUST_18837,2025-03-09,Savings,16671.45,482.0,Unknown
CUST_18838,2025-05-27,Savings,16727.65,666.0,Tech
CUST_18839,2025-01-28,Savings,0.0,833.0,Finance
CUST_18840,2025-05-03,Savings,12904.19,822.0,Tech
CUST_18841,2025-06-10,Investment,0.0,584.0,Unknown
CUST_18842,2025-05-18,Savings,8484.65,,Unemployed
CUST_18843,2025-03-24,Savings,0.0,472.0,Healthcare
CUST_18844,2025-01-30,Savings,0.0,629.0,Finance
CUST_18845,2025-01-22,Investment,5528.73,751.0,Unknown
CUST_18846,2025-01-03,Credit Card,0.0,770.0,Tech
CUST_18847,2025-04-11,Credit Card,35278.7,380.0,Tech
CUST_18848,2025-04-15,Savings,0.0,620.0,Tech
CUST_18849,2025-06-25,Credit Card,0.0,740.0,Healthcare
CUST_18850,2025-01-02,Checking,0.0,698.0,Healthcare
CUST_18851,2025-02-23,Savings,4739.29,487.0,Unknown
CUST_18852,2025-01-06,Checking,6679.76,737.0,Tech
CUST_18853,2025-04-17,Credit Card,9642.83,747.0,Unknown
CUST_18854,2025-06-17,Credit Card,18672.63,769.0,Healthcare
CUST_18855,2025-05-03,Credit Card,0.0,,Tech
CUST_18856,2025-01-02,Investment,19357.44,760.0,Healthcare
CUST_18857,2025-04-21,Savings,0.0,814.0,Education
CUST_18858,2025-01-02,Checking,11024.79,536.0,Unemployed
CUST_18859,2025-04-03,Savings,30816.56,480.0,NA
CUST_18860,2025-04-11,Credit Card,0.0,709.0,Tech
CUST_18861,2025-04-07,Savings,0.0,815.0,NA
CUST_18862,2025-04-21,Credit Card,0.0,371.0,NA
CUST_18863,2025-01-06,Savings,-69.82,481.0,Retail
CUST_18864,2025-05-07,Savings,23980.68,403.0,Retail
CUST_18865,2025-04-14,Savings,0.0,571.0,Finance
CUST_18866,2025-05-27,Savings,0.0,586.0,Education
CUST_18867,2025-06-04,Credit Card,19636.08,386.0,Education
CUST_18868,2025-01-01,Savings,14359.27,685.0,Finance
CUST_18869,2025-02-02,Checking,0.0,372.0,Retail
CUST_18870,2025-02-09,Savings,1836.21,609.0,Unknown
CUST_18871,2025-02-01,Savings,18737.8,742.0,Finance
CUST_18872,2025-01-17,Savings,28726.46,535.0,Retail
CUST_18873,2025-05-06,Savings,30515.19,529.0,NA
CUST_18874,2025-01-08,Credit Card,25697.02,553.0,Tech
CUST_18875,2025-02-26,Checking,0.0,654.0,Unemployed
CUST_18876,2025-02-11,Savings,32279.42,794.0,Finance
CUST_18877,2025-04-08,Checking,0.0,709.0,Healthcare
CUST_18878,2025-05-17,Savings,0.0,498.0,Unemployed
CUST_18879,2025-04-30,Savings,6685.42,728.0,Retail
CUST_18880,2025-03-28,Checking,27143.25,774.0,Tech
CUST_18881,2025-06-12,Savings,14954.37,641.0,Unknown
CUST_18882,2025-02-23,Checking,3894.34,773.0,Healthcare
CUST_18883,2025-03-25,Checking,9370.45,696.0,Healthcare
CUST_18884,2025-01-25,Credit Card,12981.98,725.0,NA
CUST_18885,2025-03-08,Investment,7213.51,344.0,Education
CUST_18886,2025-06-23,Savings,569.64,642.0,Retail
CUST_18887,2025-06-01,Savings,0.0,316.0,Tech
CUST_18888,2025-02-15,Savings,6684.83,518.0,Retail
CUST_18889,2025-01-22,Savings,3161.74,490.0,Tech
CUST_18890,2025-05-19,Credit Card,5054.11,690.0,Unknown
CUST_18891,2025-06-25,Credit Card,20689.92,738.0,Unemployed
CUST_18892,2025-01-08,Checking,1285.43,796.0,Retail
CUST_18893,2025-02-08,Checking,1878.03,,Unemployed
CUST_18894,2025-06-12,Savings,7848.66,394.0,Healthcare
CUST_18895,2025-02-18,Checking,44387.88,381.0,Education
CUST_18896,2025-02-15,Credit Card,0.0,639.0,Unknown
CUST_18897,2025-02-07,Checking,21378.14,659.0,Unemployed
CUST_18898,2025-05-16,Savings,515.1,411.0,Unknown
CUST_18899,2025-02-23,Checking,4085.18,602.0,Finance
CUST_18900,2025-06-14,Savings,0.0,350.0,Retail
CUST_18901,2025-04-02,Checking,33206.94,580.0,Healthcare
CUST_18902,2025-02-09,Checking,8338.04,412.0,Unknown
CUST_18903,2025-02-03,Savings,14882.41,335.0,Finance
CUST_18904,2025-04-06,Credit Card,0.0,377.0,Unemployed
CUST_18905,2025-03-20,Credit Card,0.0,839.0,Finance
CUST_18906,2025-05-07,Savings,11187.15,344.0,Finance
CUST_18907,2025-01-17,Investment,2585.33,603.0,Unemployed
CUST_18908,2025-06-10,Checking,11700.18,691.0,Healthcare
CUST_18909,2025-06-24,Credit Card,36542.75,314.0,Unemployed
CUST_18910,2025-04-20,Credit Card,12569.2,466.0,Tech
CUST_18911,2025-02-21,Checking,0.0,362.0,Finance
CUST_18912,2025-04-28,Credit Card,0.0,502.0,Education
CUST_18913,2025-01-09,Savings,0.0,456.0,Unknown
CUST_18914,2025-02-02,Savings,0.0,814.0,Tech
CUST_18915,2025-04-23,Checking,0.0,577.0,Healthcare
CUST_18916,2025-05-29,Credit Card,6783.73,400.0,Finance
CUST_18917,2025-03-26,Credit Card,12924.85,468.0,Healthcare
CUST_18918,2025-01-10,Checking,11531.81,831.0,Healthcare
CUST_18919,2025-01-06,Checking,6981.68,702.0,Finance
CUST_18920,2025-04-25,Savings,8017.48,440.0,NA
CUST_18921,2025-05-01,Investment,43035.1,646.0,Unknown
CUST_18922,2025-05-21,Savings,0.0,492.0,Unknown
CUST_18923,2025-03-06,Credit Card,4447.2,451.0,Education
CUST_18924,2025-01-20,Checking,0.0,685.0,Education
CUST_18925,2025-02-26,Checking,0.0,507.0,Retail
CUST_18926,2025-02-15,Savings,0.0,848.0,Unknown
CUST_18927,2025-05-16,Investment,0.0,687.0,Finance
CUST_18928,2025-01-10,Checking,0.0,377.0,Finance
CUST_18929,2025-04-23,Investment,0.0,471.0,Unknown
CUST_18930,2025-05-19,Savings,6834.64,636.0,NA
CUST_18931,2025-01-12,Checking,15655.0,730.0,Retail
CUST_18932,2025-05-18,Credit Card,0.0,788.0,Unemployed
CUST_18933,2025-06-02,Credit Card,0.0,405.0,Education
CUST_18934,2025-06-26,Investment,6666.3,508.0,Education
CUST_18935,2025-06-26,Savings,12041.88,647.0,Finance
CUST_18936,2025-01-11,Savings,15105.96,651.0,Healthcare
CUST_18937,2025-04-28,Checking,0.0,347.0,Tech
CUST_18938,2025-06-13,Savings,0.0,545.0,Tech
CUST_18939,2025-02-08,Investment,0.0,330.0,Finance
CUST_18940,2025-02-22,Savings,0.0,774.0,Finance
CUST_18941,2025-02-25,Checking,0.0,776.0,Education
CUST_18942,2025-04-14,Savings,0.0,556.0,Unknown
CUST_18943,2025-05-09,Checking,1228.45,425.0,Education
CUST_18944,2025-02-25,Savings,6720.22,518.0,Healthcare
CUST_18945,2025-04-28,Savings,0.0,544.0,Education
CUST_18946,2025-05-12,Savings,2903.95,779.0,Tech
CUST_18947,2025-01-30,Savings,0.0,742.0,Unknown
CUST_18948,2025-01-12,Investment,0.0,800.0,Tech
CUST_18949,2025-02-04,Savings,13109.17,526.0,Education
CUST_18950,2025-03-18,Checking,0.0,554.0,Tech
CUST_18951,2025-06-29,Investment,0.0,369.0,Unemployed
CUST_18952,2025-06-08,Credit Card,13407.59,754.0,NA
CUST_18953,2025-04-12,Investment,1237.73,301.0,Tech
CUST_18954,2025-03-28,Investment,11792.17,794.0,Tech
CUST_18955,2025-02-21,Checking,11275.47,624.0,Retail
CUST_18956,2025-03-21,Checking,0.0,702.0,Finance
CUST_18957,2025-05-15,Savings,18957.24,428.0,Unknown
CUST_18958,2025-01-22,Checking,0.0,782.0,Healthcare
CUST_18959,2025-03-16,Credit Card,0.0,445.0,Retail
CUST_18960,2025-02-27,Checking,0.0,395.0,Unknown
CUST_18961,2025-04-03,Credit Card,0.0,800.0,Healthcare
CUST_18962,2025-04-13,Credit Card,23390.93,755.0,Retail
CUST_18963,2025-05-20,Savings,9518.72,703.0,Retail
CUST_18964,2025-01-07,Credit Card,0.0,307.0,Healthcare
CUST_18965,2025-05-08,Checking,0.0,519.0,Finance
CUST_18966,2025-02-24,Savings,37313.41,401.0,Unknown
CUST_18967,2025-04-16,Credit Card,0.0,301.0,Education
CUST_18968,2025-03-03,Checking,0.0,789.0,Retail
CUST_18969,2025-03-31,Credit Card,22346.85,499.0,Unknown
CUST_18970,2025-04-08,Checking,0.0,325.0,Unknown
CUST_18971,2025-03-18,Savings,25805.16,649.0,Finance
CUST_18972,2025-04-29,Credit Card,0.0,401.0,Education
CUST_18973,2025-02-05,Checking,12723.41,630.0,Unknown
CUST_18974,2025-03-30,Savings,0.0,671.0,Healthcare
CUST_18975,2025-06-01,Savings,0.0,496.0,Retail
CUST_18976,2025-06-21,Credit Card,7677.01,,Education
CUST_18977,2025-05-25,Savings,19216.94,329.0,Finance
CUST_18978,2025-05-10,Credit Card,0.0,598.0,Unknown
CUST_18979,2025-05-21,Savings,0.0,432.0,Education
CUST_18980,2025-06-08,Checking,23568.41,831.0,Healthcare
CUST_18981,2025-04-03,Investment,10964.36,607.0,Education
CUST_18982,2025-04-24,Savings,11959.99,320.0,Tech
CUST_18983,2025-01-28,Checking,18963.27,340.0,Retail
CUST_18984,2025-06-04,Credit Card,12017.77,797.0,Finance
CUST_18985,2025-05-23,Credit Card,7212.04,771.0,Unemployed
CUST_18986,2025-02-02,Checking,21742.12,607.0,Finance
CUST_18987,2025-01-20,Checking,0.0,758.0,Retail
CUST_18988,2025-06-19,Credit Card,4751.34,813.0,Retail
CUST_18989,2025-05-20,Credit Card,17387.83,802.0,Tech
CUST_18990,2025-04-11,Credit Card,0.0,343.0,Tech
CUST_18991,2025-01-23,Savings,26373.41,340.0,Finance
CUST_18992,2025-04-22,Investment,9370.17,562.0,Unemployed
CUST_18993,2025-01-14,Checking,0.0,593.0,Education
CUST_18994,2025-04-01,Savings,2096.22,308.0,Unemployed
CUST_18995,2025-06-02,Savings,0.0,352.0,Retail
CUST_18996,2025-03-18,Savings,6288.44,427.0,Tech
CUST_18997,2025-03-26,Savings,0.0,830.0,Tech
CUST_18998,2025-04-19,Savings,0.0,824.0,Tech
CUST_18999,2025-01-31,Savings,0.0,439.0,Education
CUST_19000,2025-05-02,Checking,0.0,531.0,Unknown
CUST_19001,2025-04-17,Savings,2291.0,387.0,Finance
CUST_19002,2025-02-23,Savings,0.0,500.0,Unemployed
CUST_19003,2025-05-13,Savings,0.0,687.0,Unknown
CUST_19004,2025-05-21,Savings,5321.21,660.0,Finance
CUST_19005,2025-06-05,Savings,0.0,431.0,Tech
CUST_19006,2025-02-12,Checking,18828.35,476.0,Education
CUST_19007,2025-03-30,Investment,21036.94,351.0,Education
CUST_19008,2025-04-25,Credit Card,1143.82,845.0,Finance
CUST_19009,2025-04-09,Credit Card,28641.89,321.0,Retail
CUST_19010,2025-02-16,Savings,2885.55,618.0,Tech
CUST_19011,2025-03-12,Savings,0.0,,Education
CUST_19012,2025-06-15,Savings,22778.42,337.0,Retail
CUST_19013,2025-03-08,Credit Card,29211.72,672.0,Healthcare
CUST_19014,2025-03-03,Savings,19919.34,726.0,Unemployed
CUST_19015,2025-04-19,Checking,0.0,465.0,Tech
CUST_19016,2025-06-16,Savings,0.0,801.0,Unemployed
CUST_19017,2025-02-06,Savings,-254.44,374.0,Healthcare
CUST_19018,2025-04-29,Investment,42146.09,739.0,Finance
CUST_19019,2025-03-27,Credit Card,0.0,564.0,Finance
CUST_19020,2025-05-06,Credit Card,17311.33,705.0,Unemployed
CUST_19021,2025-05-16,Checking,3611.98,542.0,Finance
CUST_19022,2025-02-21,Credit Card,19162.28,842.0,Unknown
CUST_19023,2025-04-01,Checking,0.0,576.0,Unemployed
CUST_19024,2025-02-02,Investment,1257.48,849.0,Education
CUST_19025,2025-03-22,Savings,0.0,607.0,Education
CUST_19026,2025-02-11,Checking,0.0,702.0,Retail
CUST_19027,2025-04-22,Checking,16049.65,729.0,Healthcare
CUST_19028,2025-05-06,Savings,0.0,375.0,Finance
CUST_19029,2025-06-04,Credit Card,9348.04,638.0,Finance
CUST_19030,2025-05-16,Investment,5836.63,749.0,Education
CUST_19031,2025-05-31,Checking,0.0,378.0,Education
CUST_19032,2025-04-16,Savings,0.0,337.0,Education
CUST_19033,2025-05-05,Checking,10008.99,617.0,Tech
CUST_19034,2025-04-23,Credit Card,4622.95,627.0,Healthcare
CUST_19035,2025-03-05,Checking,5574.42,729.0,Healthcare
CUST_19036,2025-05-03,Savings,1510.97,462.0,Tech
CUST_19037,2025-04-24,Checking,540.15,657.0,Finance
CUST_19038,2025-01-20,Savings,4676.57,628.0,Unemployed
CUST_19039,2025-01-16,Credit Card,26588.03,713.0,Unknown
CUST_19040,2025-05-25,Savings,12936.24,775.0,Unknown
CUST_19041,2025-01-19,Checking,3036.66,755.0,Unemployed
CUST_19042,2025-04-30,Credit Card,0.0,451.0,Retail
CUST_19043,2025-05-16,Savings,0.0,837.0,Retail
CUST_19044,2025-06-15,Savings,0.0,714.0,Finance
CUST_19045,2025-02-07,Savings,0.0,642.0,Retail
CUST_19046,2025-04-03,Savings,0.0,685.0,Education
CUST_19047,2025-04-15,Savings,4830.62,466.0,Healthcare
CUST_19048,2025-04-10,Investment,36015.91,771.0,Unemployed
CUST_19049,2025-03-31,Credit Card,7942.53,439.0,Education
CUST_19050,2025-06-08,Credit Card,15911.11,528.0,Retail
CUST_19051,2025-02-13,Investment,19396.98,372.0,Retail
CUST_19052,2025-03-17,Savings,699.52,727.0,Healthcare
CUST_19053,2025-05-25,Savings,1703.72,598.0,Unknown
CUST_19054,2025-03-20,Savings,0.0,535.0,Unemployed
CUST_19055,2025-03-14,Credit Card,7953.72,396.0,Unknown
CUST_19056,2025-06-16,Checking,5838.34,777.0,Education
CUST_19057,2025-06-19,Savings,0.0,790.0,Healthcare
CUST_19058,2025-06-25,Savings,22228.15,595.0,Unemployed
CUST_19059,2025-05-20,Checking,0.0,705.0,Retail
CUST_19060,2025-04-06,Checking,47710.61,746.0,Unknown
CUST_19061,2025-03-30,Credit Card,11051.69,574.0,Unemployed
CUST_19062,2025-04-13,Savings,4671.9,319.0,Healthcare
CUST_19063,2025-05-26,Investment,34084.13,726.0,Healthcare
CUST_19064,2025-01-06,Checking,0.0,660.0,Retail
CUST_19065,2025-05-02,Credit Card,706.67,609.0,Unknown
CUST_19066,2025-06-20,Investment,0.0,655.0,Healthcare
CUST_19067,2025-04-26,Investment,2282.95,326.0,Education
CUST_19068,2025-06-12,Savings,8391.85,346.0,Unknown
CUST_19069,2025-03-03,Savings,1841.33,755.0,Retail
CUST_19070,2025-05-24,Checking,26015.03,411.0,Healthcare
CUST_19071,2025-05-16,Checking,11530.6,674.0,Finance
CUST_19072,2025-03-30,Checking,12259.84,614.0,Education
CUST_19073,2025-04-06,Investment,11935.19,425.0,Education
CUST_19074,2025-05-06,Savings,0.0,306.0,Education
CUST_19075,2025-03-31,Checking,8029.49,659.0,Unemployed
CUST_19076,2025-03-27,Savings,8547.0,661.0,Tech
CUST_19077,2025-06-08,Credit Card,0.0,563.0,Retail
CUST_19078,2025-05-18,Investment,18290.0,574.0,Tech
CUST_19079,2025-05-01,Checking,0.0,695.0,Healthcare
CUST_19080,2025-03-17,Savings,42795.62,612.0,Retail
CUST_19081,2025-04-02,Credit Card,4437.07,,Unemployed
CUST_19082,2025-03-11,Checking,0.0,703.0,Education
CUST_19083,2025-05-28,Savings,14265.92,676.0,Education
CUST_19084,2025-05-13,Credit Card,14392.31,840.0,Unemployed
CUST_19085,2025-01-23,Investment,35691.71,619.0,Unknown
CUST_19086,2025-05-17,Checking,31732.64,524.0,Education
CUST_19087,2025-02-27,Checking,0.0,755.0,Education
CUST_19088,2025-02-15,Savings,949.31,588.0,Healthcare
CUST_19089,2025-01-22,Checking,0.0,580.0,Unknown
CUST_19090,2025-01-08,Checking,16132.33,716.0,Unknown
CUST_19091,2025-05-03,Savings,26225.09,783.0,Finance
CUST_19092,2025-01-20,Savings,0.0,837.0,Unemployed
CUST_19093,2025-06-28,Savings,4051.93,612.0,Retail
CUST_19094,2025-03-19,Savings,0.0,356.0,Unknown
CUST_19095,2025-02-08,Checking,17666.6,422.0,Finance
CUST_19096,2025-02-06,Checking,11142.28,589.0,Unemployed
CUST_19097,2025-06-27,Checking,22637.21,609.0,Retail
CUST_19098,2025-06-11,Savings,0.0,527.0,Unemployed
CUST_19099,2025-03-16,Checking,3250.26,305.0,Education
CUST_19100,2025-04-28,Credit Card,10911.72,742.0,Unemployed
CUST_19101,2025-04-14,Checking,934.25,609.0,Unknown
CUST_19102,2025-06-10,Investment,9485.02,301.0,Tech
CUST_19103,2025-01-31,Checking,24052.23,674.0,Unknown
CUST_19104,2025-05-03,Checking,37003.96,545.0,Healthcare
CUST_19105,2025-02-23,Savings,0.0,771.0,Retail
CUST_19106,2025-06-21,Checking,37213.0,603.0,Education
CUST_19107,2025-02-03,Credit Card,0.0,357.0,Tech
CUST_19108,2025-05-02,Investment,18033.9,524.0,Education
CUST_19109,2025-04-23,Investment,0.0,725.0,NA
CUST_19110,2025-03-03,Savings,0.0,501.0,Healthcare
CUST_19111,2025-01-23,Checking,23340.89,817.0,Unknown
CUST_19112,2025-02-15,Checking,4262.75,329.0,Unknown
CUST_19113,2025-02-25,Checking,24259.98,450.0,Tech
CUST_19114,2025-05-15,Savings,16280.21,847.0,Unemployed
CUST_19115,2025-04-28,Credit Card,11166.71,409.0,Retail
CUST_19116,2025-05-11,Investment,13267.34,420.0,Unemployed
CUST_19117,2025-06-15,Checking,21329.65,540.0,Retail
CUST_19118,2025-06-11,Savings,18896.72,329.0,Unknown
CUST_19119,2025-04-23,Savings,0.0,765.0,Unemployed
CUST_19120,2025-02-13,Checking,11344.02,764.0,Retail
CUST_19121,2025-05-08,Savings,27509.23,536.0,Retail
CUST_19122,2025-04-18,Investment,5679.36,670.0,Tech
CUST_19123,2025-06-07,Checking,0.0,448.0,Healthcare
CUST_19124,2025-01-17,Checking,0.0,673.0,Tech
CUST_19125,2025-02-28,Checking,17737.31,815.0,Retail
CUST_19126,2025-05-18,Savings,1393.62,732.0,Healthcare
CUST_19127,2025-04-09,Investment,10433.53,551.0,Finance
CUST_19128,2025-03-25,Checking,679.04,772.0,Finance
CUST_19129,2025-05-26,Investment,22609.18,835.0,Unknown
CUST_19130,2025-02-14,Checking,7253.25,345.0,Unemployed
CUST_19131,2025-04-18,Credit Card,26422.54,838.0,Tech
CUST_19132,2025-03-03,Savings,25873.16,734.0,Retail
CUST_19133,2025-02-28,Checking,3677.83,575.0,Unemployed
CUST_19134,2025-06-26,Credit Card,25000.16,807.0,Finance
CUST_19135,2025-06-09,Credit Card,-66.54,394.0,Finance
CUST_19136,2025-05-18,Credit Card,8992.2,445.0,Unknown
CUST_19137,2025-01-11,Savings,0.0,701.0,Education
CUST_19138,2025-04-12,Investment,13903.33,803.0,Education
CUST_19139,2025-03-11,Investment,9519.45,714.0,Unemployed
CUST_19140,2025-05-03,Savings,12712.98,575.0,Unknown
CUST_19141,2025-06-24,Investment,0.0,625.0,Unemployed
CUST_19142,2025-02-03,Savings,0.0,555.0,Healthcare
CUST_19143,2025-04-11,Checking,0.0,812.0,Healthcare
CUST_19144,2025-05-25,Savings,12486.78,446.0,Retail
CUST_19145,2025-04-14,Investment,15101.8,594.0,Finance
CUST_19146,2025-02-09,Savings,21940.05,674.0,Tech
CUST_19147,2025-01-19,Checking,0.0,355.0,Tech
CUST_19148,2025-03-08,Checking,8129.63,525.0,Education
CUST_19149,2025-03-23,Savings,0.0,818.0,Unknown
CUST_19150,2025-03-05,Checking,25510.95,319.0,Unknown
CUST_19151,2025-03-24,Savings,0.0,458.0,Unknown
CUST_19152,2025-02-16,Credit Card,22677.93,769.0,Healthcare
CUST_19153,2025-01-06,Investment,1230.32,665.0,Retail
CUST_19154,2025-01-16,Credit Card,28628.68,300.0,Unknown
CUST_19155,2025-05-26,Credit Card,7744.36,528.0,Education
CUST_19156,2025-06-29,Savings,7416.31,582.0,Education
CUST_19157,2025-06-25,Savings,0.0,418.0,Retail
CUST_19158,2025-06-20,Checking,37505.26,526.0,Retail
CUST_19159,2025-02-08,Savings,19862.24,323.0,Unemployed
CUST_19160,2025-06-26,Investment,12679.34,607.0,Finance
CUST_19161,2025-04-23,Savings,8593.32,606.0,Unknown
CUST_19162,2025-05-20,Investment,0.0,793.0,Retail
CUST_19163,2025-05-18,Savings,15099.07,807.0,Retail
CUST_19164,2025-03-12,Credit Card,3999.46,610.0,Education
CUST_19165,2025-04-20,Savings,5862.81,388.0,Education
CUST_19166,2025-02-24,Savings,18364.56,574.0,Tech
CUST_19167,2025-05-09,Credit Card,9266.79,779.0,Unemployed
CUST_19168,2025-02-18,Savings,5272.26,756.0,Tech
CUST_19169,2025-06-13,Credit Card,26534.72,654.0,Tech
CUST_19170,2025-01-21,Checking,0.0,561.0,Retail
CUST_19171,2025-02-06,Savings,0.0,475.0,Finance
CUST_19172,2025-04-26,Investment,0.0,703.0,Education
CUST_19173,2025-01-24,Checking,7280.63,529.0,Healthcare
CUST_19174,2025-02-24,Credit Card,15418.25,622.0,Unknown
CUST_19175,2025-01-25,Checking,0.0,576.0,Unknown
CUST_19176,2025-05-15,Checking,60312.0,574.0,Finance
CUST_19177,2025-05-07,Savings,7732.41,516.0,Unemployed
CUST_19178,2025-04-03,Savings,7276.72,489.0,Unknown
CUST_19179,2025-04-04,Checking,0.0,317.0,Healthcare
CUST_19180,2025-03-12,Checking,0.0,713.0,Unemployed
CUST_19181,2025-05-02,Savings,0.0,483.0,Unknown
CUST_19182,2025-01-24,Checking,25571.29,542.0,Retail
CUST_19183,2025-01-11,Checking,23186.76,725.0,Unemployed
CUST_19184,2025-03-14,Savings,4978.21,352.0,Unknown
CUST_19185,2025-01-12,Savings,0.0,525.0,Healthcare
CUST_19186,2025-02-04,Checking,837.12,618.0,Unemployed
CUST_19187,2025-05-21,Savings,26321.57,668.0,Unemployed
CUST_19188,2025-01-23,Savings,0.0,547.0,Tech
CUST_19189,2025-03-24,Savings,0.0,476.0,Unemployed
CUST_19190,2025-06-16,Investment,0.0,775.0,Education
CUST_19191,2025-03-29,Credit Card,607.09,312.0,NA
CUST_19192,2025-03-21,Savings,16071.3,660.0,Tech
CUST_19193,2025-04-07,Savings,0.0,588.0,Education
CUST_19194,2025-05-20,Credit Card,7539.94,730.0,Unknown
CUST_19195,2025-02-03,Checking,0.0,638.0,Unemployed
CUST_19196,2025-03-16,Credit Card,0.0,333.0,Unknown
CUST_19197,2025-06-08,Investment,16316.9,623.0,Tech
CUST_19198,2025-05-08,Checking,0.0,755.0,Finance
CUST_19199,2025-05-21,Savings,7698.95,524.0,Retail
CUST_19200,2025-01-31,Credit Card,12219.12,432.0,Healthcare
CUST_19201,2025-05-10,Investment,13694.11,779.0,Retail
CUST_19202,2025-04-13,Checking,15603.0,520.0,Unemployed
CUST_19203,2025-01-15,Checking,13578.58,700.0,Unemployed
CUST_19204,2025-02-26,Savings,15788.99,359.0,Unknown
CUST_19205,2025-03-16,Savings,0.0,431.0,Healthcare
CUST_19206,2025-02-03,Credit Card,25485.11,692.0,Healthcare
CUST_19207,2025-04-13,Investment,0.0,313.0,Unknown
CUST_19208,2025-03-16,Checking,10555.17,734.0,Unemployed
CUST_19209,2025-01-29,Credit Card,0.0,773.0,Finance
CUST_19210,2025-01-16,Savings,0.0,450.0,Finance
CUST_19211,2025-06-16,Savings,0.0,769.0,Retail
CUST_19212,2025-03-18,Checking,3223.25,710.0,Education
CUST_19213,2025-02-06,Savings,25803.63,644.0,Education
CUST_19214,2025-03-22,Checking,32295.09,495.0,Retail
CUST_19215,2025-05-29,Savings,3055.39,843.0,Unknown
CUST_19216,2025-06-21,Credit Card,0.0,372.0,Healthcare
CUST_19217,2025-05-04,Credit Card,0.0,493.0,Unknown
CUST_19218,2025-01-19,Checking,16578.04,491.0,Finance
CUST_19219,2025-04-12,Savings,15622.36,729.0,Retail
CUST_19220,2025-05-16,Checking,0.0,800.0,Education
CUST_19221,2025-03-18,Investment,0.0,516.0,Healthcare
CUST_19222,2025-02-10,Checking,19884.12,784.0,Education
CUST_19223,2025-03-02,Savings,0.0,659.0,Healthcare
CUST_19224,2025-01-26,Savings,0.0,608.0,Education
CUST_19225,2025-03-12,Savings,12102.39,720.0,Unemployed
CUST_19226,2025-04-13,Savings,0.0,710.0,Tech
CUST_19227,2025-03-11,Credit Card,19300.22,816.0,Healthcare
CUST_19228,2025-04-17,Credit Card,40704.22,542.0,Healthcare
CUST_19229,2025-06-06,Savings,6708.33,471.0,Unknown
CUST_19230,2025-04-17,Savings,4480.21,,Healthcare
CUST_19231,2025-04-13,Savings,5664.88,664.0,Tech
CUST_19232,2025-01-19,Investment,8372.74,377.0,Tech
CUST_19233,2025-03-09,Checking,0.0,789.0,NA
CUST_19234,2025-03-11,Checking,0.0,831.0,Education
CUST_19235,2025-04-23,Checking,-296.64,825.0,Finance
CUST_19236,2025-02-26,Checking,7304.03,505.0,Unknown
CUST_19237,2025-06-14,Savings,0.0,590.0,Unemployed
CUST_19238,2025-03-02,Savings,0.0,803.0,Education
CUST_19239,2025-04-02,Checking,0.0,727.0,Healthcare
CUST_19240,2025-01-30,Checking,0.0,770.0,Healthcare
CUST_19241,2025-06-02,Savings,15076.95,812.0,Unemployed
CUST_19242,2025-05-07,Savings,0.0,623.0,Unknown
CUST_19243,2025-04-25,Savings,0.0,554.0,Education
CUST_19244,2025-01-06,Checking,26202.95,350.0,Retail
CUST_19245,2025-01-18,Checking,1674.22,399.0,Finance
CUST_19246,2025-01-10,Investment,7758.94,763.0,Tech
CUST_19247,2025-04-02,Savings,3066.2,798.0,Finance
CUST_19248,2025-05-19,Savings,0.0,536.0,Retail
CUST_19249,2025-03-18,Savings,21427.9,771.0,Education
CUST_19250,2025-04-11,Checking,0.0,697.0,Unknown
CUST_19251,2025-03-25,Checking,0.0,456.0,Education
CUST_19252,2025-02-21,Credit Card,14851.43,597.0,Healthcare
CUST_19253,2025-01-31,Savings,0.0,313.0,Unemployed
CUST_19254,2025-05-25,Checking,718.65,415.0,Education
CUST_19255,2025-04-20,Credit Card,0.0,438.0,Retail
CUST_19256,2025-04-03,Investment,437.68,374.0,Education
CUST_19257,2025-06-13,Investment,0.0,659.0,Unknown
CUST_19258,2025-06-03,Credit Card,10626.31,323.0,Education
CUST_19259,2025-02-22,Investment,21495.29,705.0,Retail
CUST_19260,2025-05-25,Savings,11890.05,625.0,Tech
CUST_19261,2025-03-27,Savings,-53.7,633.0,Finance
CUST_19262,2025-06-02,Savings,14471.5,628.0,Unknown
CUST_19263,2025-01-02,Credit Card,16228.87,599.0,Education
CUST_19264,2025-03-27,Investment,10413.93,388.0,Finance
CUST_19265,2025-05-13,Savings,20729.75,314.0,Finance
CUST_19266,2025-01-04,Checking,0.0,600.0,Healthcare
CUST_19267,2025-06-13,Credit Card,5401.47,617.0,Tech
CUST_19268,2025-01-06,Investment,9617.8,477.0,Finance
CUST_19269,2025-05-29,Checking,0.0,761.0,Healthcare
CUST_19270,2025-04-28,Investment,8311.57,568.0,Retail
CUST_19271,2025-03-30,Savings,18724.26,404.0,Retail
CUST_19272,2025-06-03,Savings,1641.88,816.0,Retail
CUST_19273,2025-06-16,Checking,14848.09,638.0,Unemployed
CUST_19274,2025-06-10,Savings,20341.3,691.0,Unemployed
CUST_19275,2025-01-14,Savings,25136.96,440.0,Unknown
CUST_19276,2025-02-25,Credit Card,22432.31,468.0,Retail
CUST_19277,2025-03-22,Credit Card,25484.1,316.0,Retail
CUST_19278,2025-05-29,Credit Card,0.0,843.0,Healthcare
CUST_19279,2025-02-15,Savings,0.0,304.0,Tech
CUST_19280,2025-05-24,Checking,0.0,436.0,Tech
CUST_19281,2025-01-16,Savings,0.0,461.0,Healthcare
CUST_19282,2025-04-30,Savings,23276.74,762.0,Healthcare
CUST_19283,2025-03-25,Checking,0.0,737.0,Unemployed
CUST_19284,2025-06-06,Savings,10963.83,681.0,Education
CUST_19285,2025-01-08,Savings,8610.9,681.0,Finance
CUST_19286,2025-03-29,Credit Card,23610.29,781.0,Unemployed
CUST_19287,2025-05-11,Savings,0.0,654.0,Unknown
CUST_19288,2025-01-19,Investment,10289.45,544.0,Unemployed
CUST_19289,2025-04-07,Checking,10045.51,775.0,Retail
CUST_19290,2025-03-07,Investment,0.0,764.0,Unemployed
CUST_19291,2025-03-20,Savings,19403.7,489.0,Unemployed
CUST_19292,2025-03-27,Checking,0.0,793.0,Finance
CUST_19293,2025-05-04,Savings,20968.04,822.0,Education
CUST_19294,2025-05-30,Credit Card,0.0,834.0,Unknown
CUST_19295,2025-02-15,Savings,0.0,581.0,Tech
CUST_19296,2025-04-23,Savings,2901.68,729.0,Unknown
CUST_19297,2025-04-01,Credit Card,8264.9,552.0,Retail
CUST_19298,2025-05-21,Savings,0.0,342.0,Unemployed
CUST_19299,2025-02-02,Savings,20643.64,781.0,Unemployed
CUST_19300,2025-05-13,Savings,16303.4,440.0,Tech
CUST_19301,2025-03-18,Checking,33549.7,810.0,Healthcare
CUST_19302,2025-06-04,Savings,15531.67,836.0,Unknown
CUST_19303,2025-05-01,Checking,0.0,569.0,Finance
CUST_19304,2025-05-08,Savings,0.0,660.0,Tech
CUST_19305,2025-03-19,Checking,0.0,594.0,Education
CUST_19306,2025-06-01,Credit Card,37712.23,774.0,Tech
CUST_19307,2025-03-08,Checking,5714.11,771.0,Retail
CUST_19308,2025-04-25,Checking,6353.81,460.0,Retail
CUST_19309,2025-03-04,Savings,25691.91,344.0,Finance
CUST_19310,2025-04-23,Savings,0.0,506.0,Healthcare
CUST_19311,2025-04-04,Savings,13084.4,407.0,Unemployed
CUST_19312,2025-02-17,Checking,12745.15,803.0,Retail
CUST_19313,2025-01-12,Checking,19360.36,741.0,Education
CUST_19314,2025-06-05,Investment,17784.4,364.0,Unknown
CUST_19315,2025-06-21,Savings,4119.63,566.0,Finance
CUST_19316,2025-06-20,Checking,0.0,698.0,Retail
CUST_19317,2025-05-25,Checking,0.0,523.0,Education
CUST_19318,2025-02-09,Checking,17631.44,588.0,Unemployed
CUST_19319,2025-06-26,Credit Card,32815.63,584.0,Tech
CUST_19320,2025-03-26,Savings,0.0,485.0,Unemployed
CUST_19321,2025-02-26,Savings,0.0,525.0,Education
CUST_19322,2025-03-28,Checking,0.0,499.0,Unemployed
CUST_19323,2025-03-25,Savings,0.0,803.0,Finance
CUST_19324,2025-05-01,Savings,19213.42,310.0,Retail
CUST_19325,2025-03-15,Savings,24742.87,797.0,Healthcare
CUST_19326,2025-04-17,Savings,0.0,576.0,Healthcare
CUST_19327,2025-05-04,Checking,0.0,302.0,Education
CUST_19328,2025-04-10,Savings,0.0,304.0,Education
CUST_19329,2025-02-12,Checking,0.0,820.0,Education
CUST_19330,2025-04-29,Checking,1664.78,579.0,Retail
CUST_19331,2025-01-23,Checking,0.0,722.0,Healthcare
CUST_19332,2025-06-04,Investment,12707.29,537.0,Healthcare
CUST_19333,2025-02-06,Savings,0.0,616.0,Finance
CUST_19334,2025-05-14,Investment,0.0,426.0,Finance
CUST_19335,2025-03-06,Checking,25496.01,603.0,Tech
CUST_19336,2025-05-14,Credit Card,26067.68,477.0,Retail
CUST_19337,2025-06-27,Checking,29971.19,789.0,Education
CUST_19338,2025-01-22,Checking,10898.81,736.0,Finance
CUST_19339,2025-04-15,Credit Card,0.0,337.0,Tech
CUST_19340,2025-03-29,Credit Card,7622.94,782.0,Tech
CUST_19341,2025-06-02,Savings,42915.78,614.0,Healthcare
CUST_19342,2025-05-05,Savings,0.0,783.0,Retail
CUST_19343,2025-03-20,Checking,32492.55,396.0,Retail
CUST_19344,2025-03-31,Investment,0.0,316.0,Unemployed
CUST_19345,2025-02-20,Savings,13579.78,746.0,Education
CUST_19346,2025-06-25,Checking,14708.98,578.0,Retail
CUST_19347,2025-04-12,Credit Card,10603.79,,Unemployed
CUST_19348,2025-04-16,Credit Card,11585.96,328.0,Education
CUST_19349,2025-03-01,Checking,12848.23,845.0,Retail
CUST_19350,2025-02-15,Checking,13549.83,309.0,Healthcare
CUST_19351,2025-02-05,Investment,38.91,400.0,Unemployed
CUST_19352,2025-06-15,Checking,934.54,386.0,Tech
CUST_19353,2025-01-11,Credit Card,0.0,769.0,Retail
CUST_19354,2025-01-12,Savings,15987.34,600.0,Unknown
CUST_19355,2025-06-19,Checking,24534.14,505.0,Retail
CUST_19356,2025-02-08,Savings,31165.77,381.0,Healthcare
CUST_19357,2025-05-19,Savings,0.0,511.0,Finance
CUST_19358,2025-02-05,Credit Card,0.0,418.0,Education
CUST_19359,2025-02-21,Checking,10644.66,435.0,Finance
CUST_19360,2025-01-31,Checking,0.0,676.0,Tech
CUST_19361,2025-02-02,Savings,13576.52,727.0,Finance
CUST_19362,2025-05-21,Checking,0.0,613.0,Unknown
CUST_19363,2025-05-26,Checking,21308.14,703.0,Unknown
CUST_19364,2025-06-18,Checking,7299.21,542.0,Tech
CUST_19365,2025-02-27,Savings,0.0,644.0,Education
CUST_19366,2025-06-01,Credit Card,9561.24,723.0,Healthcare
CUST_19367,2025-05-08,Credit Card,6424.42,315.0,Unknown
CUST_19368,2025-01-31,Savings,12843.4,815.0,Unknown
CUST_19369,2025-02-24,Savings,17030.2,565.0,Tech
CUST_19370,2025-01-10,Checking,0.0,319.0,Education
CUST_19371,2025-05-10,Checking,0.0,310.0,Unemployed
CUST_19372,2025-01-15,Credit Card,3664.55,319.0,Healthcare
CUST_19373,2025-01-03,Checking,569.41,578.0,Finance
CUST_19374,2025-02-12,Savings,-265.43,632.0,Finance
CUST_19375,2025-06-08,Savings,20816.75,846.0,Tech
CUST_19376,2025-03-08,Savings,0.0,700.0,Retail
CUST_19377,2025-02-25,Savings,627.74,337.0,Unemployed
CUST_19378,2025-03-04,Checking,1816.15,382.0,Retail
CUST_19379,2025-01-15,Savings,3358.64,331.0,Unemployed
CUST_19380,2025-04-19,Investment,0.0,353.0,Healthcare
CUST_19381,2025-04-26,Credit Card,37126.2,836.0,Finance
CUST_19382,2025-04-02,Credit Card,19678.83,344.0,Education
CUST_19383,2025-05-18,Investment,38173.03,593.0,Unemployed
CUST_19384,2025-06-15,Checking,14604.07,424.0,Healthcare
CUST_19385,2025-02-16,Credit Card,16434.21,847.0,Tech
CUST_19386,2025-02-26,Savings,4934.27,643.0,Unemployed
CUST_19387,2025-02-19,Savings,28446.25,722.0,Tech
CUST_19388,2025-03-12,Credit Card,13482.92,466.0,Healthcare
CUST_19389,2025-05-23,Savings,2140.27,568.0,Education
CUST_19390,2025-05-26,Investment,32698.57,493.0,Finance
CUST_19391,2025-03-23,Checking,0.0,423.0,Finance
CUST_19392,2025-04-26,Credit Card,0.0,570.0,Education
CUST_19393,2025-04-15,Savings,47159.27,357.0,Finance
CUST_19394,2025-03-29,Checking,15060.55,358.0,Unemployed
CUST_19395,2025-01-02,Savings,0.0,749.0,Retail
CUST_19396,2025-04-14,Credit Card,20283.98,516.0,Retail
CUST_19397,2025-03-25,Savings,0.0,781.0,Education
CUST_19398,2025-02-12,Checking,0.0,543.0,Unknown
CUST_19399,2025-06-03,Savings,43264.1,402.0,Retail
CUST_19400,2025-03-12,Savings,29832.74,816.0,Unemployed
CUST_19401,2025-06-15,Checking,34971.67,563.0,Healthcare
CUST_19402,2025-04-04,Savings,0.0,540.0,Finance
CUST_19403,2025-02-11,Credit Card,633.4,528.0,Unemployed
CUST_19404,2025-05-13,Savings,8279.98,751.0,Healthcare
CUST_19405,2025-05-19,Savings,18025.96,754.0,Education
CUST_19406,2025-03-06,Checking,-129.76,,Unemployed
CUST_19407,2025-02-03,Savings,33175.6,673.0,Unemployed
CUST_19408,2025-04-30,Savings,12367.79,323.0,Unknown
CUST_19409,2025-01-01,Credit Card,27363.97,605.0,Retail
CUST_19410,2025-05-10,Savings,0.0,673.0,Healthcare
CUST_19411,2025-05-28,Savings,0.0,486.0,Healthcare
CUST_19412,2025-03-02,Savings,8685.11,411.0,Unknown
CUST_19413,2025-05-29,Checking,0.0,792.0,Tech
CUST_19414,2025-03-29,Checking,20715.87,593.0,Healthcare
CUST_19415,2025-03-09,Savings,21014.72,721.0,Retail
CUST_19416,2025-05-07,Credit Card,1414.05,448.0,Finance
CUST_19417,2025-05-20,Savings,14869.57,450.0,Unknown
CUST_19418,2025-01-22,Checking,35627.81,473.0,Finance
CUST_19419,2025-05-28,Savings,20668.96,496.0,Finance
CUST_19420,2025-03-23,Checking,14780.02,554.0,Retail
CUST_19421,2025-05-09,Investment,24429.75,713.0,Finance
CUST_19422,2025-01-30,Checking,30212.3,467.0,Unemployed
CUST_19423,2025-05-06,Investment,27768.71,381.0,Unknown
CUST_19424,2025-04-07,Savings,3920.32,369.0,Unemployed
CUST_19425,2025-01-24,Savings,18534.27,725.0,Unknown
CUST_19426,2025-01-14,Savings,529.09,701.0,Finance
CUST_19427,2025-02-05,Savings,4183.34,824.0,Education
CUST_19428,2025-01-24,Savings,12188.62,511.0,Education
CUST_19429,2025-04-05,Savings,0.0,401.0,Tech
CUST_19430,2025-02-24,Checking,10529.65,637.0,Unemployed
CUST_19431,2025-01-24,Savings,0.0,632.0,Tech
CUST_19432,2025-06-01,Savings,0.0,504.0,Healthcare
CUST_19433,2025-01-26,Savings,16923.71,786.0,Healthcare
CUST_19434,2025-03-21,Credit Card,1088.21,528.0,Unemployed
CUST_19435,2025-06-15,Savings,8299.8,,Unemployed
CUST_19436,2025-03-06,Credit Card,1454.38,398.0,Unknown
CUST_19437,2025-03-16,Checking,0.0,710.0,Healthcare
CUST_19438,2025-06-28,Checking,6763.56,759.0,Unknown
CUST_19439,2025-06-12,Savings,0.0,493.0,Tech
CUST_19440,2025-02-12,Savings,3556.41,319.0,Finance
CUST_19441,2025-01-29,Checking,34711.0,610.0,Unknown
CUST_19442,2025-06-14,Savings,0.0,378.0,Healthcare
CUST_19443,2025-03-22,Savings,26392.37,469.0,Finance
CUST_19444,2025-02-23,Savings,36301.97,545.0,Finance
CUST_19445,2025-02-08,Credit Card,0.0,771.0,Tech
CUST_19446,2025-02-11,Checking,9914.13,398.0,Unknown
CUST_19447,2025-06-05,Checking,0.0,621.0,Education
CUST_19448,2025-01-29,Checking,0.0,440.0,Unemployed
CUST_19449,2025-06-20,Credit Card,7507.55,408.0,Education
CUST_19450,2025-05-11,Checking,11137.7,612.0,Retail
CUST_19451,2025-05-18,Checking,0.0,420.0,Education
CUST_19452,2025-05-22,Investment,0.0,398.0,Healthcare
CUST_19453,2025-06-24,Credit Card,0.0,793.0,Tech
CUST_19454,2025-02-11,Savings,18366.4,443.0,Finance
CUST_19455,2025-04-04,Savings,18468.86,409.0,Tech
CUST_19456,2025-06-09,Credit Card,14637.64,783.0,Unknown
CUST_19457,2025-02-01,Credit Card,0.0,429.0,Unemployed
CUST_19458,2025-06-19,Checking,0.0,699.0,Unknown
CUST_19459,2025-06-09,Checking,24691.41,805.0,Retail
CUST_19460,2025-01-26,Checking,29617.52,509.0,Retail
CUST_19461,2025-04-25,Checking,0.0,660.0,Retail
CUST_19462,2025-05-09,Checking,2616.49,453.0,Finance
CUST_19463,2025-02-25,Savings,0.0,832.0,Retail
CUST_19464,2025-05-02,Investment,13009.06,846.0,Unemployed
CUST_19465,2025-04-16,Credit Card,36136.79,659.0,Retail
CUST_19466,2025-05-10,Checking,19154.46,609.0,Retail
CUST_19467,2025-03-22,Savings,38179.97,773.0,Unemployed
CUST_19468,2025-06-07,Savings,0.0,599.0,Unemployed
CUST_19469,2025-04-30,Checking,0.0,640.0,Finance
CUST_19470,2025-02-21,Checking,27564.62,303.0,Unknown
CUST_19471,2025-04-01,Checking,7577.07,468.0,Retail
CUST_19472,2025-05-17,Savings,0.0,719.0,Healthcare
CUST_19473,2025-01-22,Checking,33084.81,579.0,Tech
CUST_19474,2025-02-03,Credit Card,0.0,688.0,Retail
CUST_19475,2025-04-20,Savings,0.0,484.0,Retail
CUST_19476,2025-02-18,Checking,14024.16,622.0,Tech
CUST_19477,2025-05-09,Credit Card,0.0,310.0,Unknown
CUST_19478,2025-03-14,Checking,20335.26,577.0,Retail
CUST_19479,2025-03-25,Checking,0.0,438.0,Unknown
CUST_19480,2025-02-22,Checking,8772.35,385.0,Unemployed
CUST_19481,2025-04-10,Investment,9750.19,,NA
CUST_19482,2025-05-04,Savings,8973.78,750.0,Retail
CUST_19483,2025-06-17,Checking,0.0,437.0,Healthcare
CUST_19484,2025-02-14,Savings,2082.03,830.0,Unknown
CUST_19485,2025-05-17,Savings,25603.82,637.0,Unemployed
CUST_19486,2025-04-15,Savings,1969.75,455.0,Education
CUST_19487,2025-05-30,Savings,0.0,316.0,Finance
CUST_19488,2025-05-26,Investment,0.0,560.0,Finance
CUST_19489,2025-04-16,Investment,0.0,459.0,Tech
CUST_19490,2025-02-12,Savings,0.0,608.0,Healthcare
CUST_19491,2025-06-16,Checking,2353.39,380.0,Unknown
CUST_19492,2025-05-14,Checking,6500.16,512.0,Finance
CUST_19493,2025-02-17,Credit Card,15483.27,726.0,Tech
CUST_19494,2025-05-06,Checking,12010.48,641.0,Tech
CUST_19495,2025-01-07,Savings,14219.71,658.0,Tech
CUST_19496,2025-01-16,Credit Card,4383.94,505.0,Finance
CUST_19497,2025-05-09,Credit Card,36912.49,635.0,Education
CUST_19498,2025-04-25,Checking,0.0,560.0,Tech
CUST_19499,2025-02-06,Investment,243.33,542.0,Retail
CUST_19500,2025-06-14,Investment,29879.54,694.0,Education
CUST_19501,2025-05-05,Checking,0.0,636.0,Education
CUST_19502,2025-03-22,Checking,3346.74,578.0,Retail
CUST_19503,2025-03-03,Investment,11062.77,548.0,Finance
CUST_19504,2025-03-13,Savings,22511.92,329.0,Finance
CUST_19505,2025-05-05,Savings,7130.05,430.0,Unknown
CUST_19506,2025-06-10,Savings,0.0,823.0,Healthcare
CUST_19507,2025-03-07,Credit Card,0.0,759.0,Unknown
CUST_19508,2025-01-30,Credit Card,13100.09,694.0,Finance
CUST_19509,2025-01-20,Savings,573.35,827.0,Healthcare
CUST_19510,2025-03-23,Investment,0.0,712.0,Tech
CUST_19511,2025-04-17,Credit Card,0.0,416.0,Finance
CUST_19512,2025-06-01,Credit Card,22902.23,448.0,Finance
CUST_19513,2025-05-12,Savings,3176.34,408.0,Unknown
CUST_19514,2025-02-06,Checking,3271.44,535.0,Retail
CUST_19515,2025-05-12,Checking,15198.35,726.0,Tech
CUST_19516,2025-03-18,Checking,0.0,816.0,Unemployed
CUST_19517,2025-03-30,Checking,5629.81,479.0,Unemployed
CUST_19518,2025-05-26,Credit Card,27579.83,695.0,Healthcare
CUST_19519,2025-03-29,Savings,4042.5,300.0,Tech
CUST_19520,2025-06-25,Credit Card,8292.73,307.0,Unemployed
CUST_19521,2025-02-02,Savings,7957.56,443.0,Education
CUST_19522,2025-02-27,Savings,20920.17,574.0,Retail
CUST_19523,2025-01-28,Savings,8018.37,586.0,Education
CUST_19524,2025-02-04,Savings,42028.77,789.0,Unemployed
CUST_19525,2025-05-05,Savings,8469.15,330.0,Healthcare
CUST_19526,2025-05-18,Credit Card,0.0,751.0,Finance
CUST_19527,2025-03-06,Checking,27679.2,543.0,Finance
CUST_19528,2025-02-11,Checking,1839.71,439.0,Finance
CUST_19529,2025-03-26,Checking,0.0,700.0,Healthcare
CUST_19530,2025-05-17,Savings,0.0,840.0,Education
CUST_19531,2025-04-21,Savings,12181.39,463.0,Healthcare
CUST_19532,2025-01-15,Checking,0.0,403.0,Healthcare
CUST_19533,2025-03-10,Checking,0.0,362.0,Education
CUST_19534,2025-04-15,Credit Card,0.0,314.0,Unemployed
CUST_19535,2025-05-30,Checking,-449.81,793.0,Finance
CUST_19536,2025-03-05,Credit Card,17490.72,478.0,Retail
CUST_19537,2025-02-10,Checking,12253.04,822.0,Healthcare
CUST_19538,2025-03-12,Investment,2831.9,740.0,Healthcare
CUST_19539,2025-02-25,Savings,13412.59,824.0,Education
CUST_19540,2025-05-31,Checking,3404.89,787.0,Unemployed
CUST_19541,2025-01-25,Checking,8098.5,610.0,Unknown
CUST_19542,2025-04-15,Investment,0.0,429.0,Retail
CUST_19543,2025-05-14,Savings,0.0,765.0,Unknown
CUST_19544,2025-04-29,Checking,7270.21,801.0,Healthcare
CUST_19545,2025-06-11,Savings,7303.85,562.0,Unknown
CUST_19546,2025-01-09,Checking,20167.71,470.0,Tech
CUST_19547,2025-03-01,Savings,12489.87,705.0,Retail
CUST_19548,2025-05-05,Savings,0.0,324.0,Healthcare
CUST_19549,2025-02-18,Checking,0.0,748.0,Retail
CUST_19550,2025-02-20,Savings,18238.86,459.0,Unemployed
CUST_19551,2025-03-11,Savings,9975.07,516.0,Unknown
CUST_19552,2025-02-06,Savings,19538.34,789.0,Tech
CUST_19553,2025-01-31,Savings,11881.44,579.0,Tech
CUST_19554,2025-06-18,Investment,32074.44,380.0,Retail
CUST_19555,2025-03-03,Checking,1754.3,424.0,Finance
CUST_19556,2025-04-03,Credit Card,5621.12,469.0,Retail
CUST_19557,2025-01-14,Checking,16857.06,389.0,Education
CUST_19558,2025-06-13,Investment,17945.24,679.0,Finance
CUST_19559,2025-06-13,Checking,9906.44,410.0,Unemployed
CUST_19560,2025-03-20,Checking,0.0,,Tech
CUST_19561,2025-01-08,Checking,0.0,714.0,Finance
CUST_19562,2025-06-03,Credit Card,0.0,454.0,Tech
CUST_19563,2025-02-05,Checking,5327.23,493.0,Tech
CUST_19564,2025-02-17,Savings,0.0,775.0,Tech
CUST_19565,2025-03-26,Savings,4552.86,320.0,Education
CUST_19566,2025-01-28,Checking,14767.81,408.0,Education
CUST_19567,2025-02-20,Checking,4112.0,698.0,Healthcare
CUST_19568,2025-04-14,Savings,9426.9,428.0,Unemployed
CUST_19569,2025-06-19,Savings,13817.26,808.0,Education
CUST_19570,2025-04-11,Checking,0.0,579.0,Unemployed
CUST_19571,2025-01-29,Credit Card,14788.73,726.0,Tech
CUST_19572,2025-05-07,Savings,0.0,326.0,Unemployed
CUST_19573,2025-03-23,Savings,1428.41,643.0,Retail
CUST_19574,2025-01-10,Credit Card,0.0,700.0,Unemployed
CUST_19575,2025-04-16,Checking,21108.3,594.0,Finance
CUST_19576,2025-06-16,Savings,0.0,495.0,Retail
CUST_19577,2025-01-01,Credit Card,25720.18,455.0,Tech
CUST_19578,2025-02-08,Checking,40877.42,739.0,Retail
CUST_19579,2025-01-21,Checking,0.0,400.0,Finance
CUST_19580,2025-03-06,Investment,0.0,799.0,Healthcare
CUST_19581,2025-01-15,Investment,14186.72,584.0,Healthcare
CUST_19582,2025-05-12,Savings,0.0,368.0,Unemployed
CUST_19583,2025-03-02,Savings,921.88,685.0,Unemployed
CUST_19584,2025-05-28,Savings,7638.16,751.0,Education
CUST_19585,2025-05-18,Savings,0.0,437.0,Retail
CUST_19586,2025-03-28,Savings,6229.75,547.0,Education
CUST_19587,2025-04-15,Savings,19231.04,402.0,Education
CUST_19588,2025-02-03,Investment,3825.27,809.0,Retail
CUST_19589,2025-05-04,Credit Card,0.0,674.0,Retail
CUST_19590,2025-04-20,Checking,22473.3,454.0,Finance
CUST_19591,2025-06-25,Checking,25835.52,386.0,Retail
CUST_19592,2025-02-02,Savings,10528.7,781.0,Retail
CUST_19593,2025-04-08,Savings,0.0,508.0,Unemployed
CUST_19594,2025-03-02,Savings,0.0,477.0,Education
CUST_19595,2025-01-10,Credit Card,0.0,557.0,Healthcare
CUST_19596,2025-03-25,Savings,0.0,572.0,Tech
CUST_19597,2025-03-06,Credit Card,20983.69,323.0,Healthcare
CUST_19598,2025-03-18,Checking,0.0,699.0,Retail
CUST_19599,2025-01-01,Savings,0.0,652.0,Tech
CUST_19600,2025-05-13,Savings,20343.27,600.0,Retail
CUST_19601,2025-03-21,Checking,22269.2,309.0,Unemployed
CUST_19602,2025-01-15,Investment,0.0,342.0,Finance
CUST_19603,2025-01-28,Credit Card,12641.73,350.0,Retail
CUST_19604,2025-01-23,Savings,0.0,406.0,Tech
CUST_19605,2025-04-19,Checking,-139.48,534.0,Unemployed
CUST_19606,2025-04-17,Savings,0.0,789.0,Finance
CUST_19607,2025-05-25,Investment,10401.53,774.0,Unknown
CUST_19608,2025-04-23,Credit Card,3456.3,591.0,Unemployed
CUST_19609,2025-04-08,Checking,0.0,,Tech
CUST_19610,2025-05-21,Checking,3619.55,,Finance
CUST_19611,2025-05-22,Checking,1774.24,724.0,Education
CUST_19612,2025-05-19,Savings,0.0,628.0,Unknown
CUST_19613,2025-01-28,Savings,10978.26,484.0,Unknown
CUST_19614,2025-02-11,Savings,530.76,805.0,Tech
CUST_19615,2025-04-09,Investment,2985.8,777.0,Education
CUST_19616,2025-03-02,Checking,0.0,313.0,Unemployed
CUST_19617,2025-05-03,Savings,3115.74,392.0,Unknown
CUST_19618,2025-03-05,Credit Card,2310.05,479.0,NA
CUST_19619,2025-01-31,Savings,0.0,604.0,Unknown
CUST_19620,2025-03-22,Savings,12973.16,774.0,Education
CUST_19621,2025-01-10,Savings,0.0,841.0,Retail
CUST_19622,2025-01-08,Checking,0.0,823.0,Healthcare
CUST_19623,2025-05-29,Checking,9649.32,410.0,Finance
CUST_19624,2025-02-28,Checking,36477.64,714.0,Tech
CUST_19625,2025-06-27,Credit Card,0.0,720.0,Unemployed
CUST_19626,2025-01-30,Savings,6329.41,710.0,Education
CUST_19627,2025-05-25,Credit Card,13218.54,,Unemployed
CUST_19628,2025-01-20,Savings,5950.22,628.0,Unknown
CUST_19629,2025-02-17,Credit Card,0.0,571.0,Retail
CUST_19630,2025-05-10,Checking,0.0,313.0,Tech
CUST_19631,2025-02-06,Checking,0.0,474.0,Unemployed
CUST_19632,2025-05-09,Checking,5057.99,457.0,Retail
CUST_19633,2025-05-12,Checking,0.0,533.0,Tech
CUST_19634,2025-04-10,Savings,11834.91,440.0,Retail
CUST_19635,2025-02-23,Credit Card,0.0,780.0,Retail
CUST_19636,2025-05-02,Savings,0.0,418.0,Healthcare
CUST_19637,2025-01-25,Savings,7498.25,,Education
CUST_19638,2025-05-11,Checking,8903.85,820.0,Finance
CUST_19639,2025-01-09,Credit Card,18069.26,709.0,Finance
CUST_19640,2025-02-03,Savings,1079.57,348.0,Tech
CUST_19641,2025-02-12,Investment,3413.28,669.0,Tech
CUST_19642,2025-03-15,Investment,0.0,632.0,Unemployed
CUST_19643,2025-04-04,Checking,26725.99,448.0,Unemployed
CUST_19644,2025-01-22,Checking,0.0,456.0,Healthcare
CUST_19645,2025-03-11,Credit Card,15872.52,451.0,Tech
CUST_19646,2025-05-10,Savings,15982.81,760.0,Finance
CUST_19647,2025-04-04,Checking,10998.54,675.0,Education
CUST_19648,2025-02-01,Investment,1439.14,724.0,Healthcare
CUST_19649,2025-04-16,Investment,-441.04,347.0,Unknown
CUST_19650,2025-05-24,Investment,4038.86,634.0,Tech
CUST_19651,2025-01-01,Savings,0.0,768.0,Unknown
CUST_19652,2025-03-13,Savings,4608.51,544.0,Unknown
CUST_19653,2025-06-25,Savings,27286.26,561.0,Healthcare
CUST_19654,2025-02-19,Checking,1612.23,549.0,Healthcare
CUST_19655,2025-05-21,Savings,4508.9,796.0,Healthcare
CUST_19656,2025-01-15,Savings,0.0,351.0,Tech
CUST_19657,2025-02-22,Checking,7785.31,788.0,Retail
CUST_19658,2025-06-21,Credit Card,0.0,441.0,Tech
CUST_19659,2025-01-08,Credit Card,17747.85,671.0,Tech
CUST_19660,2025-03-15,Credit Card,22119.92,550.0,Unemployed
CUST_19661,2025-02-15,Savings,25393.95,613.0,Tech
CUST_19662,2025-03-10,Savings,0.0,524.0,Tech
CUST_19663,2025-04-24,Credit Card,15840.66,355.0,Tech
CUST_19664,2025-05-27,Checking,14704.85,638.0,Healthcare
CUST_19665,2025-06-15,Checking,0.0,820.0,Unknown
CUST_19666,2025-05-03,Savings,22890.16,799.0,Healthcare
CUST_19667,2025-05-19,Savings,11216.68,783.0,Tech
CUST_19668,2025-04-27,Checking,25596.74,463.0,Unemployed
CUST_19669,2025-02-12,Credit Card,0.0,740.0,Education
CUST_19670,2025-01-20,Investment,0.0,432.0,Unemployed
CUST_19671,2025-05-28,Checking,6405.85,380.0,Education
CUST_19672,2025-01-21,Checking,22588.86,649.0,Retail
CUST_19673,2025-03-23,Credit Card,11821.99,433.0,Education
CUST_19674,2025-02-26,Checking,0.0,351.0,Finance
CUST_19675,2025-06-27,Checking,31645.13,793.0,Finance
CUST_19676,2025-03-15,Investment,579.39,501.0,Education
CUST_19677,2025-04-08,Credit Card,0.0,807.0,Tech
CUST_19678,2025-06-03,Investment,0.0,313.0,Education
CUST_19679,2025-06-07,Savings,0.0,684.0,Unknown
CUST_19680,2025-04-20,Checking,0.0,500.0,Finance
CUST_19681,2025-04-25,Credit Card,3251.1,464.0,Education
CUST_19682,2025-06-08,Savings,0.0,432.0,Healthcare
CUST_19683,2025-02-11,Credit Card,9705.02,418.0,Retail
CUST_19684,2025-03-09,Savings,19764.24,785.0,NA
CUST_19685,2025-03-11,Credit Card,10649.3,482.0,Unemployed
CUST_19686,2025-03-19,Checking,5659.82,757.0,Healthcare
CUST_19687,2025-03-31,Savings,0.0,634.0,Unknown
CUST_19688,2025-04-21,Checking,17690.74,530.0,Unknown
CUST_19689,2025-04-22,Checking,34198.46,610.0,Retail
CUST_19690,2025-04-13,Checking,26124.04,302.0,Tech
CUST_19691,2025-05-25,Checking,0.0,380.0,Retail
CUST_19692,2025-01-19,Credit Card,3830.49,574.0,Tech
CUST_19693,2025-06-28,Checking,759.05,687.0,Unknown
CUST_19694,2025-03-11,Checking,0.0,644.0,Finance
CUST_19695,2025-03-04,Savings,5406.17,518.0,Unknown
CUST_19696,2025-03-16,Investment,37476.23,362.0,Education
CUST_19697,2025-06-07,Savings,6610.36,739.0,Unknown
CUST_19698,2025-06-02,Checking,0.0,326.0,Unknown
CUST_19699,2025-04-14,Credit Card,9468.55,680.0,Finance
CUST_19700,2025-03-16,Savings,0.0,547.0,Finance
CUST_19701,2025-05-08,Checking,0.0,453.0,Finance
CUST_19702,2025-06-03,Savings,19793.48,509.0,Unknown
CUST_19703,2025-02-25,Credit Card,7825.16,,Education
CUST_19704,2025-01-22,Checking,36525.95,318.0,Tech
CUST_19705,2025-03-30,Credit Card,9015.21,808.0,Retail
CUST_19706,2025-01-19,Credit Card,0.0,728.0,Unknown
CUST_19707,2025-06-08,Checking,0.0,336.0,Tech
CUST_19708,2025-01-26,Credit Card,20024.68,706.0,Tech
CUST_19709,2025-06-19,Checking,0.0,723.0,Unknown
CUST_19710,2025-06-18,Savings,0.0,637.0,Healthcare
CUST_19711,2025-01-23,Checking,0.0,570.0,Education
CUST_19712,2025-02-16,Investment,19943.87,761.0,Tech
CUST_19713,2025-01-13,Checking,0.0,614.0,Unknown
CUST_19714,2025-03-07,Savings,0.0,357.0,Tech
CUST_19715,2025-05-24,Savings,23189.11,675.0,Finance
CUST_19716,2025-03-14,Checking,20629.25,755.0,Unemployed
CUST_19717,2025-06-05,Savings,30005.99,706.0,Healthcare
CUST_19718,2025-03-18,Checking,25269.96,684.0,Retail
CUST_19719,2025-06-12,Checking,20883.74,355.0,Unemployed
CUST_19720,2025-06-18,Checking,0.0,758.0,Healthcare
CUST_19721,2025-01-31,Savings,14885.43,774.0,Finance
CUST_19722,2025-03-26,Checking,23219.53,815.0,Finance
CUST_19723,2025-06-09,Credit Card,32836.97,316.0,Unknown
CUST_19724,2025-02-28,Investment,7566.87,732.0,Finance
CUST_19725,2025-02-10,Checking,0.0,536.0,Unknown
CUST_19726,2025-04-22,Savings,0.0,606.0,Education
CUST_19727,2025-04-06,Investment,19691.46,732.0,Unknown
CUST_19728,2025-06-17,Credit Card,0.0,323.0,Unemployed
CUST_19729,2025-05-02,Savings,6608.65,599.0,Finance
CUST_19730,2025-06-05,Savings,0.0,537.0,Tech
CUST_19731,2025-06-14,Savings,2616.18,791.0,Education
CUST_19732,2025-04-15,Savings,11584.79,587.0,Finance
CUST_19733,2025-03-15,Savings,9038.76,714.0,Education
CUST_19734,2025-05-12,Investment,16069.23,699.0,Tech
CUST_19735,2025-04-09,Checking,0.0,715.0,Unknown
CUST_19736,2025-05-06,Checking,3251.85,782.0,Finance
CUST_19737,2025-05-18,Credit Card,0.0,550.0,Unemployed
CUST_19738,2025-06-24,Credit Card,0.0,699.0,Unknown
CUST_19739,2025-03-16,Credit Card,0.0,440.0,Finance
CUST_19740,2025-01-14,Investment,0.0,677.0,Tech
CUST_19741,2025-02-07,Checking,10248.96,419.0,Finance
CUST_19742,2025-05-20,Investment,11002.08,637.0,Tech
CUST_19743,2025-02-14,Credit Card,18134.36,749.0,Finance
CUST_19744,2025-05-25,Savings,9920.94,460.0,Finance
CUST_19745,2025-06-12,Checking,7382.06,404.0,Healthcare
CUST_19746,2025-03-16,Checking,6183.37,391.0,Education
CUST_19747,2025-06-18,Investment,15134.87,784.0,Retail
CUST_19748,2025-01-29,Savings,0.0,718.0,Healthcare
CUST_19749,2025-01-18,Checking,4113.03,720.0,Healthcare
CUST_19750,2025-01-20,Savings,9758.03,353.0,Education
CUST_19751,2025-01-14,Savings,31844.46,813.0,Healthcare
CUST_19752,2025-06-11,Savings,0.0,396.0,Tech
CUST_19753,2025-06-26,Checking,0.0,484.0,Healthcare
CUST_19754,2025-02-23,Credit Card,0.0,732.0,Retail
CUST_19755,2025-01-31,Savings,0.0,770.0,Tech
CUST_19756,2025-02-27,Checking,2730.43,424.0,Unemployed
CUST_19757,2025-04-14,Savings,0.0,633.0,Education
CUST_19758,2025-06-19,Savings,0.0,563.0,Education
CUST_19759,2025-05-08,Checking,5343.93,490.0,Education
CUST_19760,2025-06-07,Savings,13734.59,520.0,Tech
CUST_19761,2025-01-25,Checking,5187.58,498.0,Education
CUST_19762,2025-01-19,Savings,5400.48,643.0,Education
CUST_19763,2025-05-16,Savings,11054.14,473.0,Retail
CUST_19764,2025-01-03,Checking,0.0,516.0,Finance
CUST_19765,2025-03-27,Checking,6934.92,505.0,Unknown
CUST_19766,2025-05-25,Savings,3876.01,672.0,Unemployed
CUST_19767,2025-05-22,Checking,4893.5,473.0,Finance
CUST_19768,2025-01-09,Credit Card,0.0,377.0,Finance
CUST_19769,2025-04-04,Credit Card,1917.91,622.0,Education
CUST_19770,2025-05-29,Savings,11039.7,683.0,Tech
CUST_19771,2025-06-14,Checking,29135.72,736.0,Education
CUST_19772,2025-05-19,Checking,0.0,498.0,Finance
CUST_19773,2025-01-20,Savings,13576.76,306.0,Retail
CUST_19774,2025-02-04,Credit Card,23267.95,562.0,Education
CUST_19775,2025-02-22,Investment,0.0,824.0,Education
CUST_19776,2025-06-24,Credit Card,2308.81,319.0,Education
CUST_19777,2025-04-20,Credit Card,9136.63,553.0,Tech
CUST_19778,2025-06-29,Credit Card,35134.2,479.0,Retail
CUST_19779,2025-05-16,Checking,37599.92,652.0,NA
CUST_19780,2025-01-04,Checking,0.0,514.0,Unknown
CUST_19781,2025-06-04,Credit Card,466.51,657.0,Retail
CUST_19782,2025-06-21,Checking,7992.36,519.0,Retail
CUST_19783,2025-06-17,Savings,13346.82,636.0,Finance
CUST_19784,2025-04-12,Savings,8011.97,618.0,Education
CUST_19785,2025-02-16,Credit Card,0.0,765.0,Unemployed
CUST_19786,2025-04-04,Savings,0.0,453.0,Retail
CUST_19787,2025-06-21,Checking,0.0,650.0,Healthcare
CUST_19788,2025-02-17,Investment,0.0,361.0,Healthcare
CUST_19789,2025-04-01,Credit Card,0.0,759.0,Unemployed
CUST_19790,2025-06-29,Investment,22422.83,539.0,Unknown
CUST_19791,2025-03-25,Checking,15654.18,489.0,Finance
CUST_19792,2025-03-09,Savings,13299.17,445.0,Healthcare
CUST_19793,2025-05-19,Credit Card,1659.27,821.0,Healthcare
CUST_19794,2025-05-05,Savings,4377.4,591.0,Healthcare
CUST_19795,2025-03-14,Checking,969.54,359.0,Finance
CUST_19796,2025-01-04,Savings,0.0,772.0,Education
CUST_19797,2025-03-17,Savings,14715.3,372.0,Finance
CUST_19798,2025-03-14,Checking,17790.18,538.0,Tech
CUST_19799,2025-03-18,Savings,0.0,715.0,Tech
CUST_19800,2025-02-17,Checking,0.0,478.0,Healthcare
CUST_19801,2025-06-03,Credit Card,10276.51,366.0,Healthcare
CUST_19802,2025-04-12,Savings,10144.23,376.0,Education
CUST_19803,2025-04-16,Savings,15990.14,547.0,Unknown
CUST_19804,2025-03-18,Checking,26203.6,367.0,Unemployed
CUST_19805,2025-02-08,Checking,0.0,398.0,Healthcare
CUST_19806,2025-02-27,Investment,3770.08,844.0,Tech
CUST_19807,2025-01-19,Savings,0.0,841.0,Healthcare
CUST_19808,2025-03-29,Credit Card,0.0,837.0,Education
CUST_19809,2025-04-23,Checking,0.0,623.0,Tech
CUST_19810,2025-03-18,Checking,26605.34,422.0,Healthcare
CUST_19811,2025-03-18,Savings,21572.27,332.0,Education
CUST_19812,2025-01-28,Checking,3877.65,444.0,Unknown
CUST_19813,2025-03-07,Savings,0.0,816.0,Unknown
CUST_19814,2025-01-10,Savings,10891.67,609.0,Education
CUST_19815,2025-05-06,Checking,10545.08,443.0,Tech
CUST_19816,2025-02-27,Credit Card,0.0,816.0,Tech
CUST_19817,2025-05-22,Credit Card,17460.45,494.0,Unemployed
CUST_19818,2025-05-05,Checking,0.0,782.0,Tech
CUST_19819,2025-04-22,Checking,17416.08,774.0,Unknown
CUST_19820,2025-03-25,Checking,8615.98,468.0,Education
CUST_19821,2025-05-23,Investment,0.0,482.0,Tech
CUST_19822,2025-04-06,Checking,-422.15,412.0,Unknown
CUST_19823,2025-02-02,Savings,7169.77,575.0,Unknown
CUST_19824,2025-05-25,Savings,9502.37,775.0,Tech
CUST_19825,2025-06-01,Checking,20497.66,,Education
CUST_19826,2025-06-07,Checking,22366.61,590.0,Unemployed
CUST_19827,2025-05-21,Savings,1420.63,733.0,Education
CUST_19828,2025-02-16,Credit Card,13389.83,762.0,Tech
CUST_19829,2025-04-22,Credit Card,29119.04,716.0,Tech
CUST_19830,2025-05-24,Checking,0.0,437.0,Unknown
CUST_19831,2025-02-12,Savings,0.0,788.0,Tech
CUST_19832,2025-01-08,Savings,0.0,467.0,Unemployed
CUST_19833,2025-01-03,Investment,0.0,433.0,Unknown
CUST_19834,2025-05-05,Credit Card,8086.72,460.0,Education
CUST_19835,2025-01-12,Savings,0.0,676.0,Retail
CUST_19836,2025-03-25,Savings,11555.67,629.0,Finance
CUST_19837,2025-01-16,Checking,0.0,694.0,Healthcare
CUST_19838,2025-03-19,Savings,4059.89,471.0,Finance
CUST_19839,2025-02-28,Checking,0.0,769.0,Unemployed
CUST_19840,2025-06-26,Investment,3466.09,721.0,Education
CUST_19841,2025-03-04,Savings,30187.99,555.0,Unknown
CUST_19842,2025-02-18,Savings,0.0,419.0,Retail
CUST_19843,2025-02-20,Credit Card,0.0,318.0,Unemployed
CUST_19844,2025-02-02,Savings,23206.58,546.0,Unknown
CUST_19845,2025-01-30,Investment,13136.72,504.0,Education
CUST_19846,2025-03-17,Checking,6410.64,719.0,Tech
CUST_19847,2025-01-15,Investment,13520.78,366.0,Unemployed
CUST_19848,2025-03-23,Savings,6237.74,641.0,Healthcare
CUST_19849,2025-04-02,Savings,29648.99,644.0,Finance
CUST_19850,2025-01-23,Checking,16279.99,686.0,Education
CUST_19851,2025-04-04,Checking,0.0,641.0,Retail
CUST_19852,2025-02-14,Savings,27379.32,407.0,Tech
CUST_19853,2025-03-03,Investment,32299.77,701.0,Retail
CUST_19854,2025-01-15,Credit Card,18655.46,601.0,Healthcare
CUST_19855,2025-02-15,Checking,11103.94,406.0,Retail
CUST_19856,2025-03-05,Savings,0.0,776.0,Retail
CUST_19857,2025-06-23,Credit Card,15284.89,636.0,NA
CUST_19858,2025-06-21,Credit Card,10820.39,759.0,Tech
CUST_19859,2025-03-16,Checking,4597.96,612.0,Retail
CUST_19860,2025-06-06,Investment,15489.02,453.0,Tech
CUST_19861,2025-02-21,Savings,6305.86,648.0,Healthcare
CUST_19862,2025-03-29,Savings,13231.75,828.0,Education
CUST_19863,2025-02-26,Savings,20537.43,599.0,Tech
CUST_19864,2025-03-24,Credit Card,0.0,833.0,Unemployed
CUST_19865,2025-03-07,Checking,0.0,535.0,Unknown
CUST_19866,2025-05-30,Savings,0.0,510.0,Unemployed
CUST_19867,2025-01-20,Savings,34100.14,585.0,Education
CUST_19868,2025-02-02,Savings,14502.12,722.0,Unknown
CUST_19869,2025-03-13,Savings,15899.29,793.0,Unknown
CUST_19870,2025-01-25,Checking,21941.57,718.0,Unknown
CUST_19871,2025-02-15,Savings,0.0,644.0,Finance
CUST_19872,2025-03-14,Savings,0.0,822.0,Retail
CUST_19873,2025-04-08,Credit Card,4057.07,618.0,Education
CUST_19874,2025-02-26,Checking,18463.58,641.0,Retail
CUST_19875,2025-03-28,Credit Card,2036.11,678.0,Tech
CUST_19876,2025-05-13,Savings,0.0,845.0,Retail
CUST_19877,2025-02-24,Savings,0.0,507.0,Unknown
CUST_19878,2025-03-02,Checking,0.0,485.0,NA
CUST_19879,2025-03-30,Savings,0.0,316.0,Unemployed
CUST_19880,2025-01-08,Savings,0.0,589.0,Education
CUST_19881,2025-01-16,Credit Card,7201.69,553.0,Retail
CUST_19882,2025-06-25,Investment,0.0,745.0,Education
CUST_19883,2025-04-26,Savings,14501.48,755.0,Education
CUST_19884,2025-03-02,Savings,0.0,446.0,Healthcare
CUST_19885,2025-01-15,Investment,8830.2,413.0,Tech
CUST_19886,2025-05-30,Savings,4436.01,396.0,Retail
CUST_19887,2025-05-11,Checking,10940.43,681.0,Finance
CUST_19888,2025-04-12,Investment,13050.7,675.0,Unknown
CUST_19889,2025-02-23,Investment,14654.67,805.0,Education
CUST_19890,2025-01-14,Checking,17461.36,621.0,Tech
CUST_19891,2025-02-05,Savings,13134.37,627.0,Finance
CUST_19892,2025-04-15,Savings,9467.99,648.0,Education
CUST_19893,2025-03-23,Credit Card,0.0,469.0,Finance
CUST_19894,2025-03-08,Investment,17761.06,606.0,Retail
CUST_19895,2025-01-10,Checking,0.0,498.0,Retail
CUST_19896,2025-02-18,Credit Card,621.3,476.0,Unemployed
CUST_19897,2025-04-21,Credit Card,0.0,423.0,Education
CUST_19898,2025-03-06,Checking,0.0,456.0,Education
CUST_19899,2025-02-26,Credit Card,244.98,585.0,Unemployed
CUST_19900,2025-01-27,Checking,1504.57,534.0,Retail
CUST_19901,2025-04-23,Checking,0.0,593.0,Tech
CUST_19902,2025-05-13,Savings,5329.45,317.0,Finance
CUST_19903,2025-03-12,Credit Card,7351.41,473.0,Education
CUST_19904,2025-03-24,Checking,0.0,702.0,Education
CUST_19905,2025-02-26,Savings,39344.59,680.0,Healthcare
CUST_19906,2025-04-30,Credit Card,9990.47,419.0,Finance
CUST_19907,2025-04-03,Checking,6773.97,395.0,Unemployed
CUST_19908,2025-01-15,Investment,0.0,330.0,Unknown
CUST_19909,2025-04-21,Savings,7067.63,396.0,Retail
CUST_19910,2025-04-11,Checking,8612.04,769.0,NA
CUST_19911,2025-04-29,Savings,4947.89,345.0,Education
CUST_19912,2025-03-17,Investment,26279.77,535.0,Education
CUST_19913,2025-06-07,Savings,0.0,636.0,Retail
CUST_19914,2025-01-20,Checking,0.0,584.0,Unknown
CUST_19915,2025-06-14,Credit Card,15707.53,433.0,Finance
CUST_19916,2025-05-11,Savings,0.0,838.0,Tech
CUST_19917,2025-03-14,Investment,0.0,559.0,Retail
CUST_19918,2025-05-02,Credit Card,0.0,802.0,Tech
CUST_19919,2025-02-10,Savings,20659.04,479.0,Education
CUST_19920,2025-06-16,Savings,0.0,566.0,Tech
CUST_19921,2025-06-03,Savings,-346.4,383.0,Tech
CUST_19922,2025-05-10,Savings,11322.23,709.0,Retail
CUST_19923,2025-01-23,Credit Card,0.0,455.0,Unemployed
CUST_19924,2025-01-23,Investment,0.0,789.0,Education
CUST_19925,2025-05-24,Savings,0.0,627.0,Finance
CUST_19926,2025-01-09,Checking,0.0,645.0,Healthcare
CUST_19927,2025-01-13,Checking,0.0,396.0,Tech
CUST_19928,2025-06-05,Savings,1140.75,482.0,Education
CUST_19929,2025-06-04,Savings,20963.51,626.0,Healthcare
CUST_19930,2025-02-20,Savings,28742.14,677.0,Finance
CUST_19931,2025-03-05,Checking,23747.23,386.0,Healthcare
CUST_19932,2025-02-21,Checking,7065.43,434.0,Finance
CUST_19933,2025-02-07,Credit Card,29882.75,389.0,Unemployed
CUST_19934,2025-04-10,Savings,39542.89,787.0,Healthcare
CUST_19935,2025-05-26,Credit Card,7719.17,388.0,NA
CUST_19936,2025-02-20,Checking,0.0,592.0,Unemployed
CUST_19937,2025-05-17,Credit Card,24679.05,745.0,Unknown
CUST_19938,2025-05-21,Checking,0.0,698.0,Unknown
CUST_19939,2025-06-17,Credit Card,0.0,813.0,Tech
CUST_19940,2025-02-24,Credit Card,0.0,694.0,Healthcare
CUST_19941,2025-04-19,Checking,15911.2,316.0,Finance
CUST_19942,2025-06-20,Savings,0.0,541.0,Education
CUST_19943,2025-02-13,Investment,19892.77,843.0,Retail
CUST_19944,2025-04-20,Credit Card,32141.63,303.0,Unemployed
CUST_19945,2025-06-10,Investment,30916.64,580.0,Healthcare
CUST_19946,2025-06-01,Credit Card,0.0,832.0,Unemployed
CUST_19947,2025-06-13,Checking,0.0,770.0,Healthcare
CUST_19948,2025-05-08,Savings,0.0,537.0,Healthcare
CUST_19949,2025-04-15,Savings,18187.88,,Healthcare
CUST_19950,2025-01-10,Investment,23056.83,388.0,Retail
CUST_19951,2025-04-10,Savings,14967.49,412.0,Healthcare
CUST_19952,2025-05-28,Savings,12920.08,441.0,Unemployed
CUST_19953,2025-04-19,Credit Card,40415.07,350.0,Tech
CUST_19954,2025-04-18,Credit Card,0.0,507.0,Tech
CUST_19955,2025-05-20,Savings,0.0,822.0,Education
CUST_19956,2025-05-26,Savings,0.0,807.0,Retail
CUST_19957,2025-04-04,Checking,11494.49,569.0,Unemployed
CUST_19958,2025-03-04,Savings,2306.73,562.0,Unknown
CUST_19959,2025-03-25,Credit Card,17374.69,485.0,Education
CUST_19960,2025-01-25,Savings,0.0,520.0,Tech
CUST_19961,2025-01-12,Credit Card,14431.73,380.0,Healthcare
CUST_19962,2025-05-29,Credit Card,0.0,708.0,Healthcare
CUST_19963,2025-01-25,Checking,2559.43,385.0,Finance
CUST_19964,2025-01-11,Savings,3980.15,403.0,Retail
CUST_19965,2025-03-05,Checking,0.0,583.0,Finance
CUST_19966,2025-05-06,Checking,2900.23,759.0,Retail
CUST_19967,2025-02-19,Savings,13432.14,760.0,Retail
CUST_19968,2025-03-30,Credit Card,0.0,420.0,Healthcare
CUST_19969,2025-04-09,Checking,33651.84,651.0,Healthcare
CUST_19970,2025-04-26,Credit Card,5073.29,739.0,Education
CUST_19971,2025-04-06,Savings,0.0,488.0,Tech
CUST_19972,2025-06-26,Savings,0.0,849.0,Tech
CUST_19973,2025-01-14,Investment,25557.67,528.0,NA
CUST_19974,2025-01-01,Checking,0.0,685.0,Tech
CUST_19975,2025-01-25,Checking,9471.46,430.0,Retail
CUST_19976,2025-03-13,Checking,18245.54,470.0,Tech
CUST_19977,2025-03-10,Savings,13313.24,629.0,Unemployed
CUST_19978,2025-05-13,Credit Card,0.0,334.0,Education
CUST_19979,2025-04-15,Savings,17588.33,500.0,Tech
CUST_19980,2025-05-27,Checking,7336.65,467.0,Tech
CUST_19981,2025-01-23,Checking,0.0,808.0,Unknown
CUST_19982,2025-01-09,Investment,23348.98,810.0,Education
CUST_19983,2025-04-28,Checking,0.0,545.0,Education
CUST_19984,2025-04-04,Savings,2365.94,523.0,Healthcare
CUST_19985,2025-06-27,Checking,9641.98,640.0,Education
CUST_19986,2025-05-24,Savings,0.0,836.0,Unemployed
CUST_19987,2025-02-02,Savings,16353.62,739.0,Healthcare
CUST_19988,2025-05-10,Savings,0.0,843.0,Retail
CUST_19989,2025-01-14,Checking,0.0,449.0,Finance
CUST_19990,2025-01-01,Savings,23385.85,655.0,Tech
CUST_19991,2025-03-31,Checking,5379.16,832.0,Education
CUST_19992,2025-03-30,Investment,0.0,672.0,Tech
CUST_19993,2025-05-24,Credit Card,6180.92,711.0,Retail
CUST_19994,2025-03-31,Savings,11024.81,551.0,Finance
CUST_19995,2025-06-24,Savings,0.0,313.0,Education
CUST_19996,2025-06-21,Checking,29814.26,514.0,Unknown
CUST_19997,2025-01-14,Credit Card,31841.05,835.0,Healthcare
CUST_19998,2025-06-01,Savings,6800.01,319.0,Healthcare
CUST_19999,2025-04-21,Credit Card,1998.78,787.0,Education
